{"id": 30423522, "competitionId": 30067, "createTime": {"seconds": 1636615283}, "endTime": {"seconds": 1636615283}, "agents": [{"id": 75941642, "state": 2, "submissionId": 22897792, "reward": 0, "index": 0, "initialScore": 1181.2513240222322, "initialConfidence": 35.0, "updatedScore": 1178.195006993939, "updatedConfidence": 35.0, "teamId": 99999}, {"id": 75941643, "state": 2, "submissionId": 23692494, "reward": 230012, "index": 1, "initialScore": 1272.6205933141011, "initialConfidence": 61.27018239781627, "updatedScore": 1281.9867336101283, "updatedConfidence": 60.01765558412021, "teamId": 99999}]}