{"id": 29607171, "competitionId": 30067, "createTime": {"seconds": 1635837133}, "endTime": {"seconds": 1635837133}, "agents": [{"id": 74308940, "state": 2, "submissionId": 23308353, "reward": 60006, "index": 0, "initialScore": 1694.9179590111592, "initialConfidence": 35.0, "updatedScore": 1693.3089167638148, "updatedConfidence": 35.0, "teamId": 99999}, {"id": 74308941, "state": 2, "submissionId": 23281649, "reward": 280012, "index": 1, "initialScore": 1913.776984449788, "initialConfidence": 35.0, "updatedScore": 1915.3860266971324, "updatedConfidence": 35.0, "teamId": 99999}]}