{"id": 30996765, "competitionId": 30067, "createTime": {"seconds": 1637097856}, "endTime": {"seconds": 1637097856}, "agents": [{"id": 77088128, "state": 2, "submissionId": 23825329, "reward": 700065, "index": 0, "initialScore": 1706.423807426917, "initialConfidence": 41.541915836280914, "updatedScore": 1712.3322764949985, "updatedConfidence": 41.07587947646595, "teamId": 99999}, {"id": 77088129, "state": 2, "submissionId": 23551906, "reward": 490049, "index": 1, "initialScore": 1689.363519133597, "initialConfidence": 35.0, "updatedScore": 1685.169426562168, "updatedConfidence": 35.0, "teamId": 99999}]}