{"id": 28415469, "competitionId": 30067, "createTime": {"seconds": 1634492401}, "endTime": {"seconds": 1634492401}, "agents": [{"id": 71927538, "state": 2, "submissionId": 23129246, "reward": 160016, "index": 0, "initialScore": 1443.8576877682854, "initialConfidence": 35.0, "updatedScore": 1439.663097190051, "updatedConfidence": 35.0, "teamId": 99999}, {"id": 71927539, "state": 2, "submissionId": 23281649, "reward": 420028, "index": 1, "initialScore": 1459.670716073352, "initialConfidence": 46.85435020443334, "updatedScore": 1467.187867985458, "updatedConfidence": 46.18971325648946, "teamId": 99999}]}