{"id": 31193305, "competitionId": 30067, "createTime": {"seconds": 1637254721}, "endTime": {"seconds": 1637254721}, "agents": [{"id": 77481208, "state": 2, "submissionId": 23692494, "reward": 1680027, "index": 0, "initialScore": 1871.3969521136853, "initialConfidence": 35.0, "updatedScore": 1874.84579410896, "updatedConfidence": 35.0, "teamId": 99999}, {"id": 77481209, "state": 2, "submissionId": 23608696, "reward": 270027, "index": 1, "initialScore": 1804.279288494944, "initialConfidence": 35.0, "updatedScore": 1800.8304464996695, "updatedConfidence": 35.0, "teamId": 99999}]}