{"id": 30768688, "competitionId": 30067, "createTime": {"seconds": 1636909926}, "endTime": {"seconds": 1636909926}, "agents": [{"id": 76631974, "state": 2, "submissionId": 23692494, "reward": 1280022, "index": 0, "initialScore": 1685.8675805598973, "initialConfidence": 35.0, "updatedScore": 1691.5234598614286, "updatedConfidence": 35.0, "teamId": 99999}, {"id": 76631975, "state": 2, "submissionId": 23552447, "reward": 140014, "index": 1, "initialScore": 1753.2899216886708, "initialConfidence": 35.0, "updatedScore": 1747.6340423871395, "updatedConfidence": 35.0, "teamId": 99999}]}