{"id": 28833711, "competitionId": 30067, "createTime": {"seconds": 1634995942}, "endTime": {"seconds": 1634995942}, "agents": [{"id": 72764022, "state": 2, "submissionId": 23243815, "reward": 210010, "index": 0, "initialScore": 1638.0472275229597, "initialConfidence": 35.0, "updatedScore": 1635.0331079125915, "updatedConfidence": 35.0, "teamId": 99999}, {"id": 72764023, "state": 2, "submissionId": 23297953, "reward": 1060040, "index": 1, "initialScore": 1735.9768323016824, "initialConfidence": 35.0, "updatedScore": 1738.9909519120506, "updatedConfidence": 35.0, "teamId": 99999}]}