{"id": 32119203, "competitionId": 30067, "createTime": {"seconds": 1637936053}, "endTime": {"seconds": 1637936053}, "agents": [{"id": 79333004, "state": 2, "submissionId": 23909489, "reward": 1380042, "index": 0, "initialScore": 1730.5545680881344, "initialConfidence": 35.0, "updatedScore": 1727.9130614202093, "updatedConfidence": 35.0, "teamId": 99999}, {"id": 79333005, "state": 2, "submissionId": 23825329, "reward": 1830183, "index": 1, "initialScore": 1856.7596196735687, "initialConfidence": 35.0, "updatedScore": 1859.4011263414936, "updatedConfidence": 35.0, "teamId": 99999}]}