{"id": 31738131, "competitionId": 30067, "createTime": {"seconds": 1637667147}, "endTime": {"seconds": 1637667147}, "agents": [{"id": 78570860, "state": 2, "submissionId": 23551906, "reward": 0, "index": 0, "initialScore": 1699.5308848514587, "initialConfidence": 35.0, "updatedScore": 1696.6283273188617, "updatedConfidence": 35.0, "teamId": 99999}, {"id": 78570861, "state": 2, "submissionId": 23825370, "reward": 200016, "index": 1, "initialScore": 1805.724346994332, "initialConfidence": 35.0, "updatedScore": 1808.6269045269291, "updatedConfidence": 35.0, "teamId": 99999}]}