{"id": 32119304, "competitionId": 30067, "createTime": {"seconds": 1637936286}, "endTime": {"seconds": 1637936286}, "agents": [{"id": 79333206, "state": 2, "submissionId": 23032370, "reward": 710036, "index": 0, "initialScore": 1798.158652674118, "initialConfidence": 35.0, "updatedScore": 1794.381253403929, "updatedConfidence": 35.0, "teamId": 99999}, {"id": 79333207, "state": 2, "submissionId": 23825370, "reward": 1070101, "index": 1, "initialScore": 1843.2289009877827, "initialConfidence": 35.0, "updatedScore": 1847.006300257972, "updatedConfidence": 35.0, "teamId": 99999}]}