{"id": 30729948, "competitionId": 30067, "createTime": {"seconds": 1636877530}, "endTime": {"seconds": 1636877530}, "agents": [{"id": 76554494, "state": 2, "submissionId": 23281649, "reward": 210012, "index": 0, "initialScore": 1981.4980653858129, "initialConfidence": 35.0, "updatedScore": 1982.9483001356111, "updatedConfidence": 35.0, "teamId": 99999}, {"id": 76554495, "state": 2, "submissionId": 23642611, "reward": 10001, "index": 1, "initialScore": 1745.43728761414, "initialConfidence": 35.0, "updatedScore": 1743.9870528643414, "updatedConfidence": 35.0, "teamId": 99999}]}