{"id": 31938324, "competitionId": 30067, "createTime": {"seconds": 1637809251}, "endTime": {"seconds": 1637809251}, "agents": [{"id": 78971246, "state": 2, "submissionId": 23297953, "reward": 960025, "index": 0, "initialScore": 1959.2275381099969, "initialConfidence": 35.0, "updatedScore": 1962.3434214812644, "updatedConfidence": 35.0, "teamId": 99999}, {"id": 78971247, "state": 2, "submissionId": 23825224, "reward": 480041, "index": 1, "initialScore": 1868.7003239713863, "initialConfidence": 35.0, "updatedScore": 1865.584440600119, "updatedConfidence": 35.0, "teamId": 99999}]}