{"id": 28416624, "competitionId": 30067, "createTime": {"seconds": 1634493843}, "endTime": {"seconds": 1634493843}, "agents": [{"id": 71929848, "state": 2, "submissionId": 23081800, "reward": 50007, "index": 0, "initialScore": 1427.333797283496, "initialConfidence": 35.0, "updatedScore": 1423.6026869663283, "updatedConfidence": 35.0, "teamId": 99999}, {"id": 71929849, "state": 2, "submissionId": 23281649, "reward": 560024, "index": 1, "initialScore": 1474.1661058368663, "initialConfidence": 42.88470570222567, "updatedScore": 1479.7676384566826, "updatedConfidence": 42.39946235781383, "teamId": 99999}]}