{"id": 31571870, "competitionId": 30067, "createTime": {"seconds": 1637543408}, "endTime": {"seconds": 1637543408}, "agents": [{"id": 78238338, "state": 2, "submissionId": 23825370, "reward": 220021, "index": 0, "initialScore": 1775.7595865233757, "initialConfidence": 35.0, "updatedScore": 1770.0344685167458, "updatedConfidence": 35.0, "teamId": 99999}, {"id": 78238339, "state": 2, "submissionId": 23883228, "reward": 290011, "index": 1, "initialScore": 1704.510035065085, "initialConfidence": 35.0, "updatedScore": 1710.2351530717149, "updatedConfidence": 35.0, "teamId": 99999}]}