{"id": 29257255, "competitionId": 30067, "createTime": {"seconds": 1635463189}, "endTime": {"seconds": 1635463189}, "agents": [{"id": 73609110, "state": 2, "submissionId": 23308353, "reward": 310031, "index": 0, "initialScore": 1675.1870672547377, "initialConfidence": 35.0, "updatedScore": 1673.203582107892, "updatedConfidence": 35.0, "teamId": 99999}, {"id": 73609111, "state": 2, "submissionId": 23297953, "reward": 1120031, "index": 1, "initialScore": 1857.2591308785, "initialConfidence": 35.0, "updatedScore": 1859.242616025345, "updatedConfidence": 35.0, "teamId": 99999}]}