{"id": 30991690, "competitionId": 30067, "createTime": {"seconds": 1637093745}, "endTime": {"seconds": 1637093745}, "agents": [{"id": 77077978, "state": 2, "submissionId": 23554433, "reward": 450045, "index": 0, "initialScore": 1796.2281023941002, "initialConfidence": 35.0, "updatedScore": 1803.848031690118, "updatedConfidence": 35.0, "teamId": 99999}, {"id": 77077979, "state": 2, "submissionId": 23281649, "reward": 430020, "index": 1, "initialScore": 1966.5787792412088, "initialConfidence": 35.0, "updatedScore": 1958.958849945191, "updatedConfidence": 35.0, "teamId": 99999}]}