{"id": 30001302, "competitionId": 30067, "createTime": {"seconds": 1636234870}, "endTime": {"seconds": 1636234870}, "agents": [{"id": 75097202, "state": 2, "submissionId": 23323058, "reward": 20003, "index": 0, "initialScore": 1756.0586538486152, "initialConfidence": 35.0, "updatedScore": 1754.2934385300086, "updatedConfidence": 35.0, "teamId": 99999}, {"id": 75097203, "state": 2, "submissionId": 23297953, "reward": 160006, "index": 1, "initialScore": 1959.0031220442677, "initialConfidence": 35.0, "updatedScore": 1960.768337362874, "updatedConfidence": 35.0, "teamId": 99999}]}