{"id": 28726487, "competitionId": 30067, "createTime": {"seconds": 1634872042}, "endTime": {"seconds": 1634872042}, "agents": [{"id": 72549574, "state": 2, "submissionId": 23297953, "reward": 840011, "index": 0, "initialScore": 1671.0469265666811, "initialConfidence": 35.0, "updatedScore": 1675.2065759782774, "updatedConfidence": 35.0, "teamId": 99999}, {"id": 72549575, "state": 2, "submissionId": 23129375, "reward": 60008, "index": 1, "initialScore": 1650.533163751553, "initialConfidence": 35.0, "updatedScore": 1646.3735143399567, "updatedConfidence": 35.0, "teamId": 99999}]}