{"id": 31414915, "competitionId": 30067, "createTime": {"seconds": 1637426014}, "endTime": {"seconds": 1637426014}, "agents": [{"id": 77924428, "state": 2, "submissionId": 23825266, "reward": 1150110, "index": 0, "initialScore": 1764.9621052376838, "initialConfidence": 35.0, "updatedScore": 1769.0084762385732, "updatedConfidence": 35.0, "teamId": 99999}, {"id": 77924429, "state": 2, "submissionId": 23790156, "reward": 0, "index": 1, "initialScore": 1737.2819562286747, "initialConfidence": 35.0, "updatedScore": 1733.2355852277854, "updatedConfidence": 35.0, "teamId": 99999}]}