{"id": 31541676, "competitionId": 30067, "createTime": {"seconds": 1637521087}, "endTime": {"seconds": 1637521087}, "agents": [{"id": 78177950, "state": 2, "submissionId": 23825224, "reward": 1090108, "index": 0, "initialScore": 1852.1578267009625, "initialConfidence": 35.0, "updatedScore": 1849.3099582777595, "updatedConfidence": 35.0, "teamId": 99999}, {"id": 78177951, "state": 2, "submissionId": 23281649, "reward": 1450039, "index": 1, "initialScore": 1962.4624907827424, "initialConfidence": 35.0, "updatedScore": 1965.3103592059451, "updatedConfidence": 35.0, "teamId": 99999}]}