{"id": 31388631, "competitionId": 30067, "createTime": {"seconds": 1637405928}, "endTime": {"seconds": 1637405928}, "agents": [{"id": 77871860, "state": 2, "submissionId": 23674326, "reward": 10002, "index": 0, "initialScore": 1730.9292456770595, "initialConfidence": 35.0, "updatedScore": 1727.1558619693092, "updatedConfidence": 35.0, "teamId": 99999}, {"id": 77871861, "state": 2, "submissionId": 23825143, "reward": 510042, "index": 1, "initialScore": 1776.2633620471163, "initialConfidence": 35.0, "updatedScore": 1780.036745754867, "updatedConfidence": 35.0, "teamId": 99999}]}