{"id": 29722766, "competitionId": 30067, "createTime": {"seconds": 1635969522}, "endTime": {"seconds": 1635969522}, "agents": [{"id": 74540130, "state": 2, "submissionId": 23297953, "reward": 1160040, "index": 0, "initialScore": 1940.1743745478063, "initialConfidence": 35.0, "updatedScore": 1941.7728874039303, "updatedConfidence": 35.0, "teamId": 99999}, {"id": 74540131, "state": 2, "submissionId": 23323058, "reward": 330033, "index": 1, "initialScore": 1720.2086771640472, "initialConfidence": 35.0, "updatedScore": 1718.610164307923, "updatedConfidence": 35.0, "teamId": 99999}]}