{"id": 29597779, "competitionId": 30067, "createTime": {"seconds": 1635818653}, "endTime": {"seconds": 1635818653}, "agents": [{"id": 74290156, "state": 2, "submissionId": 23323058, "reward": 0, "index": 0, "initialScore": 1712.269698910104, "initialConfidence": 35.0, "updatedScore": 1710.4716490146325, "updatedConfidence": 35.0, "teamId": 99999}, {"id": 74290157, "state": 2, "submissionId": 23281649, "reward": 80007, "index": 1, "initialScore": 1911.9789345543163, "initialConfidence": 35.0, "updatedScore": 1913.776984449788, "updatedConfidence": 35.0, "teamId": 99999}]}