{"id": 31016229, "competitionId": 30067, "createTime": {"seconds": 1637113457}, "endTime": {"seconds": 1637113457}, "agents": [{"id": 77127056, "state": 2, "submissionId": 23600395, "reward": 680061, "index": 0, "initialScore": 1697.5709190575071, "initialConfidence": 35.0, "updatedScore": 1693.5069080460803, "updatedConfidence": 35.0, "teamId": 99999}, {"id": 77127057, "state": 2, "submissionId": 23825329, "reward": 1020141, "index": 1, "initialScore": 1723.171398638108, "initialConfidence": 40.20978838237836, "updatedScore": 1728.5353195065393, "updatedConfidence": 39.79250491982346, "teamId": 99999}]}