{"id": 30373559, "competitionId": 30067, "createTime": {"seconds": 1636571371}, "endTime": {"seconds": 1636571371}, "agents": [{"id": 75841716, "state": 2, "submissionId": 23281649, "reward": 140009, "index": 0, "initialScore": 1966.623201712632, "initialConfidence": 35.0, "updatedScore": 1968.6128824114776, "updatedConfidence": 35.0, "teamId": 99999}, {"id": 75841717, "state": 2, "submissionId": 23554491, "reward": 20000, "index": 1, "initialScore": 1785.1231473742173, "initialConfidence": 35.0, "updatedScore": 1783.1334666753712, "updatedConfidence": 35.0, "teamId": 99999}]}