{"id": 28547216, "competitionId": 30067, "createTime": {"seconds": 1634656764}, "endTime": {"seconds": 1634656764}, "agents": [{"id": 72191032, "state": 2, "submissionId": 23297953, "reward": 930027, "index": 0, "initialScore": 1552.7447121142072, "initialConfidence": 36.36765962715686, "updatedScore": 1555.707234709888, "updatedConfidence": 36.11237001460087, "teamId": 99999}, {"id": 72191033, "state": 2, "submissionId": 23114522, "reward": 60007, "index": 1, "initialScore": 1434.6038382547597, "initialConfidence": 35.0, "updatedScore": 1431.8599460070302, "updatedConfidence": 35.0, "teamId": 99999}]}