{"id": 31265539, "competitionId": 30067, "createTime": {"seconds": 1637310880}, "endTime": {"seconds": 1637310880}, "agents": [{"id": 77625676, "state": 2, "submissionId": 23692494, "reward": 1920041, "index": 0, "initialScore": 1889.2762641857728, "initialConfidence": 35.0, "updatedScore": 1892.222928150288, "updatedConfidence": 35.0, "teamId": 99999}, {"id": 77625677, "state": 2, "submissionId": 23608696, "reward": 340034, "index": 1, "initialScore": 1786.3692112758129, "initialConfidence": 35.0, "updatedScore": 1783.4225473112974, "updatedConfidence": 35.0, "teamId": 99999}]}