{"id": 29383949, "competitionId": 30067, "createTime": {"seconds": 1635596573}, "endTime": {"seconds": 1635596573}, "agents": [{"id": 73862498, "state": 2, "submissionId": 23323058, "reward": 540054, "index": 0, "initialScore": 1702.2357341765703, "initialConfidence": 35.0, "updatedScore": 1700.3012097119563, "updatedConfidence": 35.0, "teamId": 99999}, {"id": 73862499, "state": 2, "submissionId": 23281649, "reward": 990035, "index": 1, "initialScore": 1888.8656710960213, "initialConfidence": 35.0, "updatedScore": 1890.8001955606355, "updatedConfidence": 35.0, "teamId": 99999}]}