{"id": 31077624, "competitionId": 30067, "createTime": {"seconds": 1637162786}, "endTime": {"seconds": 1637162786}, "agents": [{"id": 77249846, "state": 2, "submissionId": 23353472, "reward": 10003, "index": 0, "initialScore": 1672.3749799286634, "initialConfidence": 35.0, "updatedScore": 1667.3901686841791, "updatedConfidence": 35.0, "teamId": 99999}, {"id": 77249847, "state": 2, "submissionId": 23825266, "reward": 3510267, "index": 1, "initialScore": 1642.5373860422835, "initialConfidence": 37.065259073423135, "updatedScore": 1648.1278352919237, "updatedConfidence": 36.70730168488215, "teamId": 99999}]}