{"id": 30539681, "competitionId": 30067, "createTime": {"seconds": 1636715906}, "endTime": {"seconds": 1636715906}, "agents": [{"id": 76173960, "state": 2, "submissionId": 23692494, "reward": 220015, "index": 0, "initialScore": 1562.2953409596205, "initialConfidence": 35.0, "updatedScore": 1566.5023993628251, "updatedConfidence": 35.0, "teamId": 99999}, {"id": 76173961, "state": 2, "submissionId": 23465456, "reward": 0, "index": 1, "initialScore": 1544.7549679513947, "initialConfidence": 35.0, "updatedScore": 1540.54790954819, "updatedConfidence": 35.0, "teamId": 99999}]}