{"id": 31278632, "competitionId": 30067, "createTime": {"seconds": 1637320963}, "endTime": {"seconds": 1637320963}, "agents": [{"id": 77651862, "state": 2, "submissionId": 23551893, "reward": 30002, "index": 0, "initialScore": 1704.2836971146492, "initialConfidence": 35.0, "updatedScore": 1701.1757440390486, "updatedConfidence": 35.0, "teamId": 99999}, {"id": 77651863, "state": 2, "submissionId": 23825329, "reward": 160016, "index": 1, "initialScore": 1795.3833147583866, "initialConfidence": 35.0, "updatedScore": 1798.4912678339872, "updatedConfidence": 35.0, "teamId": 99999}]}