{"id": 30196269, "competitionId": 30067, "createTime": {"seconds": 1636413093}, "endTime": {"seconds": 1636413093}, "agents": [{"id": 75487136, "state": 2, "submissionId": 23554491, "reward": 20003, "index": 0, "initialScore": 1788.5580898635906, "initialConfidence": 35.0, "updatedScore": 1786.2815155267854, "updatedConfidence": 35.0, "teamId": 99999}, {"id": 75487137, "state": 2, "submissionId": 23281649, "reward": 240024, "index": 1, "initialScore": 1944.6253475583053, "initialConfidence": 35.0, "updatedScore": 1946.9019218951105, "updatedConfidence": 35.0, "teamId": 99999}]}