{"id": 30972209, "competitionId": 30067, "createTime": {"seconds": 1637077613}, "endTime": {"seconds": 1637077613}, "agents": [{"id": 77039016, "state": 2, "submissionId": 22734900, "reward": 0, "index": 0, "initialScore": 1058.8189170326225, "initialConfidence": 35.0, "updatedScore": 1054.1872475485527, "updatedConfidence": 35.0, "teamId": 99999}, {"id": 77039017, "state": 2, "submissionId": 23825143, "reward": 280031, "index": 1, "initialScore": 992.5898398294402, "initialConfidence": 140.0, "updatedScore": 1066.6965515745578, "updatedConfidence": 125.0, "teamId": 99999}]}