{"id": 28541681, "competitionId": 30067, "createTime": {"seconds": 1634649788}, "endTime": {"seconds": 1634649788}, "agents": [{"id": 72179962, "state": 2, "submissionId": 23010508, "reward": 90011, "index": 0, "initialScore": 1647.16953326447, "initialConfidence": 35.0, "updatedScore": 1642.596214691602, "updatedConfidence": 35.0, "teamId": 99999}, {"id": 72179963, "state": 2, "submissionId": 23281649, "reward": 410015, "index": 1, "initialScore": 1642.2141838579437, "initialConfidence": 35.0, "updatedScore": 1646.787502430812, "updatedConfidence": 35.0, "teamId": 99999}]}