{"id": 28412417, "competitionId": 30067, "createTime": {"seconds": 1634488531}, "endTime": {"seconds": 1634488531}, "agents": [{"id": 71921434, "state": 2, "submissionId": 23277127, "reward": 0, "index": 0, "initialScore": 1249.8843088349088, "initialConfidence": 39.89843351389618, "updatedScore": 1245.2835494545343, "updatedConfidence": 39.53215565409141, "teamId": 99999}, {"id": 71921435, "state": 2, "submissionId": 23281649, "reward": 220018, "index": 1, "initialScore": 1304.769066213292, "initialConfidence": 63.12000773002281, "updatedScore": 1316.283747386362, "updatedConfidence": 61.65951320878576, "teamId": 99999}]}