{"id": 28891910, "competitionId": 30067, "createTime": {"seconds": 1635062182}, "endTime": {"seconds": 1635062182}, "agents": [{"id": 72880420, "state": 2, "submissionId": 23281649, "reward": 650034, "index": 0, "initialScore": 1776.1930457256817, "initialConfidence": 35.0, "updatedScore": 1779.4358271739438, "updatedConfidence": 35.0, "teamId": 99999}, {"id": 72880421, "state": 2, "submissionId": 23302588, "reward": 120012, "index": 1, "initialScore": 1694.7275042396163, "initialConfidence": 35.0, "updatedScore": 1691.484722791354, "updatedConfidence": 35.0, "teamId": 99999}]}