{"id": 31488820, "competitionId": 30067, "createTime": {"seconds": 1637481694}, "endTime": {"seconds": 1637481694}, "agents": [{"id": 78072238, "state": 2, "submissionId": 23825224, "reward": 30003, "index": 0, "initialScore": 1838.7945012616424, "initialConfidence": 35.0, "updatedScore": 1835.6426970063087, "updatedConfidence": 35.0, "teamId": 99999}, {"id": 78072239, "state": 2, "submissionId": 23692494, "reward": 360008, "index": 1, "initialScore": 1926.738133815908, "initialConfidence": 35.0, "updatedScore": 1929.8899380712417, "updatedConfidence": 35.0, "teamId": 99999}]}