{"id": 31870957, "competitionId": 30067, "createTime": {"seconds": 1637761904}, "endTime": {"seconds": 1637761904}, "agents": [{"id": 78836512, "state": 2, "submissionId": 23883228, "reward": 1600028, "index": 0, "initialScore": 1764.8197988931793, "initialConfidence": 35.0, "updatedScore": 1761.210167666684, "updatedConfidence": 35.0, "teamId": 99999}, {"id": 78836513, "state": 2, "submissionId": 23825329, "reward": 1620161, "index": 1, "initialScore": 1821.0288274844688, "initialConfidence": 35.0, "updatedScore": 1824.638458710964, "updatedConfidence": 35.0, "teamId": 99999}]}