{"id": 29364928, "competitionId": 30067, "createTime": {"seconds": 1635576866}, "endTime": {"seconds": 1635576866}, "agents": [{"id": 73824456, "state": 2, "submissionId": 23323058, "reward": 140014, "index": 0, "initialScore": 1710.8869423412712, "initialConfidence": 35.0, "updatedScore": 1708.7910885656015, "updatedConfidence": 35.0, "teamId": 99999}, {"id": 73824457, "state": 2, "submissionId": 23297953, "reward": 330014, "index": 1, "initialScore": 1882.7422301580737, "initialConfidence": 35.0, "updatedScore": 1884.8380839337435, "updatedConfidence": 35.0, "teamId": 99999}]}