{"id": 30458741, "competitionId": 30067, "createTime": {"seconds": 1636645798}, "endTime": {"seconds": 1636645798}, "agents": [{"id": 76012080, "state": 2, "submissionId": 23281649, "reward": 200010, "index": 0, "initialScore": 1971.3173226664292, "initialConfidence": 35.0, "updatedScore": 1973.1081136619955, "updatedConfidence": 35.0, "teamId": 99999}, {"id": 76012081, "state": 2, "submissionId": 23554433, "reward": 20000, "index": 1, "initialScore": 1770.895959390512, "initialConfidence": 35.0, "updatedScore": 1769.1051683949458, "updatedConfidence": 35.0, "teamId": 99999}]}