{"id": 31856328, "competitionId": 30067, "createTime": {"seconds": 1637751584}, "endTime": {"seconds": 1637751584}, "agents": [{"id": 78807254, "state": 2, "submissionId": 23790168, "reward": 1070045, "index": 0, "initialScore": 1769.4983922459492, "initialConfidence": 35.0, "updatedScore": 1765.859561473328, "updatedConfidence": 35.0, "teamId": 99999}, {"id": 78807255, "state": 2, "submissionId": 23825266, "reward": 2650040, "index": 1, "initialScore": 1823.7514851873789, "initialConfidence": 35.0, "updatedScore": 1827.39031596, "updatedConfidence": 35.0, "teamId": 99999}]}