{"id": 29248265, "competitionId": 30067, "createTime": {"seconds": 1635453827}, "endTime": {"seconds": 1635453827}, "agents": [{"id": 73591130, "state": 2, "submissionId": 23254381, "reward": 10001, "index": 0, "initialScore": 1647.2774460945154, "initialConfidence": 35.0, "updatedScore": 1645.5654780525056, "updatedConfidence": 35.0, "teamId": 99999}, {"id": 73591131, "state": 2, "submissionId": 23297953, "reward": 480006, "index": 1, "initialScore": 1855.5471628364896, "initialConfidence": 35.0, "updatedScore": 1857.2591308785, "updatedConfidence": 35.0, "teamId": 99999}]}