{"id": 30319861, "competitionId": 30067, "createTime": {"seconds": 1636523878}, "endTime": {"seconds": 1636523878}, "agents": [{"id": 75734320, "state": 2, "submissionId": 23297953, "reward": 1040023, "index": 0, "initialScore": 1993.4993578325889, "initialConfidence": 35.0, "updatedScore": 1995.0637292445235, "updatedConfidence": 35.0, "teamId": 99999}, {"id": 75734321, "state": 2, "submissionId": 23554491, "reward": 470052, "index": 1, "initialScore": 1769.9137186532137, "initialConfidence": 35.0, "updatedScore": 1768.349347241279, "updatedConfidence": 35.0, "teamId": 99999}]}