{"id": 30084251, "competitionId": 30067, "createTime": {"seconds": 1636311219}, "endTime": {"seconds": 1636311219}, "agents": [{"id": 75263100, "state": 2, "submissionId": 23281649, "reward": 60007, "index": 0, "initialScore": 1953.2624566709424, "initialConfidence": 35.0, "updatedScore": 1944.9403419145533, "updatedConfidence": 35.0, "teamId": 99999}, {"id": 75263101, "state": 2, "submissionId": 23554433, "reward": 350035, "index": 1, "initialScore": 1748.3226888187392, "initialConfidence": 35.0, "updatedScore": 1756.6448035751282, "updatedConfidence": 35.0, "teamId": 99999}]}