{"id": 30982619, "competitionId": 30067, "createTime": {"seconds": 1637086269}, "endTime": {"seconds": 1637086269}, "agents": [{"id": 77059836, "state": 2, "submissionId": 23422489, "reward": 70010, "index": 0, "initialScore": 1545.564410605658, "initialConfidence": 35.0, "updatedScore": 1542.6570896631958, "updatedConfidence": 35.0, "teamId": 99999}, {"id": 77059837, "state": 2, "submissionId": 23825329, "reward": 2450236, "index": 1, "initialScore": 1650.3065734654017, "initialConfidence": 46.358114210686594, "updatedScore": 1655.407022475043, "updatedConfidence": 45.8186891844741, "teamId": 99999}]}