{"id": 31375896, "competitionId": 30067, "createTime": {"seconds": 1637396326}, "endTime": {"seconds": 1637396326}, "agents": [{"id": 77846390, "state": 2, "submissionId": 23825370, "reward": 340032, "index": 0, "initialScore": 1748.7745941258024, "initialConfidence": 35.0, "updatedScore": 1752.2844886957923, "updatedConfidence": 35.0, "teamId": 99999}, {"id": 77846391, "state": 2, "submissionId": 23543917, "reward": 200015, "index": 1, "initialScore": 1685.8271815682538, "initialConfidence": 35.0, "updatedScore": 1682.317286998264, "updatedConfidence": 35.0, "teamId": 99999}]}