{"id": 28471746, "competitionId": 30067, "createTime": {"seconds": 1634562726}, "endTime": {"seconds": 1634562726}, "agents": [{"id": 72040092, "state": 2, "submissionId": 23281649, "reward": 260026, "index": 0, "initialScore": 1574.4769468205488, "initialConfidence": 35.35217708723744, "updatedScore": 1580.2657770473495, "updatedConfidence": 35.024885699459865, "teamId": 99999}, {"id": 72040093, "state": 2, "submissionId": 23049510, "reward": 70007, "index": 1, "initialScore": 1643.0062580984122, "initialConfidence": 35.0, "updatedScore": 1637.3321896113837, "updatedConfidence": 35.0, "teamId": 99999}]}