{"id": 31592173, "competitionId": 30067, "createTime": {"seconds": 1637558520}, "endTime": {"seconds": 1637558520}, "agents": [{"id": 78278944, "state": 2, "submissionId": 23297953, "reward": 230002, "index": 0, "initialScore": 1999.094246415504, "initialConfidence": 35.0, "updatedScore": 2001.139445699683, "updatedConfidence": 35.0, "teamId": 99999}, {"id": 78278945, "state": 2, "submissionId": 23825266, "reward": 2, "index": 1, "initialScore": 1822.6739849277224, "initialConfidence": 35.0, "updatedScore": 1820.628785643544, "updatedConfidence": 35.0, "teamId": 99999}]}