{"id": 30979359, "competitionId": 30067, "createTime": {"seconds": 1637083639}, "endTime": {"seconds": 1637083639}, "agents": [{"id": 77053316, "state": 2, "submissionId": 23509178, "reward": 70005, "index": 0, "initialScore": 1548.011528496318, "initialConfidence": 35.0, "updatedScore": 1543.8457076929474, "updatedConfidence": 35.0, "teamId": 99999}, {"id": 77053317, "state": 2, "submissionId": 23825329, "reward": 430022, "index": 1, "initialScore": 1563.481314230708, "initialConfidence": 55.15445243323665, "updatedScore": 1573.8261988312838, "updatedConfidence": 54.085326825041605, "teamId": 99999}]}