{"id": 28410873, "competitionId": 30067, "createTime": {"seconds": 1634486611}, "endTime": {"seconds": 1634486611}, "agents": [{"id": 71918346, "state": 2, "submissionId": 22846154, "reward": 0, "index": 0, "initialScore": 1068.3576364773685, "initialConfidence": 35.0, "updatedScore": 1065.5008946885216, "updatedConfidence": 35.0, "teamId": 99999}, {"id": 71918347, "state": 2, "submissionId": 23281649, "reward": 150012, "index": 1, "initialScore": 1171.620362580657, "initialConfidence": 81.53078395488939, "updatedScore": 1187.1220200249438, "updatedConfidence": 78.77789594620587, "teamId": 99999}]}