{"id": 30237327, "competitionId": 30067, "createTime": {"seconds": 1636450048}, "endTime": {"seconds": 1636450048}, "agents": [{"id": 75569252, "state": 2, "submissionId": 23554433, "reward": 0, "index": 0, "initialScore": 1763.9449055322073, "initialConfidence": 35.0, "updatedScore": 1762.032947381089, "updatedConfidence": 35.0, "teamId": 99999}, {"id": 75569253, "state": 2, "submissionId": 23281649, "reward": 220003, "index": 1, "initialScore": 1952.6985983850172, "initialConfidence": 35.0, "updatedScore": 1954.610556536136, "updatedConfidence": 35.0, "teamId": 99999}]}