{"id": 31242550, "competitionId": 30067, "createTime": {"seconds": 1637293119}, "endTime": {"seconds": 1637293119}, "agents": [{"id": 77579698, "state": 2, "submissionId": 23825266, "reward": 990097, "index": 0, "initialScore": 1710.1457752473732, "initialConfidence": 35.0, "updatedScore": 1714.1909709004333, "updatedConfidence": 35.0, "teamId": 99999}, {"id": 77579699, "state": 2, "submissionId": 23513419, "reward": 180022, "index": 1, "initialScore": 1682.3908011786204, "initialConfidence": 35.0, "updatedScore": 1678.3456055255604, "updatedConfidence": 35.0, "teamId": 99999}]}