{"id": 32091557, "competitionId": 30067, "createTime": {"seconds": 1637916817}, "endTime": {"seconds": 1637916817}, "agents": [{"id": 79277712, "state": 2, "submissionId": 23825266, "reward": 1490149, "index": 0, "initialScore": 1857.2535199352624, "initialConfidence": 35.0, "updatedScore": 1854.510087302204, "updatedConfidence": 35.0, "teamId": 99999}, {"id": 79277713, "state": 2, "submissionId": 23297953, "reward": 1620063, "index": 1, "initialScore": 1975.5257436761356, "initialConfidence": 35.0, "updatedScore": 1978.2691763091937, "updatedConfidence": 35.0, "teamId": 99999}]}