{"id": 31018348, "competitionId": 30067, "createTime": {"seconds": 1637115206}, "endTime": {"seconds": 1637115206}, "agents": [{"id": 77131294, "state": 2, "submissionId": 23825370, "reward": 1430115, "index": 0, "initialScore": 1590.705105409947, "initialConfidence": 40.22945669321085, "updatedScore": 1594.6969887824068, "updatedConfidence": 39.86739321618437, "teamId": 99999}, {"id": 77131295, "state": 2, "submissionId": 23786494, "reward": 220024, "index": 1, "initialScore": 1493.8339293787787, "initialConfidence": 35.0, "updatedScore": 1490.8124085087322, "updatedConfidence": 35.0, "teamId": 99999}]}