{"id": 29792240, "competitionId": 30067, "createTime": {"seconds": 1636036482}, "endTime": {"seconds": 1636036482}, "agents": [{"id": 74679078, "state": 2, "submissionId": 23323058, "reward": 260041, "index": 0, "initialScore": 1726.096116775282, "initialConfidence": 35.0, "updatedScore": 1724.4578784787395, "updatedConfidence": 35.0, "teamId": 99999}, {"id": 74679079, "state": 2, "submissionId": 23297953, "reward": 1110031, "index": 1, "initialScore": 1941.9098765278804, "initialConfidence": 35.0, "updatedScore": 1943.548114824423, "updatedConfidence": 35.0, "teamId": 99999}]}