{"id": 30115015, "competitionId": 30067, "createTime": {"seconds": 1636339297}, "endTime": {"seconds": 1636339297}, "agents": [{"id": 75324628, "state": 2, "submissionId": 23281649, "reward": 930023, "index": 0, "initialScore": 1948.497889048592, "initialConfidence": 35.0, "updatedScore": 1950.4067201131363, "updatedConfidence": 35.0, "teamId": 99999}, {"id": 75324629, "state": 2, "submissionId": 23554491, "reward": 350006, "index": 1, "initialScore": 1759.4487278407607, "initialConfidence": 35.0, "updatedScore": 1757.5398967762158, "updatedConfidence": 35.0, "teamId": 99999}]}