{"id": 30663945, "competitionId": 30067, "createTime": {"seconds": 1636822054}, "endTime": {"seconds": 1636822054}, "agents": [{"id": 76422488, "state": 2, "submissionId": 23692494, "reward": 30008, "index": 0, "initialScore": 1625.7693557553546, "initialConfidence": 35.0, "updatedScore": 1622.198502034193, "updatedConfidence": 35.0, "teamId": 99999}, {"id": 76422489, "state": 2, "submissionId": 23500163, "reward": 190019, "index": 1, "initialScore": 1684.5875607615635, "initialConfidence": 35.0, "updatedScore": 1688.158414482725, "updatedConfidence": 35.0, "teamId": 99999}]}