{"id": 30819314, "competitionId": 30067, "createTime": {"seconds": 1636951928}, "endTime": {"seconds": 1636951928}, "agents": [{"id": 76733226, "state": 2, "submissionId": 23642597, "reward": 0, "index": 0, "initialScore": 1757.6497873751316, "initialConfidence": 35.0, "updatedScore": 1755.924756707976, "updatedConfidence": 35.0, "teamId": 99999}, {"id": 76733227, "state": 2, "submissionId": 23281649, "reward": 160006, "index": 1, "initialScore": 1964.603862146421, "initialConfidence": 35.0, "updatedScore": 1966.3288928135769, "updatedConfidence": 35.0, "teamId": 99999}]}