{"id": 28600927, "competitionId": 30067, "createTime": {"seconds": 1634722063}, "endTime": {"seconds": 1634722063}, "agents": [{"id": 72298454, "state": 2, "submissionId": 23281649, "reward": 410026, "index": 0, "initialScore": 1679.9931557271702, "initialConfidence": 35.0, "updatedScore": 1683.982596074773, "updatedConfidence": 35.0, "teamId": 99999}, {"id": 72298455, "state": 2, "submissionId": 23055500, "reward": 30004, "index": 1, "initialScore": 1648.6773290955127, "initialConfidence": 35.0, "updatedScore": 1644.68788874791, "updatedConfidence": 35.0, "teamId": 99999}]}