{"id": 32147525, "competitionId": 30067, "createTime": {"seconds": 1637955969}, "endTime": {"seconds": 1637955969}, "agents": [{"id": 79389648, "state": 2, "submissionId": 23674333, "reward": 90015, "index": 0, "initialScore": 1773.4714044247246, "initialConfidence": 35.0, "updatedScore": 1770.291809897198, "updatedConfidence": 35.0, "teamId": 99999}, {"id": 79389649, "state": 2, "submissionId": 23825329, "reward": 940091, "index": 1, "initialScore": 1859.426395879069, "initialConfidence": 35.0, "updatedScore": 1862.605990406596, "updatedConfidence": 35.0, "teamId": 99999}]}