{"id": 31465035, "competitionId": 30067, "createTime": {"seconds": 1637463933}, "endTime": {"seconds": 1637463933}, "agents": [{"id": 78024666, "state": 2, "submissionId": 23825224, "reward": 970097, "index": 0, "initialScore": 1844.871645003552, "initialConfidence": 35.0, "updatedScore": 1842.0373914656843, "updatedConfidence": 35.0, "teamId": 99999}, {"id": 78024668, "state": 2, "submissionId": 23281649, "reward": 1120028, "index": 1, "initialScore": 1956.2061931911933, "initialConfidence": 35.0, "updatedScore": 1959.040446729061, "updatedConfidence": 35.0, "teamId": 99999}]}