{"id": 28675632, "competitionId": 30067, "createTime": {"seconds": 1634811386}, "endTime": {"seconds": 1634811386}, "agents": [{"id": 72447864, "state": 2, "submissionId": 23297953, "reward": 290005, "index": 0, "initialScore": 1646.9265715144827, "initialConfidence": 35.0, "updatedScore": 1650.7832202801983, "updatedConfidence": 35.0, "teamId": 99999}, {"id": 72447865, "state": 2, "submissionId": 22902119, "reward": 0, "index": 1, "initialScore": 1607.037549906274, "initialConfidence": 35.0, "updatedScore": 1603.1809011405585, "updatedConfidence": 35.0, "teamId": 99999}]}