{"id": 31166461, "competitionId": 30067, "createTime": {"seconds": 1637233339}, "endTime": {"seconds": 1637233339}, "agents": [{"id": 77427520, "state": 2, "submissionId": 23825266, "reward": 310021, "index": 0, "initialScore": 1678.034709643768, "initialConfidence": 35.0, "updatedScore": 1681.5309015624116, "updatedConfidence": 35.0, "teamId": 99999}, {"id": 77427521, "state": 2, "submissionId": 23827251, "reward": 90010, "index": 1, "initialScore": 1614.1543900881757, "initialConfidence": 35.0, "updatedScore": 1610.6581981695322, "updatedConfidence": 35.0, "teamId": 99999}]}