{"id": 31063243, "competitionId": 30067, "createTime": {"seconds": 1637151236}, "endTime": {"seconds": 1637151236}, "agents": [{"id": 77221084, "state": 2, "submissionId": 23642611, "reward": 1, "index": 0, "initialScore": 1753.881295016411, "initialConfidence": 35.0, "updatedScore": 1750.650401873993, "updatedConfidence": 35.0, "teamId": 99999}, {"id": 77221085, "state": 2, "submissionId": 23692494, "reward": 160006, "index": 1, "initialScore": 1836.1881482838087, "initialConfidence": 35.0, "updatedScore": 1839.419041426227, "updatedConfidence": 35.0, "teamId": 99999}]}