{"id": 30785953, "competitionId": 30067, "createTime": {"seconds": 1636924321}, "endTime": {"seconds": 1636924321}, "agents": [{"id": 76666504, "state": 2, "submissionId": 23281649, "reward": 1010034, "index": 0, "initialScore": 1958.7845401090367, "initialConfidence": 35.0, "updatedScore": 1960.6475113292208, "updatedConfidence": 35.0, "teamId": 99999}, {"id": 76666505, "state": 2, "submissionId": 23642602, "reward": 720030, "index": 1, "initialScore": 1765.368663208944, "initialConfidence": 35.0, "updatedScore": 1763.5056919887602, "updatedConfidence": 35.0, "teamId": 99999}]}