{"id": 31121642, "competitionId": 30067, "createTime": {"seconds": 1637198026}, "endTime": {"seconds": 1637198026}, "agents": [{"id": 77337882, "state": 2, "submissionId": 23608696, "reward": 200018, "index": 0, "initialScore": 1783.9745428432957, "initialConfidence": 35.0, "updatedScore": 1781.907527266151, "updatedConfidence": 35.0, "teamId": 99999}, {"id": 77337883, "state": 2, "submissionId": 23281649, "reward": 940062, "index": 1, "initialScore": 1958.4207534322552, "initialConfidence": 35.0, "updatedScore": 1960.4877690094, "updatedConfidence": 35.0, "teamId": 99999}]}