{"id": 29011667, "competitionId": 30067, "createTime": {"seconds": 1635195786}, "endTime": {"seconds": 1635195786}, "agents": [{"id": 73119934, "state": 2, "submissionId": 23254381, "reward": 0, "index": 0, "initialScore": 1672.7978343888085, "initialConfidence": 35.0, "updatedScore": 1670.2342505370973, "updatedConfidence": 35.0, "teamId": 99999}, {"id": 73119935, "state": 2, "submissionId": 23281649, "reward": 180023, "index": 1, "initialScore": 1805.1791689684208, "initialConfidence": 35.0, "updatedScore": 1807.742752820132, "updatedConfidence": 35.0, "teamId": 99999}]}