{"id": 30865362, "competitionId": 30067, "createTime": {"seconds": 1636990045}, "endTime": {"seconds": 1636990045}, "agents": [{"id": 76825322, "state": 2, "submissionId": 23692494, "reward": 400009, "index": 0, "initialScore": 1734.2292377770273, "initialConfidence": 35.0, "updatedScore": 1738.8894722176074, "updatedConfidence": 35.0, "teamId": 99999}, {"id": 76825323, "state": 2, "submissionId": 23542431, "reward": 150015, "index": 1, "initialScore": 1744.408113187378, "initialConfidence": 35.0, "updatedScore": 1739.7478787467978, "updatedConfidence": 35.0, "teamId": 99999}]}