{"id": 31802530, "competitionId": 30067, "createTime": {"seconds": 1637713424}, "endTime": {"seconds": 1637713424}, "agents": [{"id": 78699658, "state": 2, "submissionId": 23825370, "reward": 340039, "index": 0, "initialScore": 1805.8314547810228, "initialConfidence": 35.0, "updatedScore": 1808.25606101732, "updatedConfidence": 35.0, "teamId": 99999}, {"id": 78699659, "state": 2, "submissionId": 23586821, "reward": 20002, "index": 1, "initialScore": 1662.1751051768092, "initialConfidence": 35.0, "updatedScore": 1659.750498940512, "updatedConfidence": 35.0, "teamId": 99999}]}