{"id": 31254301, "competitionId": 30067, "createTime": {"seconds": 1637302238}, "endTime": {"seconds": 1637302238}, "agents": [{"id": 77603200, "state": 2, "submissionId": 23825143, "reward": 2540246, "index": 0, "initialScore": 1743.0171758891547, "initialConfidence": 35.0, "updatedScore": 1746.6989366194466, "updatedConfidence": 35.0, "teamId": 99999}, {"id": 77603201, "state": 2, "submissionId": 23572018, "reward": 840041, "index": 1, "initialScore": 1691.626320800531, "initialConfidence": 35.0, "updatedScore": 1687.944560070239, "updatedConfidence": 35.0, "teamId": 99999}]}