{"id": 31465039, "competitionId": 30067, "createTime": {"seconds": 1637463933}, "endTime": {"seconds": 1637463933}, "agents": [{"id": 78024676, "state": 2, "submissionId": 23825143, "reward": 920087, "index": 0, "initialScore": 1791.498831739834, "initialConfidence": 35.0, "updatedScore": 1794.0716300023175, "updatedConfidence": 35.0, "teamId": 99999}, {"id": 78024677, "state": 2, "submissionId": 23848079, "reward": 30003, "index": 1, "initialScore": 1659.8530963230676, "initialConfidence": 35.0, "updatedScore": 1657.280298060584, "updatedConfidence": 35.0, "teamId": 99999}]}