{"id": 28482214, "competitionId": 30067, "createTime": {"seconds": 1634575950}, "endTime": {"seconds": 1634575950}, "agents": [{"id": 72061028, "state": 2, "submissionId": 23297953, "reward": 240018, "index": 0, "initialScore": 1184.9923115767886, "initialConfidence": 73.18937815845196, "updatedScore": 1201.6153441658803, "updatedConfidence": 70.8609694482506, "teamId": 99999}, {"id": 72061029, "state": 2, "submissionId": 22727875, "reward": 0, "index": 1, "initialScore": 1150.606826834363, "initialConfidence": 35.0, "updatedScore": 1146.8053685377315, "updatedConfidence": 35.0, "teamId": 99999}]}