{"id": 31631451, "competitionId": 30067, "createTime": {"seconds": 1637587353}, "endTime": {"seconds": 1637587353}, "agents": [{"id": 78357500, "state": 2, "submissionId": 23825143, "reward": 2360230, "index": 0, "initialScore": 1808.7972832517012, "initialConfidence": 35.0, "updatedScore": 1812.299907726488, "updatedConfidence": 35.0, "teamId": 99999}, {"id": 78357501, "state": 2, "submissionId": 23608696, "reward": 50006, "index": 1, "initialScore": 1745.3551251755457, "initialConfidence": 35.0, "updatedScore": 1741.8525007007593, "updatedConfidence": 35.0, "teamId": 99999}]}