{"id": 28900421, "competitionId": 30067, "createTime": {"seconds": 1635071783}, "endTime": {"seconds": 1635071783}, "agents": [{"id": 72897442, "state": 2, "submissionId": 23323058, "reward": 180018, "index": 0, "initialScore": 1718.2246697888306, "initialConfidence": 35.0, "updatedScore": 1714.6892043070577, "updatedConfidence": 35.0, "teamId": 99999}, {"id": 72897443, "state": 2, "submissionId": 23281649, "reward": 410017, "index": 1, "initialScore": 1779.4358271739438, "initialConfidence": 35.0, "updatedScore": 1782.971292655717, "updatedConfidence": 35.0, "teamId": 99999}]}