{"id": 30830525, "competitionId": 30067, "createTime": {"seconds": 1636961284}, "endTime": {"seconds": 1636961284}, "agents": [{"id": 76755648, "state": 2, "submissionId": 23281649, "reward": 440030, "index": 0, "initialScore": 1966.3288928135769, "initialConfidence": 35.0, "updatedScore": 1968.3107919241525, "updatedConfidence": 35.0, "teamId": 99999}, {"id": 76755649, "state": 2, "submissionId": 23554433, "reward": 280023, "index": 1, "initialScore": 1784.1102281216338, "initialConfidence": 35.0, "updatedScore": 1782.128329011058, "updatedConfidence": 35.0, "teamId": 99999}]}