{"id": 31205414, "competitionId": 30067, "createTime": {"seconds": 1637264082}, "endTime": {"seconds": 1637264082}, "agents": [{"id": 77505426, "state": 2, "submissionId": 23692494, "reward": 1480049, "index": 0, "initialScore": 1874.84579410896, "initialConfidence": 35.0, "updatedScore": 1878.1477040123093, "updatedConfidence": 35.0, "teamId": 99999}, {"id": 77505427, "state": 2, "submissionId": 23608696, "reward": 250026, "index": 1, "initialScore": 1797.5420973765038, "initialConfidence": 35.0, "updatedScore": 1794.2401874731545, "updatedConfidence": 35.0, "teamId": 99999}]}