{"id": 30443262, "competitionId": 30067, "createTime": {"seconds": 1636632328}, "endTime": {"seconds": 1636632328}, "agents": [{"id": 75981122, "state": 2, "submissionId": 23692494, "reward": 1240029, "index": 0, "initialScore": 1496.3500270567004, "initialConfidence": 39.66678758070788, "updatedScore": 1502.8200897399768, "updatedConfidence": 39.22734574562889, "teamId": 99999}, {"id": 75981123, "state": 2, "submissionId": 23613664, "reward": 140014, "index": 1, "initialScore": 1529.9228785037876, "initialConfidence": 35.0, "updatedScore": 1524.8856631795566, "updatedConfidence": 35.0, "teamId": 99999}]}