{"id": 30978166, "competitionId": 30067, "createTime": {"seconds": 1637082414}, "endTime": {"seconds": 1637082414}, "agents": [{"id": 77050930, "state": 2, "submissionId": 23825329, "reward": 290029, "index": 0, "initialScore": 1498.1413283898485, "initialConfidence": 61.92689926644506, "updatedScore": 1515.239097709677, "updatedConfidence": 60.25082959931105, "teamId": 99999}, {"id": 77050931, "state": 2, "submissionId": 22917589, "reward": 0, "index": 1, "initialScore": 1564.7642670313955, "initialConfidence": 35.0, "updatedScore": 1559.302704983643, "updatedConfidence": 35.0, "teamId": 99999}]}