{"id": 28752940, "competitionId": 30067, "createTime": {"seconds": 1634902793}, "endTime": {"seconds": 1634902793}, "agents": [{"id": 72602480, "state": 2, "submissionId": 23281649, "reward": 110013, "index": 0, "initialScore": 1742.7686535910325, "initialConfidence": 35.0, "updatedScore": 1746.393246568235, "updatedConfidence": 35.0, "teamId": 99999}, {"id": 72602481, "state": 2, "submissionId": 23176680, "reward": 50006, "index": 1, "initialScore": 1687.5627732629875, "initialConfidence": 35.0, "updatedScore": 1683.9381802857847, "updatedConfidence": 35.0, "teamId": 99999}]}