{"id": 31051348, "competitionId": 30067, "createTime": {"seconds": 1637141870}, "endTime": {"seconds": 1637141870}, "agents": [{"id": 77197294, "state": 2, "submissionId": 23692494, "reward": 1460036, "index": 0, "initialScore": 1832.8626820281447, "initialConfidence": 35.0, "updatedScore": 1836.1881482838087, "updatedConfidence": 35.0, "teamId": 99999}, {"id": 77197295, "state": 2, "submissionId": 23642611, "reward": 960046, "index": 1, "initialScore": 1757.2067612720746, "initialConfidence": 35.0, "updatedScore": 1753.881295016411, "updatedConfidence": 35.0, "teamId": 99999}]}