{"id": 31206324, "competitionId": 30067, "createTime": {"seconds": 1637264802}, "endTime": {"seconds": 1637264802}, "agents": [{"id": 77507246, "state": 2, "submissionId": 23825329, "reward": 1010036, "index": 0, "initialScore": 1801.0941218772743, "initialConfidence": 35.0, "updatedScore": 1804.2693556735137, "updatedConfidence": 35.0, "teamId": 99999}, {"id": 77507247, "state": 2, "submissionId": 23674338, "reward": 60010, "index": 1, "initialScore": 1714.8276601988512, "initialConfidence": 35.0, "updatedScore": 1711.6524264026118, "updatedConfidence": 35.0, "teamId": 99999}]}