{"id": 32035168, "competitionId": 30067, "createTime": {"seconds": 1637877179}, "endTime": {"seconds": 1637877179}, "agents": [{"id": 79164934, "state": 2, "submissionId": 23281649, "reward": 200008, "index": 0, "initialScore": 1989.0709660921864, "initialConfidence": 35.0, "updatedScore": 1991.536013247112, "updatedConfidence": 35.0, "teamId": 99999}, {"id": 79164935, "state": 2, "submissionId": 23825224, "reward": 20000, "index": 1, "initialScore": 1848.731344760348, "initialConfidence": 35.0, "updatedScore": 1846.266297605423, "updatedConfidence": 35.0, "teamId": 99999}]}