{"id": 32133543, "competitionId": 30067, "createTime": {"seconds": 1637946131}, "endTime": {"seconds": 1637946131}, "agents": [{"id": 79361684, "state": 2, "submissionId": 23297953, "reward": 220004, "index": 0, "initialScore": 1983.3019127067248, "initialConfidence": 35.0, "updatedScore": 1985.4016387364725, "updatedConfidence": 35.0, "teamId": 99999}, {"id": 79361685, "state": 2, "submissionId": 23770123, "reward": 0, "index": 1, "initialScore": 1811.7929429301955, "initialConfidence": 35.0, "updatedScore": 1809.693216900448, "updatedConfidence": 35.0, "teamId": 99999}]}