{"id": 29020265, "competitionId": 30067, "createTime": {"seconds": 1635205634}, "endTime": {"seconds": 1635205634}, "agents": [{"id": 73137130, "state": 2, "submissionId": 23297953, "reward": 520012, "index": 0, "initialScore": 1798.4392433457751, "initialConfidence": 35.0, "updatedScore": 1801.7791059177391, "updatedConfidence": 35.0, "teamId": 99999}, {"id": 73137131, "state": 2, "submissionId": 23323058, "reward": 50005, "index": 1, "initialScore": 1723.7875223126182, "initialConfidence": 35.0, "updatedScore": 1720.4476597406542, "updatedConfidence": 35.0, "teamId": 99999}]}