{"id": 30531721, "competitionId": 30067, "createTime": {"seconds": 1636708949}, "endTime": {"seconds": 1636708949}, "agents": [{"id": 76158040, "state": 2, "submissionId": 23692494, "reward": 2150047, "index": 0, "initialScore": 1558.3402063994013, "initialConfidence": 35.22848156106642, "updatedScore": 1562.2953409596205, "updatedConfidence": 35.0, "teamId": 99999}, {"id": 76158041, "state": 2, "submissionId": 23390802, "reward": 1, "index": 1, "initialScore": 1521.5598211902184, "initialConfidence": 35.0, "updatedScore": 1517.6558239366664, "updatedConfidence": 35.0, "teamId": 99999}]}