{"id": 29071081, "competitionId": 30067, "createTime": {"seconds": 1635261618}, "endTime": {"seconds": 1635261618}, "agents": [{"id": 73238762, "state": 2, "submissionId": 23281649, "reward": 470013, "index": 0, "initialScore": 1828.6158200189816, "initialConfidence": 35.0, "updatedScore": 1830.777486539106, "updatedConfidence": 35.0, "teamId": 99999}, {"id": 73238763, "state": 2, "submissionId": 23034455, "reward": 0, "index": 1, "initialScore": 1662.5971446189358, "initialConfidence": 35.0, "updatedScore": 1660.4354780988112, "updatedConfidence": 35.0, "teamId": 99999}]}