{"id": 31266499, "competitionId": 30067, "createTime": {"seconds": 1637311602}, "endTime": {"seconds": 1637311602}, "agents": [{"id": 77627596, "state": 2, "submissionId": 23825266, "reward": 690061, "index": 0, "initialScore": 1720.8528642289232, "initialConfidence": 35.0, "updatedScore": 1716.0529037703675, "updatedConfidence": 35.0, "teamId": 99999}, {"id": 77627597, "state": 2, "submissionId": 23543954, "reward": 1200048, "index": 1, "initialScore": 1702.361508647451, "initialConfidence": 35.0, "updatedScore": 1707.1614691060065, "updatedConfidence": 35.0, "teamId": 99999}]}