{"id": 30910879, "competitionId": 30067, "createTime": {"seconds": 1637027665}, "endTime": {"seconds": 1637027665}, "agents": [{"id": 76916356, "state": 2, "submissionId": 23692494, "reward": 130013, "index": 0, "initialScore": 1768.869885492904, "initialConfidence": 35.0, "updatedScore": 1772.6492273607746, "updatedConfidence": 35.0, "teamId": 99999}, {"id": 76916357, "state": 2, "submissionId": 23323058, "reward": 0, "index": 1, "initialScore": 1723.9272410577437, "initialConfidence": 35.0, "updatedScore": 1720.147899189873, "updatedConfidence": 35.0, "teamId": 99999}]}