{"id": 31843253, "competitionId": 30067, "createTime": {"seconds": 1637742458}, "endTime": {"seconds": 1637742458}, "agents": [{"id": 78781104, "state": 2, "submissionId": 23769678, "reward": 40000, "index": 0, "initialScore": 1826.883841493932, "initialConfidence": 35.0, "updatedScore": 1824.6561099122305, "updatedConfidence": 35.0, "teamId": 99999}, {"id": 78781105, "state": 2, "submissionId": 23297953, "reward": 720016, "index": 1, "initialScore": 1987.1452682998904, "initialConfidence": 35.0, "updatedScore": 1989.372999881592, "updatedConfidence": 35.0, "teamId": 99999}]}