{"id": 30973101, "competitionId": 30067, "createTime": {"seconds": 1637078334}, "endTime": {"seconds": 1637078334}, "agents": [{"id": 77040800, "state": 2, "submissionId": 23825266, "reward": 2080190, "index": 0, "initialScore": 986.327113039522, "initialConfidence": 126.58531497093183, "updatedScore": 1022.959875270896, "updatedConfidence": 117.37305622026136, "teamId": 99999}, {"id": 77040801, "state": 2, "submissionId": 22607905, "reward": 0, "index": 1, "initialScore": 890.1656207030704, "initialConfidence": 35.0, "updatedScore": 887.3650979677715, "updatedConfidence": 35.0, "teamId": 99999}]}