{"id": 29891627, "competitionId": 30067, "createTime": {"seconds": 1636131925}, "endTime": {"seconds": 1636131925}, "agents": [{"id": 74877852, "state": 2, "submissionId": 23554433, "reward": 390039, "index": 0, "initialScore": 1744.7545994573618, "initialConfidence": 35.0, "updatedScore": 1742.7508399697422, "updatedConfidence": 35.0, "teamId": 99999}, {"id": 74877853, "state": 2, "submissionId": 23281649, "reward": 400028, "index": 1, "initialScore": 1924.9587003724632, "initialConfidence": 35.0, "updatedScore": 1926.9624598600828, "updatedConfidence": 35.0, "teamId": 99999}]}