{"id": 31992591, "competitionId": 30067, "createTime": {"seconds": 1637847164}, "endTime": {"seconds": 1637847164}, "agents": [{"id": 79079780, "state": 2, "submissionId": 23889524, "reward": 700069, "index": 0, "initialScore": 1820.9492569602469, "initialConfidence": 35.0, "updatedScore": 1817.085873305894, "updatedConfidence": 35.0, "teamId": 99999}, {"id": 79079781, "state": 2, "submissionId": 23825143, "reward": 1200117, "index": 1, "initialScore": 1860.400239546928, "initialConfidence": 35.0, "updatedScore": 1864.263623201281, "updatedConfidence": 35.0, "teamId": 99999}]}