{"id": 32021449, "competitionId": 30067, "createTime": {"seconds": 1637867578}, "endTime": {"seconds": 1637867578}, "agents": [{"id": 79137496, "state": 2, "submissionId": 23825266, "reward": 460046, "index": 0, "initialScore": 1852.847180857441, "initialConfidence": 35.0, "updatedScore": 1856.7813450690076, "updatedConfidence": 35.0, "teamId": 99999}, {"id": 79137497, "state": 2, "submissionId": 23889524, "reward": 300030, "index": 1, "initialScore": 1817.97874875781, "initialConfidence": 35.0, "updatedScore": 1814.044584546244, "updatedConfidence": 35.0, "teamId": 99999}]}