{"id": 31763560, "competitionId": 30067, "createTime": {"seconds": 1637685387}, "endTime": {"seconds": 1637685387}, "agents": [{"id": 78621718, "state": 2, "submissionId": 23825143, "reward": 1100044, "index": 0, "initialScore": 1841.7964427619268, "initialConfidence": 35.0, "updatedScore": 1839.3047691924205, "updatedConfidence": 35.0, "teamId": 99999}, {"id": 78621719, "state": 2, "submissionId": 23281649, "reward": 1410050, "index": 1, "initialScore": 1979.9686669913924, "initialConfidence": 35.0, "updatedScore": 1982.4603405608989, "updatedConfidence": 35.0, "teamId": 99999}]}