{"id": 30257885, "competitionId": 30067, "createTime": {"seconds": 1636468294}, "endTime": {"seconds": 1636468294}, "agents": [{"id": 75610368, "state": 2, "submissionId": 23554491, "reward": 10001, "index": 0, "initialScore": 1780.1006942360978, "initialConfidence": 35.0, "updatedScore": 1778.3423645973517, "updatedConfidence": 35.0, "teamId": 99999}, {"id": 75610369, "state": 2, "submissionId": 23297953, "reward": 300009, "index": 1, "initialScore": 1983.728237791691, "initialConfidence": 35.0, "updatedScore": 1985.4865674304367, "updatedConfidence": 35.0, "teamId": 99999}]}