{"id": 30864230, "competitionId": 30067, "createTime": {"seconds": 1636989089}, "endTime": {"seconds": 1636989089}, "agents": [{"id": 76823058, "state": 2, "submissionId": 23297953, "reward": 740027, "index": 0, "initialScore": 2041.2452424932385, "initialConfidence": 35.0, "updatedScore": 2042.605843738872, "updatedConfidence": 35.0, "teamId": 99999}, {"id": 76823059, "state": 2, "submissionId": 23554491, "reward": 210026, "index": 1, "initialScore": 1794.9422836037338, "initialConfidence": 35.0, "updatedScore": 1793.5816823581004, "updatedConfidence": 35.0, "teamId": 99999}]}