{"id": 31605078, "competitionId": 30067, "createTime": {"seconds": 1637567886}, "endTime": {"seconds": 1637567886}, "agents": [{"id": 78304754, "state": 2, "submissionId": 23297953, "reward": 630025, "index": 0, "initialScore": 2001.139445699683, "initialConfidence": 35.0, "updatedScore": 2003.4693365724552, "updatedConfidence": 35.0, "teamId": 99999}, {"id": 78304755, "state": 2, "submissionId": 23825224, "reward": 90011, "index": 1, "initialScore": 1849.592887318624, "initialConfidence": 35.0, "updatedScore": 1847.2629964458515, "updatedConfidence": 35.0, "teamId": 99999}]}