{"id": 31098540, "competitionId": 30067, "createTime": {"seconds": 1637179348}, "endTime": {"seconds": 1637179348}, "agents": [{"id": 77291678, "state": 2, "submissionId": 23825329, "reward": 640057, "index": 0, "initialScore": 1771.83446391651, "initialConfidence": 36.30906210585084, "updatedScore": 1775.325423287352, "updatedConfidence": 36.03204442331724, "teamId": 99999}, {"id": 77291679, "state": 2, "submissionId": 23572018, "reward": 0, "index": 1, "initialScore": 1690.5848086184114, "initialConfidence": 35.0, "updatedScore": 1687.341032879036, "updatedConfidence": 35.0, "teamId": 99999}]}