{"id": 29812512, "competitionId": 30067, "createTime": {"seconds": 1636056286}, "endTime": {"seconds": 1636056286}, "agents": [{"id": 74719622, "state": 2, "submissionId": 23554433, "reward": 120000, "index": 0, "initialScore": 1725.6319656180003, "initialConfidence": 35.839084499365434, "updatedScore": 1734.3308336294122, "updatedConfidence": 35.45189522203002, "teamId": 99999}, {"id": 74719623, "state": 2, "submissionId": 23281649, "reward": 0, "index": 1, "initialScore": 1929.69702432843, "initialConfidence": 35.0, "updatedScore": 1921.4007134859228, "updatedConfidence": 35.0, "teamId": 99999}]}