{"id": 31669651, "competitionId": 30067, "createTime": {"seconds": 1637615482}, "endTime": {"seconds": 1637615482}, "agents": [{"id": 78433900, "state": 2, "submissionId": 23790148, "reward": 30003, "index": 0, "initialScore": 1725.1713462619182, "initialConfidence": 35.0, "updatedScore": 1722.1974383223012, "updatedConfidence": 35.0, "teamId": 99999}, {"id": 78433901, "state": 2, "submissionId": 23825266, "reward": 390029, "index": 1, "initialScore": 1826.0611221619545, "initialConfidence": 35.0, "updatedScore": 1829.0350301015712, "updatedConfidence": 35.0, "teamId": 99999}]}