{"id": 28588083, "competitionId": 30067, "createTime": {"seconds": 1634706698}, "endTime": {"seconds": 1634706698}, "agents": [{"id": 72272766, "state": 2, "submissionId": 23256560, "reward": 50006, "index": 0, "initialScore": 1580.5050088799285, "initialConfidence": 35.0, "updatedScore": 1576.0218973957972, "updatedConfidence": 35.0, "teamId": 99999}, {"id": 72272767, "state": 2, "submissionId": 23297953, "reward": 820027, "index": 1, "initialScore": 1581.015726010207, "initialConfidence": 35.0, "updatedScore": 1585.498837494338, "updatedConfidence": 35.0, "teamId": 99999}]}