{"id": 29675289, "competitionId": 30067, "createTime": {"seconds": 1635923248}, "endTime": {"seconds": 1635923248}, "agents": [{"id": 74445176, "state": 2, "submissionId": 23323058, "reward": 380037, "index": 0, "initialScore": 1708.6244347890308, "initialConfidence": 35.0, "updatedScore": 1706.889142914912, "updatedConfidence": 35.0, "teamId": 99999}, {"id": 74445177, "state": 2, "submissionId": 23281649, "reward": 930045, "index": 1, "initialScore": 1914.549284342614, "initialConfidence": 35.0, "updatedScore": 1916.284576216733, "updatedConfidence": 35.0, "teamId": 99999}]}