{"id": 31263706, "competitionId": 30067, "createTime": {"seconds": 1637309442}, "endTime": {"seconds": 1637309442}, "agents": [{"id": 77622010, "state": 2, "submissionId": 23600103, "reward": 440047, "index": 0, "initialScore": 1615.396603922058, "initialConfidence": 35.0, "updatedScore": 1612.4445091720256, "updatedConfidence": 35.0, "teamId": 99999}, {"id": 77622011, "state": 2, "submissionId": 23825266, "reward": 1500145, "index": 1, "initialScore": 1717.9007694788909, "initialConfidence": 35.0, "updatedScore": 1720.8528642289232, "updatedConfidence": 35.0, "teamId": 99999}]}