{"id": 30977570, "competitionId": 30067, "createTime": {"seconds": 1637081934}, "endTime": {"seconds": 1637081934}, "agents": [{"id": 77049738, "state": 2, "submissionId": 23122633, "reward": 220022, "index": 0, "initialScore": 1301.4869708025487, "initialConfidence": 35.0, "updatedScore": 1298.2017538196517, "updatedConfidence": 35.0, "teamId": 99999}, {"id": 77049739, "state": 2, "submissionId": 23825266, "reward": 2400227, "index": 1, "initialScore": 1375.4687112650176, "initialConfidence": 63.04968482171261, "updatedScore": 1386.1296098102223, "updatedConfidence": 61.638177770586175, "teamId": 99999}]}