{"id": 30501302, "competitionId": 30067, "createTime": {"seconds": 1636682755}, "endTime": {"seconds": 1636682755}, "agents": [{"id": 76097202, "state": 2, "submissionId": 23329765, "reward": 40009, "index": 0, "initialScore": 1483.6113623147578, "initialConfidence": 35.0, "updatedScore": 1480.0881421832205, "updatedConfidence": 35.0, "teamId": 99999}, {"id": 76097203, "state": 2, "submissionId": 23692494, "reward": 1800027, "index": 1, "initialScore": 1545.505160360037, "initialConfidence": 36.11473577053691, "updatedScore": 1549.2563806917117, "updatedConfidence": 35.83078638368632, "teamId": 99999}]}