{"id": 31109674, "competitionId": 30067, "createTime": {"seconds": 1637188257}, "endTime": {"seconds": 1637188257}, "agents": [{"id": 77313946, "state": 2, "submissionId": 23825266, "reward": 820079, "index": 0, "initialScore": 1658.726421307107, "initialConfidence": 36.03077502809542, "updatedScore": 1661.5558330132894, "updatedConfidence": 35.78604773540541, "teamId": 99999}, {"id": 77313947, "state": 2, "submissionId": 23764152, "reward": 1, "index": 1, "initialScore": 1534.8080614585276, "initialConfidence": 35.0, "updatedScore": 1532.138222741373, "updatedConfidence": 35.0, "teamId": 99999}]}