{"id": 31072676, "competitionId": 30067, "createTime": {"seconds": 1637158910}, "endTime": {"seconds": 1637158910}, "agents": [{"id": 77239950, "state": 2, "submissionId": 23825370, "reward": 180010, "index": 0, "initialScore": 1628.828844773956, "initialConfidence": 37.28654330163249, "updatedScore": 1634.0609743419134, "updatedConfidence": 36.93385553224245, "teamId": 99999}, {"id": 77239951, "state": 2, "submissionId": 23602603, "reward": 1, "index": 1, "initialScore": 1636.495335399846, "initialConfidence": 35.0, "updatedScore": 1631.8852355461224, "updatedConfidence": 35.0, "teamId": 99999}]}