{"id": 30429049, "competitionId": 30067, "createTime": {"seconds": 1636620084}, "endTime": {"seconds": 1636620084}, "agents": [{"id": 75952696, "state": 2, "submissionId": 23553686, "reward": 100010, "index": 0, "initialScore": 1444.0362583268538, "initialConfidence": 35.0, "updatedScore": 1439.9873387958532, "updatedConfidence": 35.0, "teamId": 99999}, {"id": 75952697, "state": 2, "submissionId": 23692494, "reward": 2310046, "index": 1, "initialScore": 1470.2866151009428, "initialConfidence": 41.792551824753545, "updatedScore": 1476.0596055136434, "updatedConfidence": 41.32560554122694, "teamId": 99999}]}