{"id": 31026527, "competitionId": 30067, "createTime": {"seconds": 1637121921}, "endTime": {"seconds": 1637121921}, "agents": [{"id": 77147652, "state": 2, "submissionId": 23642575, "reward": 510046, "index": 0, "initialScore": 1790.3039516458823, "initialConfidence": 35.0, "updatedScore": 1784.860099183691, "updatedConfidence": 35.0, "teamId": 99999}, {"id": 77147653, "state": 2, "submissionId": 23825329, "reward": 1350132, "index": 1, "initialScore": 1733.4660605549363, "initialConfidence": 39.39950289632933, "updatedScore": 1740.3645140767487, "updatedConfidence": 38.95534778198281, "teamId": 99999}]}