{"id": 29665760, "competitionId": 30067, "createTime": {"seconds": 1635913889}, "endTime": {"seconds": 1635913889}, "agents": [{"id": 74426118, "state": 2, "submissionId": 23323058, "reward": 130014, "index": 0, "initialScore": 1711.9895979581352, "initialConfidence": 35.0, "updatedScore": 1710.2023793231665, "updatedConfidence": 35.0, "teamId": 99999}, {"id": 74426119, "state": 2, "submissionId": 23281649, "reward": 570013, "index": 1, "initialScore": 1912.7620657076452, "initialConfidence": 35.0, "updatedScore": 1914.549284342614, "updatedConfidence": 35.0, "teamId": 99999}]}