{"id": 31439960, "competitionId": 30067, "createTime": {"seconds": 1637444972}, "endTime": {"seconds": 1637444972}, "agents": [{"id": 77974518, "state": 2, "submissionId": 23770016, "reward": 240026, "index": 0, "initialScore": 1823.25447611338, "initialConfidence": 35.0, "updatedScore": 1829.505260438796, "updatedConfidence": 35.0, "teamId": 99999}, {"id": 77974519, "state": 2, "submissionId": 23692494, "reward": 40009, "index": 1, "initialScore": 1923.019956400498, "initialConfidence": 35.0, "updatedScore": 1916.7691720750825, "updatedConfidence": 35.0, "teamId": 99999}]}