{"id": 28415861, "competitionId": 30067, "createTime": {"seconds": 1634492882}, "endTime": {"seconds": 1634492882}, "agents": [{"id": 71928322, "state": 2, "submissionId": 23245980, "reward": 0, "index": 0, "initialScore": 1331.515274236003, "initialConfidence": 35.0, "updatedScore": 1329.0007446002562, "updatedConfidence": 35.0, "teamId": 99999}, {"id": 71928323, "state": 2, "submissionId": 23281649, "reward": 230024, "index": 1, "initialScore": 1467.187867985458, "initialConfidence": 46.18971325648946, "updatedScore": 1471.5672335803192, "updatedConfidence": 45.69591515006521, "teamId": 99999}]}