{"id": 31039449, "competitionId": 30067, "createTime": {"seconds": 1637132244}, "endTime": {"seconds": 1637132244}, "agents": [{"id": 77173496, "state": 2, "submissionId": 23692494, "reward": 2520069, "index": 0, "initialScore": 1829.402205615809, "initialConfidence": 35.0, "updatedScore": 1832.8626820281447, "updatedConfidence": 35.0, "teamId": 99999}, {"id": 77173497, "state": 2, "submissionId": 23608696, "reward": 940094, "index": 1, "initialScore": 1763.0819751948204, "initialConfidence": 35.0, "updatedScore": 1759.6214987824842, "updatedConfidence": 35.0, "teamId": 99999}]}