{"id": 31389545, "competitionId": 30067, "createTime": {"seconds": 1637406647}, "endTime": {"seconds": 1637406647}, "agents": [{"id": 77873688, "state": 2, "submissionId": 23281649, "reward": 290002, "index": 0, "initialScore": 1941.42761768709, "initialConfidence": 35.0, "updatedScore": 1944.111703393521, "updatedConfidence": 35.0, "teamId": 99999}, {"id": 77873689, "state": 2, "submissionId": 23769678, "reward": 20000, "index": 1, "initialScore": 1818.55601532994, "initialConfidence": 35.0, "updatedScore": 1815.8719296235083, "updatedConfidence": 35.0, "teamId": 99999}]}