{"id": 31683211, "competitionId": 30067, "createTime": {"seconds": 1637627493}, "endTime": {"seconds": 1637627493}, "agents": [{"id": 78461020, "state": 2, "submissionId": 23825329, "reward": 1670149, "index": 0, "initialScore": 1852.2081151397952, "initialConfidence": 35.0, "updatedScore": 1849.367741348572, "updatedConfidence": 35.0, "teamId": 99999}, {"id": 78461021, "state": 2, "submissionId": 23281649, "reward": 2560075, "index": 1, "initialScore": 1963.0793830713787, "initialConfidence": 35.0, "updatedScore": 1965.9197568626023, "updatedConfidence": 35.0, "teamId": 99999}]}