{"id": 31776766, "competitionId": 30067, "createTime": {"seconds": 1637695004}, "endTime": {"seconds": 1637695004}, "agents": [{"id": 78648130, "state": 2, "submissionId": 23825224, "reward": 790054, "index": 0, "initialScore": 1854.09022196048, "initialConfidence": 35.0, "updatedScore": 1851.3443151451283, "updatedConfidence": 35.0, "teamId": 99999}, {"id": 78648131, "state": 2, "submissionId": 23692494, "reward": 2240059, "index": 1, "initialScore": 1972.1718518591056, "initialConfidence": 35.0, "updatedScore": 1974.9177586744568, "updatedConfidence": 35.0, "teamId": 99999}]}