{"id": 30984112, "competitionId": 30067, "createTime": {"seconds": 1637087469}, "endTime": {"seconds": 1637087469}, "agents": [{"id": 77062822, "state": 2, "submissionId": 23516814, "reward": 0, "index": 0, "initialScore": 1499.406811145682, "initialConfidence": 35.0, "updatedScore": 1495.5533665103487, "updatedConfidence": 35.0, "teamId": 99999}, {"id": 77062823, "state": 2, "submissionId": 23825370, "reward": 270025, "index": 1, "initialScore": 1537.8073936996448, "initialConfidence": 44.57236835921797, "updatedScore": 1544.056881964737, "updatedConfidence": 44.020333164165486, "teamId": 99999}]}