{"id": 31364401, "competitionId": 30067, "createTime": {"seconds": 1637387451}, "endTime": {"seconds": 1637387451}, "agents": [{"id": 77823400, "state": 2, "submissionId": 23825224, "reward": 620059, "index": 0, "initialScore": 1840.59418613402, "initialConfidence": 35.0, "updatedScore": 1837.5370964241213, "updatedConfidence": 35.0, "teamId": 99999}, {"id": 77823401, "state": 2, "submissionId": 23281649, "reward": 780040, "index": 1, "initialScore": 1935.3828262344896, "initialConfidence": 35.0, "updatedScore": 1938.439915944388, "updatedConfidence": 35.0, "teamId": 99999}]}