{"id": 28413754, "competitionId": 30067, "createTime": {"seconds": 1634490213}, "endTime": {"seconds": 1634490213}, "agents": [{"id": 71924108, "state": 2, "submissionId": 22936268, "reward": 0, "index": 0, "initialScore": 1342.4657313539803, "initialConfidence": 35.0, "updatedScore": 1338.4378118448058, "updatedConfidence": 35.0, "teamId": 99999}, {"id": 71924109, "state": 2, "submissionId": 23281649, "reward": 8, "index": 1, "initialScore": 1366.6238413499664, "initialConfidence": 56.260709964738965, "updatedScore": 1377.0315496418473, "updatedConfidence": 55.14473600579403, "teamId": 99999}]}