{"id": 28531397, "competitionId": 30067, "createTime": {"seconds": 1634637304}, "endTime": {"seconds": 1634637304}, "agents": [{"id": 72159394, "state": 2, "submissionId": 23274997, "reward": 30002, "index": 0, "initialScore": 1498.9971525693468, "initialConfidence": 35.0, "updatedScore": 1495.0673170297207, "updatedConfidence": 35.0, "teamId": 99999}, {"id": 72159395, "state": 2, "submissionId": 23297953, "reward": 730027, "index": 1, "initialScore": 1533.6923898502876, "initialConfidence": 37.70196798599964, "updatedScore": 1538.252405444148, "updatedConfidence": 37.36235418175792, "teamId": 99999}]}