{"id": 31217863, "competitionId": 30067, "createTime": {"seconds": 1637273919}, "endTime": {"seconds": 1637273919}, "agents": [{"id": 77530324, "state": 2, "submissionId": 23825266, "reward": 1320041, "index": 0, "initialScore": 1698.8660022452962, "initialConfidence": 35.0, "updatedScore": 1703.404284059636, "updatedConfidence": 35.0, "teamId": 99999}, {"id": 77530325, "state": 2, "submissionId": 23543954, "reward": 610041, "index": 1, "initialScore": 1701.7038180773654, "initialConfidence": 35.0, "updatedScore": 1697.1655362630256, "updatedConfidence": 35.0, "teamId": 99999}]}