{"id": 28518070, "competitionId": 30067, "createTime": {"seconds": 1634620955}, "endTime": {"seconds": 1634620955}, "agents": [{"id": 72132740, "state": 2, "submissionId": 23049510, "reward": 0, "index": 0, "initialScore": 1634.3560693629938, "initialConfidence": 35.0, "updatedScore": 1629.7075775012206, "updatedConfidence": 35.0, "teamId": 99999}, {"id": 72132741, "state": 2, "submissionId": 23281649, "reward": 100017, "index": 1, "initialScore": 1624.8804919717145, "initialConfidence": 35.0, "updatedScore": 1629.5289838334877, "updatedConfidence": 35.0, "teamId": 99999}]}