{"id": 31452349, "competitionId": 30067, "createTime": {"seconds": 1637454332}, "endTime": {"seconds": 1637454332}, "agents": [{"id": 77999296, "state": 2, "submissionId": 23825266, "reward": 510005, "index": 0, "initialScore": 1783.8032491483325, "initialConfidence": 35.0, "updatedScore": 1787.5977884088186, "updatedConfidence": 35.0, "teamId": 99999}, {"id": 77999297, "state": 2, "submissionId": 23674326, "reward": 370014, "index": 1, "initialScore": 1739.857828857469, "initialConfidence": 35.0, "updatedScore": 1736.063289596983, "updatedConfidence": 35.0, "teamId": 99999}]}