{"id": 32105480, "competitionId": 30067, "createTime": {"seconds": 1637926452}, "endTime": {"seconds": 1637926452}, "agents": [{"id": 79305558, "state": 2, "submissionId": 23825370, "reward": 500048, "index": 0, "initialScore": 1840.163023444808, "initialConfidence": 35.0, "updatedScore": 1843.2289009877827, "updatedConfidence": 35.0, "teamId": 99999}, {"id": 79305559, "state": 2, "submissionId": 23674338, "reward": 460021, "index": 1, "initialScore": 1746.0139639503318, "initialConfidence": 35.0, "updatedScore": 1742.9480864073569, "updatedConfidence": 35.0, "teamId": 99999}]}