{"id": 30797181, "competitionId": 30067, "createTime": {"seconds": 1636933684}, "endTime": {"seconds": 1636933684}, "agents": [{"id": 76688960, "state": 2, "submissionId": 23692494, "reward": 50008, "index": 0, "initialScore": 1692.7765854124923, "initialConfidence": 35.0, "updatedScore": 1687.576650924341, "updatedConfidence": 35.0, "teamId": 99999}, {"id": 76688961, "state": 2, "submissionId": 23381067, "reward": 60006, "index": 1, "initialScore": 1651.0226607597167, "initialConfidence": 35.0, "updatedScore": 1656.2225952478682, "updatedConfidence": 35.0, "teamId": 99999}]}