{"id": 31856319, "competitionId": 30067, "createTime": {"seconds": 1637751584}, "endTime": {"seconds": 1637751584}, "agents": [{"id": 78807236, "state": 2, "submissionId": 23790156, "reward": 230014, "index": 0, "initialScore": 1748.5163990902909, "initialConfidence": 35.0, "updatedScore": 1745.4619705551368, "updatedConfidence": 35.0, "teamId": 99999}, {"id": 78807237, "state": 2, "submissionId": 23825143, "reward": 400040, "index": 1, "initialScore": 1843.4989047485697, "initialConfidence": 35.0, "updatedScore": 1846.553333283724, "updatedConfidence": 35.0, "teamId": 99999}]}