{"id": 31168435, "competitionId": 30067, "createTime": {"seconds": 1637235015}, "endTime": {"seconds": 1637235015}, "agents": [{"id": 77431468, "state": 2, "submissionId": 23825266, "reward": 10000, "index": 0, "initialScore": 1681.5309015624116, "initialConfidence": 35.0, "updatedScore": 1676.88288680986, "updatedConfidence": 35.0, "teamId": 99999}, {"id": 77431469, "state": 2, "submissionId": 23457402, "reward": 80008, "index": 1, "initialScore": 1672.0839154490875, "initialConfidence": 35.0, "updatedScore": 1676.731930201639, "updatedConfidence": 35.0, "teamId": 99999}]}