{"id": 31856330, "competitionId": 30067, "createTime": {"seconds": 1637751584}, "endTime": {"seconds": 1637751584}, "agents": [{"id": 78807258, "state": 2, "submissionId": 23825370, "reward": 990099, "index": 0, "initialScore": 1813.4041702318125, "initialConfidence": 35.0, "updatedScore": 1816.6478897250663, "updatedConfidence": 35.0, "teamId": 99999}, {"id": 78807259, "state": 2, "submissionId": 23790137, "reward": 890040, "index": 1, "initialScore": 1732.0049469514497, "initialConfidence": 35.0, "updatedScore": 1728.7612274581954, "updatedConfidence": 35.0, "teamId": 99999}]}