{"id": 30393961, "competitionId": 30067, "createTime": {"seconds": 1636589366}, "endTime": {"seconds": 1636589366}, "agents": [{"id": 75882520, "state": 2, "submissionId": 23554491, "reward": 160007, "index": 0, "initialScore": 1783.1506335019455, "initialConfidence": 35.0, "updatedScore": 1781.5593037489652, "updatedConfidence": 35.0, "teamId": 99999}, {"id": 75882521, "state": 2, "submissionId": 23297953, "reward": 310015, "index": 1, "initialScore": 2003.8739034052287, "initialConfidence": 35.0, "updatedScore": 2005.465233158209, "updatedConfidence": 35.0, "teamId": 99999}]}