{"id": 31592166, "competitionId": 30067, "createTime": {"seconds": 1637558520}, "endTime": {"seconds": 1637558520}, "agents": [{"id": 78278930, "state": 2, "submissionId": 23032370, "reward": 60006, "index": 0, "initialScore": 1804.3987208284668, "initialConfidence": 35.0, "updatedScore": 1808.8596895537205, "updatedConfidence": 35.0, "teamId": 99999}, {"id": 78278931, "state": 2, "submissionId": 23825143, "reward": 50006, "index": 1, "initialScore": 1802.5391057334816, "initialConfidence": 35.0, "updatedScore": 1798.078137008228, "updatedConfidence": 35.0, "teamId": 99999}]}