{"id": 31978988, "competitionId": 30067, "createTime": {"seconds": 1637837798}, "endTime": {"seconds": 1637837798}, "agents": [{"id": 79052574, "state": 2, "submissionId": 23825370, "reward": 490049, "index": 0, "initialScore": 1821.8158771332248, "initialConfidence": 35.0, "updatedScore": 1825.1779053526195, "updatedConfidence": 35.0, "teamId": 99999}, {"id": 79052575, "state": 2, "submissionId": 23674338, "reward": 470028, "index": 1, "initialScore": 1748.7061503103412, "initialConfidence": 35.0, "updatedScore": 1745.3441220909465, "updatedConfidence": 35.0, "teamId": 99999}]}