{"id": 31750130, "competitionId": 30067, "createTime": {"seconds": 1637675787}, "endTime": {"seconds": 1637675787}, "agents": [{"id": 78594858, "state": 2, "submissionId": 23825224, "reward": 410042, "index": 0, "initialScore": 1856.4443553388685, "initialConfidence": 35.0, "updatedScore": 1853.733802245447, "updatedConfidence": 35.0, "teamId": 99999}, {"id": 78594859, "state": 2, "submissionId": 23281649, "reward": 730030, "index": 1, "initialScore": 1977.2581138979704, "initialConfidence": 35.0, "updatedScore": 1979.9686669913924, "updatedConfidence": 35.0, "teamId": 99999}]}