{"id": 30436914, "competitionId": 30067, "createTime": {"seconds": 1636626809}, "endTime": {"seconds": 1636626809}, "agents": [{"id": 75968426, "state": 2, "submissionId": 23554491, "reward": 730073, "index": 0, "initialScore": 1777.189088520882, "initialConfidence": 35.0, "updatedScore": 1775.2944080451734, "updatedConfidence": 35.0, "teamId": 99999}, {"id": 75968427, "state": 2, "submissionId": 23281649, "reward": 1320037, "index": 1, "initialScore": 1967.5789083324617, "initialConfidence": 35.0, "updatedScore": 1969.4735888081705, "updatedConfidence": 35.0, "teamId": 99999}]}