{"id": 30979061, "competitionId": 30067, "createTime": {"seconds": 1637083134}, "endTime": {"seconds": 1637083134}, "agents": [{"id": 77052720, "state": 2, "submissionId": 23311022, "reward": 10002, "index": 0, "initialScore": 1506.4879560031131, "initialConfidence": 35.0, "updatedScore": 1502.807473124534, "updatedConfidence": 35.0, "teamId": 99999}, {"id": 77052721, "state": 2, "submissionId": 23825329, "reward": 2100202, "index": 1, "initialScore": 1553.984195107863, "initialConfidence": 56.22268552022021, "updatedScore": 1563.481314230708, "updatedConfidence": 55.15445243323665, "teamId": 99999}]}