{"id": 30982618, "competitionId": 30067, "createTime": {"seconds": 1637086269}, "endTime": {"seconds": 1637086269}, "agents": [{"id": 77059834, "state": 2, "submissionId": 23360584, "reward": 0, "index": 0, "initialScore": 1373.0941443234813, "initialConfidence": 35.0, "updatedScore": 1370.5555806740638, "updatedConfidence": 35.0, "teamId": 99999}, {"id": 77059835, "state": 2, "submissionId": 23825370, "reward": 210006, "index": 1, "initialScore": 1506.7111696977047, "initialConfidence": 47.49889049724183, "updatedScore": 1511.3865710572989, "updatedConfidence": 46.95993045049983, "teamId": 99999}]}