{"id": 28744365, "competitionId": 30067, "createTime": {"seconds": 1634892921}, "endTime": {"seconds": 1634892921}, "agents": [{"id": 72585330, "state": 2, "submissionId": 23281649, "reward": 10, "index": 0, "initialScore": 1735.648023828114, "initialConfidence": 35.0, "updatedScore": 1739.5636014042293, "updatedConfidence": 35.0, "teamId": 99999}, {"id": 72585331, "state": 2, "submissionId": 23176680, "reward": 0, "index": 1, "initialScore": 1699.5799194679507, "initialConfidence": 35.0, "updatedScore": 1695.6643418918354, "updatedConfidence": 35.0, "teamId": 99999}]}