{"id": 30145231, "competitionId": 30067, "createTime": {"seconds": 1636366719}, "endTime": {"seconds": 1636366719}, "agents": [{"id": 75385060, "state": 2, "submissionId": 23281649, "reward": 1030032, "index": 0, "initialScore": 1954.2340111257931, "initialConfidence": 35.0, "updatedScore": 1956.186984487938, "updatedConfidence": 35.0, "teamId": 99999}, {"id": 75385061, "state": 2, "submissionId": 23554491, "reward": 480041, "index": 1, "initialScore": 1769.3294449376322, "initialConfidence": 35.0, "updatedScore": 1767.3764715754874, "updatedConfidence": 35.0, "teamId": 99999}]}