{"id": 29646506, "competitionId": 30067, "createTime": {"seconds": 1635894933}, "endTime": {"seconds": 1635894933}, "agents": [{"id": 74387610, "state": 2, "submissionId": 23281649, "reward": 140021, "index": 0, "initialScore": 1920.351750143684, "initialConfidence": 35.0, "updatedScore": 1921.9450845095505, "updatedConfidence": 35.0, "teamId": 99999}, {"id": 74387611, "state": 2, "submissionId": 23303548, "reward": 0, "index": 1, "initialScore": 1699.8401124835937, "initialConfidence": 35.0, "updatedScore": 1698.2467781177274, "updatedConfidence": 35.0, "teamId": 99999}]}