{"id": 31364567, "competitionId": 30067, "createTime": {"seconds": 1637387689}, "endTime": {"seconds": 1637387689}, "agents": [{"id": 77823732, "state": 2, "submissionId": 23825224, "reward": 860078, "index": 0, "initialScore": 1837.5370964241213, "initialConfidence": 35.0, "updatedScore": 1834.186322577796, "updatedConfidence": 35.0, "teamId": 99999}, {"id": 77823733, "state": 2, "submissionId": 23692494, "reward": 1470042, "index": 1, "initialScore": 1911.429129160167, "initialConfidence": 35.0, "updatedScore": 1914.7799030064923, "updatedConfidence": 35.0, "teamId": 99999}]}