{"id": 31015476, "competitionId": 30067, "createTime": {"seconds": 1637112973}, "endTime": {"seconds": 1637112973}, "agents": [{"id": 77125550, "state": 2, "submissionId": 23551893, "reward": 1, "index": 0, "initialScore": 1716.93976332299, "initialConfidence": 35.0, "updatedScore": 1711.3107785819818, "updatedConfidence": 35.0, "teamId": 99999}, {"id": 77125551, "state": 2, "submissionId": 23825143, "reward": 70000, "index": 1, "initialScore": 1649.405100383669, "initialConfidence": 40.335557261073454, "updatedScore": 1656.881114373893, "updatedConfidence": 39.85333603868139, "teamId": 99999}]}