{"id": 31684515, "competitionId": 30067, "createTime": {"seconds": 1637628453}, "endTime": {"seconds": 1637628453}, "agents": [{"id": 78463628, "state": 2, "submissionId": 23825143, "reward": 280019, "index": 0, "initialScore": 1821.9145876279497, "initialConfidence": 35.0, "updatedScore": 1816.202597250195, "updatedConfidence": 35.0, "teamId": 99999}, {"id": 78463629, "state": 2, "submissionId": 23790168, "reward": 500016, "index": 1, "initialScore": 1751.3893238237645, "initialConfidence": 35.0, "updatedScore": 1757.1013142015197, "updatedConfidence": 35.0, "teamId": 99999}]}