{"id": 30986544, "competitionId": 30067, "createTime": {"seconds": 1637089390}, "endTime": {"seconds": 1637089390}, "agents": [{"id": 77067686, "state": 2, "submissionId": 23500158, "reward": 240028, "index": 0, "initialScore": 1651.2472289485452, "initialConfidence": 35.0, "updatedScore": 1647.3236855682028, "updatedConfidence": 35.0, "teamId": 99999}, {"id": 77067687, "state": 2, "submissionId": 23825329, "reward": 2050189, "index": 1, "initialScore": 1685.3409509116989, "initialConfidence": 43.12361517551675, "updatedScore": 1691.2971978358607, "updatedConfidence": 42.618670902531605, "teamId": 99999}]}