{"id": 31402252, "competitionId": 30067, "createTime": {"seconds": 1637416250}, "endTime": {"seconds": 1637416250}, "agents": [{"id": 77899102, "state": 2, "submissionId": 23825266, "reward": 450043, "index": 0, "initialScore": 1760.7186741624664, "initialConfidence": 35.0, "updatedScore": 1764.9621052376838, "updatedConfidence": 35.0, "teamId": 99999}, {"id": 77899103, "state": 2, "submissionId": 23790156, "reward": 1, "index": 1, "initialScore": 1745.449480236008, "initialConfidence": 35.0, "updatedScore": 1741.2060491607906, "updatedConfidence": 35.0, "teamId": 99999}]}