{"id": 28412796, "competitionId": 30067, "createTime": {"seconds": 1634489012}, "endTime": {"seconds": 1634489012}, "agents": [{"id": 71922192, "state": 2, "submissionId": 22796735, "reward": 60007, "index": 0, "initialScore": 1259.197524015736, "initialConfidence": 35.0, "updatedScore": 1256.0750454056442, "updatedConfidence": 35.0, "teamId": 99999}, {"id": 71922193, "state": 2, "submissionId": 23281649, "reward": 150015, "index": 1, "initialScore": 1346.0539877557758, "initialConfidence": 58.60700815248394, "updatedScore": 1354.8091154832523, "updatedConfidence": 57.49442552402598, "teamId": 99999}]}