{"id": 30977268, "competitionId": 30067, "createTime": {"seconds": 1637081694}, "endTime": {"seconds": 1637081694}, "agents": [{"id": 77049134, "state": 2, "submissionId": 23043657, "reward": 10001, "index": 0, "initialScore": 1286.4765228537838, "initialConfidence": 35.0, "updatedScore": 1283.250296971945, "updatedConfidence": 35.0, "teamId": 99999}, {"id": 77049135, "state": 2, "submissionId": 23825266, "reward": 1490136, "index": 1, "initialScore": 1364.496062301231, "initialConfidence": 64.54705047333145, "updatedScore": 1375.4687112650176, "updatedConfidence": 63.04968482171261, "teamId": 99999}]}