{"id": 29512154, "competitionId": 30067, "createTime": {"seconds": 1635727670}, "endTime": {"seconds": 1635727670}, "agents": [{"id": 74118908, "state": 2, "submissionId": 23297953, "reward": 400015, "index": 0, "initialScore": 1904.595836385688, "initialConfidence": 35.0, "updatedScore": 1906.5264087770536, "updatedConfidence": 35.0, "teamId": 99999}, {"id": 74118909, "state": 2, "submissionId": 23323058, "reward": 100011, "index": 1, "initialScore": 1717.5950289799207, "initialConfidence": 35.0, "updatedScore": 1715.6644565885551, "updatedConfidence": 35.0, "teamId": 99999}]}