{"id": 31924251, "competitionId": 30067, "createTime": {"seconds": 1637799404}, "endTime": {"seconds": 1637799404}, "agents": [{"id": 78943100, "state": 2, "submissionId": 23825224, "reward": 350014, "index": 0, "initialScore": 1867.964412295024, "initialConfidence": 35.0, "updatedScore": 1874.1722777153248, "updatedConfidence": 35.0, "teamId": 99999}, {"id": 78943101, "state": 2, "submissionId": 23297953, "reward": 10002, "index": 1, "initialScore": 1965.435403530298, "initialConfidence": 35.0, "updatedScore": 1959.2275381099969, "updatedConfidence": 35.0, "teamId": 99999}]}