{"id": 30981136, "competitionId": 30067, "createTime": {"seconds": 1637085069}, "endTime": {"seconds": 1637085069}, "agents": [{"id": 77056870, "state": 2, "submissionId": 23825329, "reward": 330035, "index": 0, "initialScore": 1609.935788266002, "initialConfidence": 50.02511202570968, "updatedScore": 1616.6946739469106, "updatedConfidence": 49.30447846703935, "teamId": 99999}, {"id": 77056871, "state": 2, "submissionId": 23491401, "reward": 0, "index": 1, "initialScore": 1535.196520104795, "initialConfidence": 35.0, "updatedScore": 1531.8879903111208, "updatedConfidence": 35.0, "teamId": 99999}]}