{"id": 30288751, "competitionId": 30067, "createTime": {"seconds": 1636496099}, "endTime": {"seconds": 1636496099}, "agents": [{"id": 75672100, "state": 2, "submissionId": 23554433, "reward": 0, "index": 0, "initialScore": 1765.9071967508144, "initialConfidence": 35.0, "updatedScore": 1764.3363298826764, "updatedConfidence": 35.0, "teamId": 99999}, {"id": 75672101, "state": 2, "submissionId": 23297953, "reward": 300004, "index": 1, "initialScore": 1988.8003641697771, "initialConfidence": 35.0, "updatedScore": 1990.3712310379155, "updatedConfidence": 35.0, "teamId": 99999}]}