{"id": 29713917, "competitionId": 30067, "createTime": {"seconds": 1635961116}, "endTime": {"seconds": 1635961116}, "agents": [{"id": 74522432, "state": 2, "submissionId": 23308353, "reward": 20009, "index": 0, "initialScore": 1712.1684041832584, "initialConfidence": 35.0, "updatedScore": 1710.4685673071488, "updatedConfidence": 35.0, "teamId": 99999}, {"id": 74522433, "state": 2, "submissionId": 23281649, "reward": 360024, "index": 1, "initialScore": 1921.665462870014, "initialConfidence": 35.0, "updatedScore": 1923.365299746124, "updatedConfidence": 35.0, "teamId": 99999}]}