{"id": 30932488, "competitionId": 30067, "createTime": {"seconds": 1637045189}, "endTime": {"seconds": 1637045189}, "agents": [{"id": 76959574, "state": 2, "submissionId": 23642602, "reward": 30002, "index": 0, "initialScore": 1769.2534621904392, "initialConfidence": 35.0, "updatedScore": 1767.924315919444, "updatedConfidence": 35.0, "teamId": 99999}, {"id": 76959575, "state": 2, "submissionId": 23297953, "reward": 130005, "index": 1, "initialScore": 2049.448050609868, "initialConfidence": 35.0, "updatedScore": 2050.777196880863, "updatedConfidence": 35.0, "teamId": 99999}]}