{"id": 31750133, "competitionId": 30067, "createTime": {"seconds": 1637675787}, "endTime": {"seconds": 1637675787}, "agents": [{"id": 78594864, "state": 2, "submissionId": 23608696, "reward": 390050, "index": 0, "initialScore": 1746.289465475929, "initialConfidence": 35.0, "updatedScore": 1743.1431026846556, "updatedConfidence": 35.0, "teamId": 99999}, {"id": 78594865, "state": 2, "submissionId": 23825143, "reward": 1420025, "index": 1, "initialScore": 1834.6235136860023, "initialConfidence": 35.0, "updatedScore": 1837.769876477276, "updatedConfidence": 35.0, "teamId": 99999}]}