{"id": 31314732, "competitionId": 30067, "createTime": {"seconds": 1637349058}, "endTime": {"seconds": 1637349058}, "agents": [{"id": 77724062, "state": 2, "submissionId": 23825266, "reward": 2190201, "index": 0, "initialScore": 1726.8549567602906, "initialConfidence": 35.0, "updatedScore": 1730.6576646836968, "updatedConfidence": 35.0, "teamId": 99999}, {"id": 77724063, "state": 2, "submissionId": 23550274, "reward": 800080, "index": 1, "initialScore": 1683.444782119844, "initialConfidence": 35.0, "updatedScore": 1679.642074196438, "updatedConfidence": 35.0, "teamId": 99999}]}