{"id": 29970731, "competitionId": 30067, "createTime": {"seconds": 1636206548}, "endTime": {"seconds": 1636206548}, "agents": [{"id": 75036060, "state": 2, "submissionId": 23554433, "reward": 20004, "index": 0, "initialScore": 1753.94061612799, "initialConfidence": 35.0, "updatedScore": 1752.1436101811064, "updatedConfidence": 35.0, "teamId": 99999}, {"id": 75036061, "state": 2, "submissionId": 23297953, "reward": 460029, "index": 1, "initialScore": 1953.752160200155, "initialConfidence": 35.0, "updatedScore": 1955.5491661470387, "updatedConfidence": 35.0, "teamId": 99999}]}