{"id": 31043150, "competitionId": 30067, "createTime": {"seconds": 1637135125}, "endTime": {"seconds": 1637135125}, "agents": [{"id": 77180898, "state": 2, "submissionId": 23825370, "reward": 620023, "index": 0, "initialScore": 1609.854014682203, "initialConfidence": 38.695555379546384, "updatedScore": 1615.9434479355928, "updatedConfidence": 38.289021759349055, "teamId": 99999}, {"id": 77180899, "state": 2, "submissionId": 23790148, "reward": 430022, "index": 1, "initialScore": 1639.9348024176918, "initialConfidence": 35.0, "updatedScore": 1634.9529507248592, "updatedConfidence": 35.0, "teamId": 99999}]}