{"id": 31241591, "competitionId": 30067, "createTime": {"seconds": 1637292397}, "endTime": {"seconds": 1637292397}, "agents": [{"id": 77577780, "state": 2, "submissionId": 23674338, "reward": 260025, "index": 0, "initialScore": 1711.146159575364, "initialConfidence": 35.0, "updatedScore": 1706.4204367899918, "updatedConfidence": 35.0, "teamId": 99999}, {"id": 77577781, "state": 2, "submissionId": 23825370, "reward": 440044, "index": 1, "initialScore": 1697.0585409526163, "initialConfidence": 35.0, "updatedScore": 1701.7842637379886, "updatedConfidence": 35.0, "teamId": 99999}]}