{"id": 30330500, "competitionId": 30067, "createTime": {"seconds": 1636533237}, "endTime": {"seconds": 1636533237}, "agents": [{"id": 75755598, "state": 2, "submissionId": 23297953, "reward": 120006, "index": 0, "initialScore": 1995.0637292445235, "initialConfidence": 35.0, "updatedScore": 1996.5989625457105, "updatedConfidence": 35.0, "teamId": 99999}, {"id": 75755599, "state": 2, "submissionId": 23554491, "reward": 1, "index": 1, "initialScore": 1768.349347241279, "initialConfidence": 35.0, "updatedScore": 1766.814113940092, "updatedConfidence": 35.0, "teamId": 99999}]}