{"id": 31038946, "competitionId": 30067, "createTime": {"seconds": 1637131764}, "endTime": {"seconds": 1637131764}, "agents": [{"id": 77172490, "state": 2, "submissionId": 23825266, "reward": 210023, "index": 0, "initialScore": 1617.9222801717094, "initialConfidence": 38.6350453289099, "updatedScore": 1625.157688056977, "updatedConfidence": 38.20198383930899, "teamId": 99999}, {"id": 77172491, "state": 2, "submissionId": 23600395, "reward": 0, "index": 1, "initialScore": 1701.974199537499, "initialConfidence": 35.0, "updatedScore": 1696.0362533799537, "updatedConfidence": 35.0, "teamId": 99999}]}