{"id": 30752108, "competitionId": 30067, "createTime": {"seconds": 1636896011}, "endTime": {"seconds": 1636896011}, "agents": [{"id": 76598814, "state": 2, "submissionId": 23642597, "reward": 360035, "index": 0, "initialScore": 1751.099764367469, "initialConfidence": 35.0, "updatedScore": 1749.5287218817946, "updatedConfidence": 35.0, "teamId": 99999}, {"id": 76598815, "state": 2, "submissionId": 23281649, "reward": 380026, "index": 1, "initialScore": 1973.97423432102, "initialConfidence": 35.0, "updatedScore": 1975.5452768066943, "updatedConfidence": 35.0, "teamId": 99999}]}