{"id": 28415088, "competitionId": 30067, "createTime": {"seconds": 1634491921}, "endTime": {"seconds": 1634491921}, "agents": [{"id": 71926776, "state": 2, "submissionId": 23281649, "reward": 150015, "index": 0, "initialScore": 1436.1143540406474, "initialConfidence": 49.012341171152464, "updatedScore": 1443.7455658694848, "updatedConfidence": 48.27894436424795, "teamId": 99999}, {"id": 71926777, "state": 2, "submissionId": 23141453, "reward": 0, "index": 1, "initialScore": 1401.1637021994147, "initialConfidence": 35.0, "updatedScore": 1397.2721872622444, "updatedConfidence": 35.0, "teamId": 99999}]}