{"id": 31336824, "competitionId": 30067, "createTime": {"seconds": 1637366126}, "endTime": {"seconds": 1637366126}, "agents": [{"id": 77768246, "state": 2, "submissionId": 23723340, "reward": 20002, "index": 0, "initialScore": 1643.1814374028058, "initialConfidence": 35.0, "updatedScore": 1640.0657995510874, "updatedConfidence": 35.0, "teamId": 99999}, {"id": 77768247, "state": 2, "submissionId": 23825370, "reward": 440021, "index": 1, "initialScore": 1733.7263619225537, "initialConfidence": 35.0, "updatedScore": 1736.841999774272, "updatedConfidence": 35.0, "teamId": 99999}]}