{"id": 31086109, "competitionId": 30067, "createTime": {"seconds": 1637169510}, "endTime": {"seconds": 1637169510}, "agents": [{"id": 77266816, "state": 2, "submissionId": 23642597, "reward": 30004, "index": 0, "initialScore": 1752.2439428150578, "initialConfidence": 35.0, "updatedScore": 1750.5564839155466, "updatedConfidence": 35.0, "teamId": 99999}, {"id": 77266817, "state": 2, "submissionId": 23281649, "reward": 220011, "index": 1, "initialScore": 1962.998863329235, "initialConfidence": 35.0, "updatedScore": 1964.6863222287463, "updatedConfidence": 35.0, "teamId": 99999}]}