{"id": 31669633, "competitionId": 30067, "createTime": {"seconds": 1637615482}, "endTime": {"seconds": 1637615482}, "agents": [{"id": 78433864, "state": 2, "submissionId": 23692494, "reward": 2200058, "index": 0, "initialScore": 1960.847368307397, "initialConfidence": 35.0, "updatedScore": 1963.671905961688, "updatedConfidence": 35.0, "teamId": 99999}, {"id": 78433865, "state": 2, "submissionId": 23770016, "reward": 1450145, "index": 1, "initialScore": 1848.7762853373288, "initialConfidence": 35.0, "updatedScore": 1845.9517476830383, "updatedConfidence": 35.0, "teamId": 99999}]}