{"id": 28409545, "competitionId": 30067, "createTime": {"seconds": 1634484931}, "endTime": {"seconds": 1634484931}, "agents": [{"id": 71915690, "state": 2, "submissionId": 22852578, "reward": 40000, "index": 0, "initialScore": 904.3272229591092, "initialConfidence": 35.0, "updatedScore": 901.7582467416356, "updatedConfidence": 35.0, "teamId": 99999}, {"id": 71915691, "state": 2, "submissionId": 23281649, "reward": 440034, "index": 1, "initialScore": 1026.6979332398016, "initialConfidence": 109.52237748986164, "updatedScore": 1051.8532459609298, "updatedConfidence": 103.57979561508554, "teamId": 99999}]}