{"id": 30974581, "competitionId": 30067, "createTime": {"seconds": 1637079534}, "endTime": {"seconds": 1637079534}, "agents": [{"id": 77043760, "state": 2, "submissionId": 22997087, "reward": 0, "index": 0, "initialScore": 1260.190269208206, "initialConfidence": 35.0, "updatedScore": 1256.1006053303877, "updatedConfidence": 35.0, "teamId": 99999}, {"id": 77043761, "state": 2, "submissionId": 23825329, "reward": 160015, "index": 1, "initialScore": 1266.1726472772618, "initialConfidence": 93.33417426158074, "updatedScore": 1295.255225577337, "updatedConfidence": 88.53659197653754, "teamId": 99999}]}