{"id": 30427929, "competitionId": 30067, "createTime": {"seconds": 1636619124}, "endTime": {"seconds": 1636619124}, "agents": [{"id": 75950456, "state": 2, "submissionId": 23692494, "reward": 1600039, "index": 0, "initialScore": 1436.6258264830742, "initialConfidence": 44.44008249274239, "updatedScore": 1441.5186274971054, "updatedConfidence": 43.95313338414358, "teamId": 99999}, {"id": 75950457, "state": 2, "submissionId": 23104073, "reward": 0, "index": 1, "initialScore": 1341.215526697196, "initialConfidence": 35.0, "updatedScore": 1338.1806298842716, "updatedConfidence": 35.0, "teamId": 99999}]}