{"id": 30629900, "competitionId": 30067, "createTime": {"seconds": 1636793224}, "endTime": {"seconds": 1636793224}, "agents": [{"id": 76354398, "state": 2, "submissionId": 23552447, "reward": 0, "index": 0, "initialScore": 1752.997882813824, "initialConfidence": 35.0, "updatedScore": 1751.6687365428288, "updatedConfidence": 35.0, "teamId": 99999}, {"id": 76354399, "state": 2, "submissionId": 23297953, "reward": 250007, "index": 1, "initialScore": 2034.47666193046, "initialConfidence": 35.0, "updatedScore": 2035.8058082014552, "updatedConfidence": 35.0, "teamId": 99999}]}