{"id": 28487063, "competitionId": 30067, "createTime": {"seconds": 1634581950}, "endTime": {"seconds": 1634581950}, "agents": [{"id": 72070726, "state": 2, "submissionId": 23275474, "reward": 1, "index": 0, "initialScore": 1413.3380402383543, "initialConfidence": 35.0, "updatedScore": 1409.7040356769771, "updatedConfidence": 35.0, "teamId": 99999}, {"id": 72070727, "state": 2, "submissionId": 23297953, "reward": 230012, "index": 1, "initialScore": 1466.705039934372, "initialConfidence": 42.797390060007565, "updatedScore": 1472.1385934563075, "updatedConfidence": 42.32104271330005, "teamId": 99999}]}