{"id": 30976376, "competitionId": 30067, "createTime": {"seconds": 1637080975}, "endTime": {"seconds": 1637080975}, "agents": [{"id": 77047350, "state": 2, "submissionId": 23825329, "reward": 1820176, "index": 0, "initialScore": 1420.8965933805623, "initialConfidence": 71.4310963342525, "updatedScore": 1439.965258804017, "updatedConfidence": 69.0732144892198, "teamId": 99999}, {"id": 77047351, "state": 2, "submissionId": 23625934, "reward": 10001, "index": 1, "initialScore": 1437.755774521978, "initialConfidence": 35.0, "updatedScore": 1433.177711616484, "updatedConfidence": 35.0, "teamId": 99999}]}