{"id": 28486869, "competitionId": 30067, "createTime": {"seconds": 1634581710}, "endTime": {"seconds": 1634581710}, "agents": [{"id": 72070338, "state": 2, "submissionId": 23297953, "reward": 250013, "index": 0, "initialScore": 1462.9230430429266, "initialConfidence": 43.19989058803045, "updatedScore": 1466.705039934372, "updatedConfidence": 42.797390060007565, "teamId": 99999}, {"id": 72070339, "state": 2, "submissionId": 23158226, "reward": 30002, "index": 1, "initialScore": 1324.437506321934, "initialConfidence": 35.0, "updatedScore": 1321.9549908578504, "updatedConfidence": 35.0, "teamId": 99999}]}