{"id": 28617795, "competitionId": 30067, "createTime": {"seconds": 1634742221}, "endTime": {"seconds": 1634742221}, "agents": [{"id": 72332190, "state": 2, "submissionId": 23121954, "reward": 0, "index": 0, "initialScore": 1525.2759243830476, "initialConfidence": 35.0, "updatedScore": 1523.1104434384383, "updatedConfidence": 35.0, "teamId": 99999}, {"id": 72332191, "state": 2, "submissionId": 23281649, "reward": 160006, "index": 1, "initialScore": 1690.9594741635774, "initialConfidence": 35.0, "updatedScore": 1693.124955108187, "updatedConfidence": 35.0, "teamId": 99999}]}