{"id": 31751372, "competitionId": 30067, "createTime": {"seconds": 1637676745}, "endTime": {"seconds": 1637676745}, "agents": [{"id": 78597342, "state": 2, "submissionId": 23032370, "reward": 1310075, "index": 0, "initialScore": 1791.2952752061396, "initialConfidence": 35.0, "updatedScore": 1787.0848795666786, "updatedConfidence": 35.0, "teamId": 99999}, {"id": 78597343, "state": 2, "submissionId": 23825370, "reward": 1640100, "index": 1, "initialScore": 1808.6269045269291, "initialConfidence": 35.0, "updatedScore": 1812.8373001663904, "updatedConfidence": 35.0, "teamId": 99999}]}