{"id": 32007237, "competitionId": 30067, "createTime": {"seconds": 1637857481}, "endTime": {"seconds": 1637857481}, "agents": [{"id": 79109072, "state": 2, "submissionId": 23642575, "reward": 640046, "index": 0, "initialScore": 1773.7648168148582, "initialConfidence": 35.0, "updatedScore": 1769.9636708743328, "updatedConfidence": 35.0, "teamId": 99999}, {"id": 79109073, "state": 2, "submissionId": 23825370, "reward": 980045, "index": 1, "initialScore": 1817.2772979469407, "initialConfidence": 35.0, "updatedScore": 1821.0784438874664, "updatedConfidence": 35.0, "teamId": 99999}]}