{"id": 30674788, "competitionId": 30067, "createTime": {"seconds": 1636831174}, "endTime": {"seconds": 1636831174}, "agents": [{"id": 76444174, "state": 2, "submissionId": 23592070, "reward": 10002, "index": 0, "initialScore": 1546.3277713469688, "initialConfidence": 35.0, "updatedScore": 1543.0053806578962, "updatedConfidence": 35.0, "teamId": 99999}, {"id": 76444175, "state": 2, "submissionId": 23692494, "reward": 740023, "index": 1, "initialScore": 1622.198502034193, "initialConfidence": 35.0, "updatedScore": 1625.520892723266, "updatedConfidence": 35.0, "teamId": 99999}]}