{"id": 30436319, "competitionId": 30067, "createTime": {"seconds": 1636626328}, "endTime": {"seconds": 1636626328}, "agents": [{"id": 75967236, "state": 2, "submissionId": 23297953, "reward": 1210038, "index": 0, "initialScore": 2010.115152213834, "initialConfidence": 35.0, "updatedScore": 2011.5930745956305, "updatedConfidence": 35.0, "teamId": 99999}, {"id": 75967237, "state": 2, "submissionId": 23554433, "reward": 300008, "index": 1, "initialScore": 1777.136097728784, "initialConfidence": 35.0, "updatedScore": 1775.6581753469875, "updatedConfidence": 35.0, "teamId": 99999}]}