{"id": 30981252, "competitionId": 30067, "createTime": {"seconds": 1637085072}, "endTime": {"seconds": 1637085072}, "agents": [{"id": 77057102, "state": 2, "submissionId": 23825266, "reward": 310024, "index": 0, "initialScore": 1496.9313965568042, "initialConfidence": 49.81012383437108, "updatedScore": 1505.1843959828816, "updatedConfidence": 49.02478824673448, "teamId": 99999}, {"id": 77057103, "state": 2, "submissionId": 23716948, "reward": 20004, "index": 1, "initialScore": 1474.1564533389353, "initialConfidence": 35.0, "updatedScore": 1470.081593635014, "updatedConfidence": 35.0, "teamId": 99999}]}