{"id": 30124451, "competitionId": 30067, "createTime": {"seconds": 1636347995}, "endTime": {"seconds": 1636347995}, "agents": [{"id": 75343500, "state": 2, "submissionId": 23297953, "reward": 120012, "index": 0, "initialScore": 1970.5566872255424, "initialConfidence": 35.0, "updatedScore": 1962.0679724310764, "updatedConfidence": 35.0, "teamId": 99999}, {"id": 75343501, "state": 2, "submissionId": 23554491, "reward": 140014, "index": 1, "initialScore": 1757.5398967762158, "initialConfidence": 35.0, "updatedScore": 1766.0286115706815, "updatedConfidence": 35.0, "teamId": 99999}]}