{"id": 30383947, "competitionId": 30067, "createTime": {"seconds": 1636580489}, "endTime": {"seconds": 1636580489}, "agents": [{"id": 75862492, "state": 2, "submissionId": 23281649, "reward": 120016, "index": 0, "initialScore": 1968.6128824114776, "initialConfidence": 35.0, "updatedScore": 1970.316517777084, "updatedConfidence": 35.0, "teamId": 99999}, {"id": 75862493, "state": 2, "submissionId": 23554433, "reward": 0, "index": 1, "initialScore": 1759.500702455563, "initialConfidence": 35.0, "updatedScore": 1757.7970670899572, "updatedConfidence": 35.0, "teamId": 99999}]}