{"id": 30910350, "competitionId": 30067, "createTime": {"seconds": 1637027187}, "endTime": {"seconds": 1637027187}, "agents": [{"id": 76915298, "state": 2, "submissionId": 23281649, "reward": 270020, "index": 0, "initialScore": 1961.0386250174056, "initialConfidence": 35.0, "updatedScore": 1953.466532871326, "updatedConfidence": 35.0, "teamId": 99999}, {"id": 76915299, "state": 2, "submissionId": 23554491, "reward": 390024, "index": 1, "initialScore": 1793.0793039409616, "initialConfidence": 35.0, "updatedScore": 1800.6513960870411, "updatedConfidence": 35.0, "teamId": 99999}]}