{"id": 30899245, "competitionId": 30067, "createTime": {"seconds": 1637018068}, "endTime": {"seconds": 1637018068}, "agents": [{"id": 76893088, "state": 2, "submissionId": 23692494, "reward": 660040, "index": 0, "initialScore": 1765.02055879437, "initialConfidence": 35.0, "updatedScore": 1768.869885492904, "updatedConfidence": 35.0, "teamId": 99999}, {"id": 76893089, "state": 2, "submissionId": 23565821, "reward": 310036, "index": 1, "initialScore": 1724.6549077037073, "initialConfidence": 35.0, "updatedScore": 1720.8055810051733, "updatedConfidence": 35.0, "teamId": 99999}]}