{"id": 31567115, "competitionId": 30067, "createTime": {"seconds": 1637540041}, "endTime": {"seconds": 1637540041}, "agents": [{"id": 78228828, "state": 2, "submissionId": 23825143, "reward": 250004, "index": 0, "initialScore": 1810.4924027879265, "initialConfidence": 35.0, "updatedScore": 1805.0531830878197, "updatedConfidence": 35.0, "teamId": 99999}, {"id": 78228829, "state": 2, "submissionId": 23674326, "reward": 390017, "index": 1, "initialScore": 1755.1631579871816, "initialConfidence": 35.0, "updatedScore": 1760.6023776872887, "updatedConfidence": 35.0, "teamId": 99999}]}