{"id": 30968506, "competitionId": 30067, "createTime": {"seconds": 1637074499}, "endTime": {"seconds": 1637074499}, "agents": [{"id": 77031610, "state": 2, "submissionId": 23692494, "reward": 1630029, "index": 0, "initialScore": 1802.5285025737348, "initialConfidence": 35.0, "updatedScore": 1805.6723205967555, "updatedConfidence": 35.0, "teamId": 99999}, {"id": 77031611, "state": 2, "submissionId": 23674338, "reward": 530031, "index": 1, "initialScore": 1714.01175497838, "initialConfidence": 35.0, "updatedScore": 1710.8679369553593, "updatedConfidence": 35.0, "teamId": 99999}]}