{"id": 29011650, "competitionId": 30067, "createTime": {"seconds": 1635195785}, "endTime": {"seconds": 1635195785}, "agents": [{"id": 73119900, "state": 2, "submissionId": 23323058, "reward": 0, "index": 0, "initialScore": 1715.4248183525958, "initialConfidence": 35.0, "updatedScore": 1712.1576895044411, "updatedConfidence": 35.0, "teamId": 99999}, {"id": 73119901, "state": 2, "submissionId": 23297953, "reward": 140004, "index": 1, "initialScore": 1795.1721144976204, "initialConfidence": 35.0, "updatedScore": 1798.4392433457751, "updatedConfidence": 35.0, "teamId": 99999}]}