{"id": 31110440, "competitionId": 30067, "createTime": {"seconds": 1637188972}, "endTime": {"seconds": 1637188972}, "agents": [{"id": 77315478, "state": 2, "submissionId": 23472869, "reward": 400029, "index": 0, "initialScore": 1659.938045268855, "initialConfidence": 35.0, "updatedScore": 1656.2132060148697, "updatedConfidence": 35.0, "teamId": 99999}, {"id": 77315479, "state": 2, "submissionId": 23825143, "reward": 810065, "index": 1, "initialScore": 1708.472508156672, "initialConfidence": 35.0, "updatedScore": 1712.1973474106574, "updatedConfidence": 35.0, "teamId": 99999}]}