{"id": 29530610, "competitionId": 30067, "createTime": {"seconds": 1635746156}, "endTime": {"seconds": 1635746156}, "agents": [{"id": 74155820, "state": 2, "submissionId": 23486372, "reward": 10001, "index": 0, "initialScore": 1668.7497638968196, "initialConfidence": 35.0, "updatedScore": 1667.3292860647189, "updatedConfidence": 35.0, "teamId": 99999}, {"id": 74155821, "state": 2, "submissionId": 23297953, "reward": 180007, "index": 1, "initialScore": 1908.1646436728568, "initialConfidence": 35.0, "updatedScore": 1909.585121504958, "updatedConfidence": 35.0, "teamId": 99999}]}