{"id": 31414712, "competitionId": 30067, "createTime": {"seconds": 1637425777}, "endTime": {"seconds": 1637425777}, "agents": [{"id": 77924022, "state": 2, "submissionId": 23281649, "reward": 1130050, "index": 0, "initialScore": 1945.7444060140776, "initialConfidence": 35.0, "updatedScore": 1948.322699293246, "updatedConfidence": 35.0, "teamId": 99999}, {"id": 77924023, "state": 2, "submissionId": 23769678, "reward": 800080, "index": 1, "initialScore": 1814.536664698864, "initialConfidence": 35.0, "updatedScore": 1811.958371419696, "updatedConfidence": 35.0, "teamId": 99999}]}