{"id": 31050670, "competitionId": 30067, "createTime": {"seconds": 1637141156}, "endTime": {"seconds": 1637141156}, "agents": [{"id": 77195938, "state": 2, "submissionId": 23281649, "reward": 380021, "index": 0, "initialScore": 1967.2241269716435, "initialConfidence": 35.0, "updatedScore": 1969.3696985944136, "updatedConfidence": 35.0, "teamId": 99999}, {"id": 77195939, "state": 2, "submissionId": 23554433, "reward": 270004, "index": 1, "initialScore": 1799.7876408754007, "initialConfidence": 35.0, "updatedScore": 1797.6420692526306, "updatedConfidence": 35.0, "teamId": 99999}]}