{"id": 31156501, "competitionId": 30067, "createTime": {"seconds": 1637225392}, "endTime": {"seconds": 1637225392}, "agents": [{"id": 77407600, "state": 2, "submissionId": 23692494, "reward": 970040, "index": 0, "initialScore": 1862.3927852995048, "initialConfidence": 35.0, "updatedScore": 1865.1093523810791, "updatedConfidence": 35.0, "teamId": 99999}, {"id": 77407601, "state": 2, "submissionId": 23674333, "reward": 20004, "index": 1, "initialScore": 1742.045118939528, "initialConfidence": 35.0, "updatedScore": 1739.3285518579537, "updatedConfidence": 35.0, "teamId": 99999}]}