{"id": 29319991, "competitionId": 30067, "createTime": {"seconds": 1635529039}, "endTime": {"seconds": 1635529039}, "agents": [{"id": 73734582, "state": 2, "submissionId": 23034455, "reward": 370034, "index": 0, "initialScore": 1702.240239184926, "initialConfidence": 35.0, "updatedScore": 1700.159605386374, "updatedConfidence": 35.0, "teamId": 99999}, {"id": 73734583, "state": 2, "submissionId": 23281649, "reward": 440029, "index": 1, "initialScore": 1875.4603440982137, "initialConfidence": 35.0, "updatedScore": 1877.5409778967653, "updatedConfidence": 35.0, "teamId": 99999}]}