{"id": 31401140, "competitionId": 30067, "createTime": {"seconds": 1637415525}, "endTime": {"seconds": 1637415525}, "agents": [{"id": 77896878, "state": 2, "submissionId": 23825370, "reward": 800075, "index": 0, "initialScore": 1755.233237281347, "initialConfidence": 35.0, "updatedScore": 1758.3190992930004, "updatedConfidence": 35.0, "teamId": 99999}, {"id": 77896879, "state": 2, "submissionId": 23469931, "reward": 10002, "index": 1, "initialScore": 1662.5351906063747, "initialConfidence": 35.0, "updatedScore": 1659.4493285947217, "updatedConfidence": 35.0, "teamId": 99999}]}