{"id": 31978986, "competitionId": 30067, "createTime": {"seconds": 1637837798}, "endTime": {"seconds": 1637837798}, "agents": [{"id": 79052570, "state": 2, "submissionId": 23889524, "reward": 2180218, "index": 0, "initialScore": 1812.8838040147496, "initialConfidence": 35.0, "updatedScore": 1817.900717691104, "updatedConfidence": 35.0, "teamId": 99999}, {"id": 79052571, "state": 2, "submissionId": 23825329, "reward": 2180217, "index": 1, "initialScore": 1844.0866248499276, "initialConfidence": 35.0, "updatedScore": 1839.069711173573, "updatedConfidence": 35.0, "teamId": 99999}]}