{"id": 28566452, "competitionId": 30067, "createTime": {"seconds": 1634680217}, "endTime": {"seconds": 1634680217}, "agents": [{"id": 72229504, "state": 2, "submissionId": 23243815, "reward": 40001, "index": 0, "initialScore": 1659.2126745559383, "initialConfidence": 35.0, "updatedScore": 1654.7149973088694, "updatedConfidence": 35.0, "teamId": 99999}, {"id": 72229505, "state": 2, "submissionId": 23281649, "reward": 800038, "index": 1, "initialScore": 1658.837627703867, "initialConfidence": 35.0, "updatedScore": 1663.3353049509358, "updatedConfidence": 35.0, "teamId": 99999}]}