{"id": 32147455, "competitionId": 30067, "createTime": {"seconds": 1637955967}, "endTime": {"seconds": 1637955967}, "agents": [{"id": 79389508, "state": 2, "submissionId": 23281649, "reward": 370014, "index": 0, "initialScore": 1999.4233435986648, "initialConfidence": 35.0, "updatedScore": 2001.9974957980205, "updatedConfidence": 35.0, "teamId": 99999}, {"id": 79389509, "state": 2, "submissionId": 23825143, "reward": 170005, "index": 1, "initialScore": 1867.885574214132, "initialConfidence": 35.0, "updatedScore": 1865.311422014776, "updatedConfidence": 35.0, "teamId": 99999}]}