{"id": 30653351, "competitionId": 30067, "createTime": {"seconds": 1636812945}, "endTime": {"seconds": 1636812945}, "agents": [{"id": 76401300, "state": 2, "submissionId": 23468555, "reward": 30003, "index": 0, "initialScore": 1628.900651323446, "initialConfidence": 35.0, "updatedScore": 1624.2809001925227, "updatedConfidence": 35.0, "teamId": 99999}, {"id": 76401301, "state": 2, "submissionId": 23692494, "reward": 1390025, "index": 1, "initialScore": 1621.1496046244313, "initialConfidence": 35.0, "updatedScore": 1625.7693557553546, "updatedConfidence": 35.0, "teamId": 99999}]}