{"id": 31656443, "competitionId": 30067, "createTime": {"seconds": 1637605625}, "endTime": {"seconds": 1637605625}, "agents": [{"id": 78407484, "state": 2, "submissionId": 23642618, "reward": 0, "index": 0, "initialScore": 1748.97965150656, "initialConfidence": 35.0, "updatedScore": 1745.9873978009823, "updatedConfidence": 35.0, "teamId": 99999}, {"id": 78407485, "state": 2, "submissionId": 23825329, "reward": 1020099, "index": 1, "initialScore": 1848.5163755304893, "initialConfidence": 35.0, "updatedScore": 1851.5086292360672, "updatedConfidence": 35.0, "teamId": 99999}]}