{"id": 28439912, "competitionId": 30067, "createTime": {"seconds": 1634523121}, "endTime": {"seconds": 1634523121}, "agents": [{"id": 71976424, "state": 2, "submissionId": 23286680, "reward": 100009, "index": 0, "initialScore": 1535.748397468972, "initialConfidence": 42.8876869503375, "updatedScore": 1529.2321913443104, "updatedConfidence": 42.369690326069886, "teamId": 99999}, {"id": 71976425, "state": 2, "submissionId": 23281649, "reward": 410025, "index": 1, "initialScore": 1542.7756150464052, "initialConfidence": 37.95989692249904, "updatedScore": 1547.8804254213624, "updatedConfidence": 37.60119784680809, "teamId": 99999}]}