{"id": 30982923, "competitionId": 30067, "createTime": {"seconds": 1637086508}, "endTime": {"seconds": 1637086508}, "agents": [{"id": 77060444, "state": 2, "submissionId": 23825329, "reward": 2050202, "index": 0, "initialScore": 1661.8189965441695, "initialConfidence": 45.228093775229, "updatedScore": 1668.453762868727, "updatedConfidence": 44.643594541320745, "teamId": 99999}, {"id": 77060445, "state": 2, "submissionId": 23627273, "reward": 430108, "index": 1, "initialScore": 1631.396233934781, "initialConfidence": 35.0, "updatedScore": 1627.422990701125, "updatedConfidence": 35.0, "teamId": 99999}]}