{"id": 31029092, "competitionId": 30067, "createTime": {"seconds": 1637123845}, "endTime": {"seconds": 1637123845}, "agents": [{"id": 77152782, "state": 2, "submissionId": 23593407, "reward": 20001, "index": 0, "initialScore": 1533.2201022221466, "initialConfidence": 35.0, "updatedScore": 1529.8893783897263, "updatedConfidence": 35.0, "teamId": 99999}, {"id": 77152783, "state": 2, "submissionId": 23825266, "reward": 190011, "index": 1, "initialScore": 1607.9663879348495, "initialConfidence": 39.39660504516173, "updatedScore": 1612.1864625826158, "updatedConfidence": 39.03913412525813, "teamId": 99999}]}