{"id": 32077656, "competitionId": 30067, "createTime": {"seconds": 1637906982}, "endTime": {"seconds": 1637906982}, "agents": [{"id": 79249910, "state": 2, "submissionId": 23281649, "reward": 1310040, "index": 0, "initialScore": 1996.5254628876328, "initialConfidence": 35.0, "updatedScore": 1999.0031061967204, "updatedConfidence": 35.0, "teamId": 99999}, {"id": 79249911, "state": 2, "submissionId": 23825266, "reward": 910033, "index": 1, "initialScore": 1857.212767692583, "initialConfidence": 35.0, "updatedScore": 1854.7351243834955, "updatedConfidence": 35.0, "teamId": 99999}]}