{"id": 30974285, "competitionId": 30067, "createTime": {"seconds": 1637079293}, "endTime": {"seconds": 1637079293}, "agents": [{"id": 77043168, "state": 2, "submissionId": 23825370, "reward": 560028, "index": 0, "initialScore": 1138.1608469474666, "initialConfidence": 105.64710297182526, "updatedScore": 1168.6806062749374, "updatedConfidence": 99.47947515984384, "teamId": 99999}, {"id": 77043169, "state": 2, "submissionId": 22831599, "reward": 0, "index": 1, "initialScore": 1081.78892067836, "initialConfidence": 35.0, "updatedScore": 1078.439250796506, "updatedConfidence": 35.0, "teamId": 99999}]}