{"id": 32133544, "competitionId": 30067, "createTime": {"seconds": 1637946131}, "endTime": {"seconds": 1637946131}, "agents": [{"id": 79361686, "state": 2, "submissionId": 23825329, "reward": 280009, "index": 0, "initialScore": 1856.6954890463169, "initialConfidence": 35.0, "updatedScore": 1859.426395879069, "updatedConfidence": 35.0, "teamId": 99999}, {"id": 79361687, "state": 2, "submissionId": 23883219, "reward": 30003, "index": 1, "initialScore": 1737.456961196698, "initialConfidence": 35.0, "updatedScore": 1734.7260543639457, "updatedConfidence": 35.0, "teamId": 99999}]}