{"id": 30976082, "competitionId": 30067, "createTime": {"seconds": 1637080734}, "endTime": {"seconds": 1637080734}, "agents": [{"id": 77046762, "state": 2, "submissionId": 23074074, "reward": 10001, "index": 0, "initialScore": 1181.2271166809478, "initialConfidence": 35.0, "updatedScore": 1178.585678878052, "updatedConfidence": 35.0, "teamId": 99999}, {"id": 77046763, "state": 2, "submissionId": 23825266, "reward": 450044, "index": 1, "initialScore": 1303.790201910144, "initialConfidence": 72.46640806807717, "updatedScore": 1315.1136259405796, "updatedConfidence": 70.58121652913873, "teamId": 99999}]}