{"id": 31951517, "competitionId": 30067, "createTime": {"seconds": 1637818601}, "endTime": {"seconds": 1637818601}, "agents": [{"id": 78997632, "state": 2, "submissionId": 23825370, "reward": 1510151, "index": 0, "initialScore": 1821.37597932292, "initialConfidence": 35.0, "updatedScore": 1824.7536099303, "updatedConfidence": 35.0, "teamId": 99999}, {"id": 78997633, "state": 2, "submissionId": 23674333, "reward": 340031, "index": 1, "initialScore": 1749.348675911864, "initialConfidence": 35.0, "updatedScore": 1745.9710453044838, "updatedConfidence": 35.0, "teamId": 99999}]}