{"id": 30976970, "competitionId": 30067, "createTime": {"seconds": 1637081456}, "endTime": {"seconds": 1637081456}, "agents": [{"id": 77048538, "state": 2, "submissionId": 23254820, "reward": 0, "index": 0, "initialScore": 1376.5992766108272, "initialConfidence": 35.0, "updatedScore": 1373.4485750195358, "updatedConfidence": 35.0, "teamId": 99999}, {"id": 77048539, "state": 2, "submissionId": 23825329, "reward": 290031, "index": 1, "initialScore": 1459.795877252256, "initialConfidence": 66.83690912481026, "updatedScore": 1471.2854505229056, "updatedConfidence": 65.20013279081992, "teamId": 99999}]}