{"id": 28430589, "competitionId": 30067, "createTime": {"seconds": 1634511363}, "endTime": {"seconds": 1634511363}, "agents": [{"id": 71957778, "state": 2, "submissionId": 23139746, "reward": 0, "index": 0, "initialScore": 1584.337749072698, "initialConfidence": 35.0, "updatedScore": 1578.8140196694028, "updatedConfidence": 35.0, "teamId": 99999}, {"id": 71957779, "state": 2, "submissionId": 23281649, "reward": 120007, "index": 1, "initialScore": 1523.055965425908, "initialConfidence": 39.20618692432049, "updatedScore": 1529.9871189553337, "updatedConfidence": 38.76599034023533, "teamId": 99999}]}