{"id": 31477563, "competitionId": 30067, "createTime": {"seconds": 1637473292}, "endTime": {"seconds": 1637473292}, "agents": [{"id": 78049724, "state": 2, "submissionId": 23825266, "reward": 350035, "index": 0, "initialScore": 1791.6873481631817, "initialConfidence": 35.0, "updatedScore": 1795.4091374754569, "updatedConfidence": 35.0, "teamId": 99999}, {"id": 78049725, "state": 2, "submissionId": 23642618, "reward": 1, "index": 1, "initialScore": 1742.951165448675, "initialConfidence": 35.0, "updatedScore": 1739.2293761364, "updatedConfidence": 35.0, "teamId": 99999}]}