{"id": 30973097, "competitionId": 30067, "createTime": {"seconds": 1637078334}, "endTime": {"seconds": 1637078334}, "agents": [{"id": 77040792, "state": 2, "submissionId": 23010873, "reward": 0, "index": 0, "initialScore": 974.9886204816004, "initialConfidence": 35.0, "updatedScore": 971.785266817434, "updatedConfidence": 35.0, "teamId": 99999}, {"id": 77040793, "state": 2, "submissionId": 23825329, "reward": 280028, "index": 1, "initialScore": 1028.4166456944638, "initialConfidence": 140.0, "updatedScore": 1079.6703043211262, "updatedConfidence": 127.1232016564526, "teamId": 99999}]}