{"id": 31657660, "competitionId": 30067, "createTime": {"seconds": 1637606839}, "endTime": {"seconds": 1637606839}, "agents": [{"id": 78409918, "state": 2, "submissionId": 23790156, "reward": 1310030, "index": 0, "initialScore": 1743.836024815099, "initialConfidence": 35.0, "updatedScore": 1739.9890098921596, "updatedConfidence": 35.0, "teamId": 99999}, {"id": 78409919, "state": 2, "submissionId": 23825370, "reward": 1470087, "index": 1, "initialScore": 1784.3522476197822, "initialConfidence": 35.0, "updatedScore": 1788.199262542722, "updatedConfidence": 35.0, "teamId": 99999}]}