{"id": 30458170, "competitionId": 30067, "createTime": {"seconds": 1636645318}, "endTime": {"seconds": 1636645318}, "agents": [{"id": 76010938, "state": 2, "submissionId": 23554433, "reward": 0, "index": 0, "initialScore": 1775.2105489479673, "initialConfidence": 35.0, "updatedScore": 1773.7760938955578, "updatedConfidence": 35.0, "teamId": 99999}, {"id": 76010939, "state": 2, "submissionId": 23297953, "reward": 210001, "index": 1, "initialScore": 2013.044433780553, "initialConfidence": 35.0, "updatedScore": 2014.4788888329624, "updatedConfidence": 35.0, "teamId": 99999}]}