{"id": 31008614, "competitionId": 30067, "createTime": {"seconds": 1637107453}, "endTime": {"seconds": 1637107453}, "agents": [{"id": 77111826, "state": 2, "submissionId": 23572005, "reward": 910049, "index": 0, "initialScore": 1678.4424930346927, "initialConfidence": 35.0, "updatedScore": 1674.595056134617, "updatedConfidence": 35.0, "teamId": 99999}, {"id": 77111827, "state": 2, "submissionId": 23825329, "reward": 1620121, "index": 1, "initialScore": 1717.9867823580526, "initialConfidence": 40.629417975174654, "updatedScore": 1723.171398638108, "updatedConfidence": 40.20978838237836, "teamId": 99999}]}