{"id": 30972205, "competitionId": 30067, "createTime": {"seconds": 1637077613}, "endTime": {"seconds": 1637077613}, "agents": [{"id": 77039008, "state": 2, "submissionId": 23825266, "reward": 550016, "index": 0, "initialScore": 811.3143512685851, "initialConfidence": 170.0, "updatedScore": 859.6917044622876, "updatedConfidence": 155.0, "teamId": 99999}, {"id": 77039009, "state": 2, "submissionId": 22585925, "reward": 0, "index": 1, "initialScore": 646.411221104781, "initialConfidence": 35.0, "updatedScore": 644.3606239538369, "updatedConfidence": 35.0, "teamId": 99999}]}