{"id": 31938325, "competitionId": 30067, "createTime": {"seconds": 1637809251}, "endTime": {"seconds": 1637809251}, "agents": [{"id": 78971248, "state": 2, "submissionId": 23825370, "reward": 1240026, "index": 0, "initialScore": 1824.0323318332732, "initialConfidence": 35.0, "updatedScore": 1827.3737916165785, "updatedConfidence": 35.0, "teamId": 99999}, {"id": 78971249, "state": 2, "submissionId": 23790156, "reward": 1150020, "index": 1, "initialScore": 1749.4918913497306, "initialConfidence": 35.0, "updatedScore": 1746.1504315664256, "updatedConfidence": 35.0, "teamId": 99999}]}