{"id": 31122232, "competitionId": 30067, "createTime": {"seconds": 1637198506}, "endTime": {"seconds": 1637198506}, "agents": [{"id": 77339062, "state": 2, "submissionId": 23642602, "reward": 40002, "index": 0, "initialScore": 1750.870022978006, "initialConfidence": 35.0, "updatedScore": 1747.910057476539, "updatedConfidence": 35.0, "teamId": 99999}, {"id": 77339063, "state": 2, "submissionId": 23692494, "reward": 2090043, "index": 1, "initialScore": 1852.790968782832, "initialConfidence": 35.0, "updatedScore": 1855.7509342842989, "updatedConfidence": 35.0, "teamId": 99999}]}