{"id": 30428207, "competitionId": 30067, "createTime": {"seconds": 1636619364}, "endTime": {"seconds": 1636619364}, "agents": [{"id": 75951012, "state": 2, "submissionId": 23024799, "reward": 0, "index": 0, "initialScore": 1329.3671552991232, "initialConfidence": 35.0, "updatedScore": 1326.426895437642, "updatedConfidence": 35.0, "teamId": 99999}, {"id": 75951013, "state": 2, "submissionId": 23692494, "reward": 570009, "index": 1, "initialScore": 1431.779418830317, "initialConfidence": 44.935042585019374, "updatedScore": 1436.6258264830742, "updatedConfidence": 44.44008249274239, "teamId": 99999}]}