{"id": 28859187, "competitionId": 30067, "createTime": {"seconds": 1635024980}, "endTime": {"seconds": 1635024980}, "agents": [{"id": 72814974, "state": 2, "submissionId": 22902113, "reward": 310032, "index": 0, "initialScore": 1659.1694107143555, "initialConfidence": 35.0, "updatedScore": 1656.2714418903663, "updatedConfidence": 35.0, "teamId": 99999}, {"id": 72814975, "state": 2, "submissionId": 23281649, "reward": 1030043, "index": 1, "initialScore": 1765.7062650798143, "initialConfidence": 35.0, "updatedScore": 1768.604233903803, "updatedConfidence": 35.0, "teamId": 99999}]}