{"id": 31038156, "competitionId": 30067, "createTime": {"seconds": 1637131280}, "endTime": {"seconds": 1637131280}, "agents": [{"id": 77170910, "state": 2, "submissionId": 23554433, "reward": 300008, "index": 0, "initialScore": 1788.398160473047, "initialConfidence": 35.0, "updatedScore": 1797.6612493887783, "updatedConfidence": 35.0, "teamId": 99999}, {"id": 77170911, "state": 2, "submissionId": 23297953, "reward": 1, "index": 1, "initialScore": 2061.4103670488257, "initialConfidence": 35.0, "updatedScore": 2052.147278133094, "updatedConfidence": 35.0, "teamId": 99999}]}