{"id": 31426474, "competitionId": 30067, "createTime": {"seconds": 1637434658}, "endTime": {"seconds": 1637434658}, "agents": [{"id": 77947546, "state": 2, "submissionId": 23825224, "reward": 410036, "index": 0, "initialScore": 1846.8923668287912, "initialConfidence": 35.0, "updatedScore": 1854.1287187150083, "updatedConfidence": 35.0, "teamId": 99999}, {"id": 77947547, "state": 2, "submissionId": 23297953, "reward": 0, "index": 1, "initialScore": 1997.929726656797, "initialConfidence": 35.0, "updatedScore": 1990.69337477058, "updatedConfidence": 35.0, "teamId": 99999}]}