{"id": 30774813, "competitionId": 30067, "createTime": {"seconds": 1636914970}, "endTime": {"seconds": 1636914970}, "agents": [{"id": 76644224, "state": 2, "submissionId": 23554433, "reward": 410001, "index": 0, "initialScore": 1770.0283856343392, "initialConfidence": 35.0, "updatedScore": 1778.185907484008, "updatedConfidence": 35.0, "teamId": 99999}, {"id": 76644225, "state": 2, "submissionId": 23281649, "reward": 100012, "index": 1, "initialScore": 1966.942061958706, "initialConfidence": 35.0, "updatedScore": 1958.7845401090367, "updatedConfidence": 35.0, "teamId": 99999}]}