{"id": 31843246, "competitionId": 30067, "createTime": {"seconds": 1637742458}, "endTime": {"seconds": 1637742458}, "agents": [{"id": 78781090, "state": 2, "submissionId": 23825266, "reward": 140005, "index": 0, "initialScore": 1820.31020272006, "initialConfidence": 35.0, "updatedScore": 1823.7514851873789, "updatedConfidence": 35.0, "teamId": 99999}, {"id": 78781091, "state": 2, "submissionId": 23642618, "reward": 30005, "index": 1, "initialScore": 1752.6737036964262, "initialConfidence": 35.0, "updatedScore": 1749.232421229107, "updatedConfidence": 35.0, "teamId": 99999}]}