{"id": 31242370, "competitionId": 30067, "createTime": {"seconds": 1637292882}, "endTime": {"seconds": 1637292882}, "agents": [{"id": 77579338, "state": 2, "submissionId": 23281649, "reward": 200021, "index": 0, "initialScore": 1959.77196681584, "initialConfidence": 35.0, "updatedScore": 1952.4406939620967, "updatedConfidence": 35.0, "teamId": 99999}, {"id": 77579339, "state": 2, "submissionId": 23770016, "reward": 510051, "index": 1, "initialScore": 1803.925164385428, "initialConfidence": 35.0, "updatedScore": 1811.2564372391705, "updatedConfidence": 35.0, "teamId": 99999}]}