{"id": 30063511, "competitionId": 30067, "createTime": {"seconds": 1636292229}, "endTime": {"seconds": 1636292229}, "agents": [{"id": 75221620, "state": 2, "submissionId": 23323058, "reward": 30004, "index": 0, "initialScore": 1757.9984862517915, "initialConfidence": 35.0, "updatedScore": 1756.1147637222618, "updatedConfidence": 35.0, "teamId": 99999}, {"id": 75221621, "state": 2, "submissionId": 23281649, "reward": 100010, "index": 1, "initialScore": 1949.4305924937523, "initialConfidence": 35.0, "updatedScore": 1951.314315023282, "updatedConfidence": 35.0, "teamId": 99999}]}