{"id": 31723632, "competitionId": 30067, "createTime": {"seconds": 1637656794}, "endTime": {"seconds": 1637656794}, "agents": [{"id": 78541862, "state": 2, "submissionId": 23825224, "reward": 190006, "index": 0, "initialScore": 1862.075985692488, "initialConfidence": 35.0, "updatedScore": 1859.2175309869383, "updatedConfidence": 35.0, "teamId": 99999}, {"id": 78541863, "state": 2, "submissionId": 23281649, "reward": 580013, "index": 1, "initialScore": 1971.5816410920115, "initialConfidence": 35.0, "updatedScore": 1974.4400957975608, "updatedConfidence": 35.0, "teamId": 99999}]}