{"id": 32119201, "competitionId": 30067, "createTime": {"seconds": 1637936053}, "endTime": {"seconds": 1637936053}, "agents": [{"id": 79333000, "state": 2, "submissionId": 23825329, "reward": 830082, "index": 0, "initialScore": 1859.4011263414936, "initialConfidence": 35.0, "updatedScore": 1856.6954890463169, "updatedConfidence": 35.0, "teamId": 99999}, {"id": 79333001, "state": 2, "submissionId": 23297953, "reward": 1350032, "index": 1, "initialScore": 1980.596275411548, "initialConfidence": 35.0, "updatedScore": 1983.3019127067248, "updatedConfidence": 35.0, "teamId": 99999}]}