{"id": 28761136, "competitionId": 30067, "createTime": {"seconds": 1634912389}, "endTime": {"seconds": 1634912389}, "agents": [{"id": 72618872, "state": 2, "submissionId": 23323058, "reward": 130013, "index": 0, "initialScore": 1664.0186969386486, "initialConfidence": 35.0, "updatedScore": 1660.788759446751, "updatedConfidence": 35.0, "teamId": 99999}, {"id": 72618873, "state": 2, "submissionId": 23281649, "reward": 210013, "index": 1, "initialScore": 1746.393246568235, "initialConfidence": 35.0, "updatedScore": 1749.6231840601324, "updatedConfidence": 35.0, "teamId": 99999}]}