{"id": 30979357, "competitionId": 30067, "createTime": {"seconds": 1637083639}, "endTime": {"seconds": 1637083639}, "agents": [{"id": 77053312, "state": 2, "submissionId": 23386813, "reward": 0, "index": 0, "initialScore": 1438.9171044592738, "initialConfidence": 35.0, "updatedScore": 1434.5640278460212, "updatedConfidence": 35.0, "teamId": 99999}, {"id": 77053313, "state": 2, "submissionId": 23825266, "reward": 560051, "index": 1, "initialScore": 1442.3391211189007, "initialConfidence": 55.313644265001926, "updatedScore": 1453.2115047154168, "updatedConfidence": 54.21437893061101, "teamId": 99999}]}