{"id": 31856327, "competitionId": 30067, "createTime": {"seconds": 1637751584}, "endTime": {"seconds": 1637751584}, "agents": [{"id": 78807252, "state": 2, "submissionId": 23297953, "reward": 20003, "index": 0, "initialScore": 1989.372999881592, "initialConfidence": 35.0, "updatedScore": 1982.4106650343008, "updatedConfidence": 35.0, "teamId": 99999}, {"id": 78807253, "state": 2, "submissionId": 23825224, "reward": 700069, "index": 1, "initialScore": 1852.3376676948096, "initialConfidence": 35.0, "updatedScore": 1859.300002542101, "updatedConfidence": 35.0, "teamId": 99999}]}