{"id": 30641257, "competitionId": 30067, "createTime": {"seconds": 1636802854}, "endTime": {"seconds": 1636802854}, "agents": [{"id": 76377112, "state": 2, "submissionId": 23297953, "reward": 310024, "index": 0, "initialScore": 2035.8058082014552, "initialConfidence": 35.0, "updatedScore": 2037.1349544724503, "updatedConfidence": 35.0, "teamId": 99999}, {"id": 76377113, "state": 2, "submissionId": 23554433, "reward": 30006, "index": 1, "initialScore": 1764.9687195338026, "initialConfidence": 35.0, "updatedScore": 1763.6395732628075, "updatedConfidence": 35.0, "teamId": 99999}]}