{"id": 31206176, "competitionId": 30067, "createTime": {"seconds": 1637264798}, "endTime": {"seconds": 1637264798}, "agents": [{"id": 77506950, "state": 2, "submissionId": 23281649, "reward": 110011, "index": 0, "initialScore": 1963.5139420665887, "initialConfidence": 35.0, "updatedScore": 1955.8679371115304, "updatedConfidence": 35.0, "teamId": 99999}, {"id": 77506951, "state": 2, "submissionId": 23770016, "reward": 1130112, "index": 1, "initialScore": 1791.8617506124765, "initialConfidence": 35.0, "updatedScore": 1799.5077555675346, "updatedConfidence": 35.0, "teamId": 99999}]}