{"id": 31617792, "competitionId": 30067, "createTime": {"seconds": 1637577276}, "endTime": {"seconds": 1637577276}, "agents": [{"id": 78330182, "state": 2, "submissionId": 23760238, "reward": 40004, "index": 0, "initialScore": 1748.2501492201932, "initialConfidence": 35.0, "updatedScore": 1744.9266824055992, "updatedConfidence": 35.0, "teamId": 99999}, {"id": 78330183, "state": 2, "submissionId": 23825266, "reward": 210019, "index": 1, "initialScore": 1824.0457078475984, "initialConfidence": 35.0, "updatedScore": 1827.3691746621923, "updatedConfidence": 35.0, "teamId": 99999}]}