{"id": 29212822, "competitionId": 30067, "createTime": {"seconds": 1635416281}, "endTime": {"seconds": 1635416281}, "agents": [{"id": 73520244, "state": 2, "submissionId": 23281649, "reward": 830030, "index": 0, "initialScore": 1858.8541726026288, "initialConfidence": 35.0, "updatedScore": 1861.3412470852877, "updatedConfidence": 35.0, "teamId": 99999}, {"id": 73520245, "state": 2, "submissionId": 23323058, "reward": 450046, "index": 1, "initialScore": 1720.3084941389627, "initialConfidence": 35.0, "updatedScore": 1717.8214196563042, "updatedConfidence": 35.0, "teamId": 99999}]}