{"id": 30975780, "competitionId": 30067, "createTime": {"seconds": 1637080494}, "endTime": {"seconds": 1637080494}, "agents": [{"id": 77046158, "state": 2, "submissionId": 23737664, "reward": 0, "index": 0, "initialScore": 1217.3096151206194, "initialConfidence": 35.0, "updatedScore": 1214.0274370213192, "updatedConfidence": 35.0, "teamId": 99999}, {"id": 77046159, "state": 2, "submissionId": 23825266, "reward": 1240036, "index": 1, "initialScore": 1288.809674509921, "initialConfidence": 74.77398462593722, "updatedScore": 1303.790201910144, "updatedConfidence": 72.46640806807717, "teamId": 99999}]}