{"id": 32161200, "competitionId": 30067, "createTime": {"seconds": 1637965567}, "endTime": {"seconds": 1637965567}, "agents": [{"id": 79416998, "state": 2, "submissionId": 23642575, "reward": 1440081, "index": 0, "initialScore": 1782.1641304907655, "initialConfidence": 35.0, "updatedScore": 1778.906854444719, "updatedConfidence": 35.0, "teamId": 99999}, {"id": 79416999, "state": 2, "submissionId": 23825329, "reward": 1540153, "index": 1, "initialScore": 1862.605990406596, "initialConfidence": 35.0, "updatedScore": 1865.8632664526424, "updatedConfidence": 35.0, "teamId": 99999}]}