{"id": 30981137, "competitionId": 30067, "createTime": {"seconds": 1637085069}, "endTime": {"seconds": 1637085069}, "agents": [{"id": 77056872, "state": 2, "submissionId": 23742850, "reward": 220021, "index": 0, "initialScore": 1451.6528077595044, "initialConfidence": 35.0, "updatedScore": 1448.038008598312, "updatedConfidence": 35.0, "teamId": 99999}, {"id": 77056873, "state": 2, "submissionId": 23825266, "reward": 2150165, "index": 1, "initialScore": 1505.1843959828816, "initialConfidence": 49.02478824673448, "updatedScore": 1512.276572514674, "updatedConfidence": 48.31580391590835, "teamId": 99999}]}