{"id": 31376833, "competitionId": 30067, "createTime": {"seconds": 1637397046}, "endTime": {"seconds": 1637397046}, "agents": [{"id": 77848264, "state": 2, "submissionId": 23825224, "reward": 350035, "index": 0, "initialScore": 1838.5678705957137, "initialConfidence": 35.0, "updatedScore": 1835.580168853012, "updatedConfidence": 35.0, "teamId": 99999}, {"id": 77848265, "state": 2, "submissionId": 23281649, "reward": 620019, "index": 1, "initialScore": 1938.439915944388, "initialConfidence": 35.0, "updatedScore": 1941.42761768709, "updatedConfidence": 35.0, "teamId": 99999}]}