{"id": 31502938, "competitionId": 30067, "createTime": {"seconds": 1637492255}, "endTime": {"seconds": 1637492255}, "agents": [{"id": 78100474, "state": 2, "submissionId": 23825329, "reward": 770068, "index": 0, "initialScore": 1819.0905583661893, "initialConfidence": 35.0, "updatedScore": 1822.5614389178816, "updatedConfidence": 35.0, "teamId": 99999}, {"id": 78100475, "state": 2, "submissionId": 23642575, "reward": 60008, "index": 1, "initialScore": 1753.4823387211122, "initialConfidence": 35.0, "updatedScore": 1750.01145816942, "updatedConfidence": 35.0, "teamId": 99999}]}