{"id": 31992686, "competitionId": 30067, "createTime": {"seconds": 1637847399}, "endTime": {"seconds": 1637847399}, "agents": [{"id": 79079970, "state": 2, "submissionId": 23825370, "reward": 410040, "index": 0, "initialScore": 1822.81397514796, "initialConfidence": 35.0, "updatedScore": 1817.2772979469407, "updatedConfidence": 35.0, "teamId": 99999}, {"id": 79079971, "state": 2, "submissionId": 23883228, "reward": 1410027, "index": 1, "initialScore": 1762.0225907445606, "initialConfidence": 35.0, "updatedScore": 1767.5592679455792, "updatedConfidence": 35.0, "teamId": 99999}]}