{"id": 30990877, "competitionId": 30067, "createTime": {"seconds": 1637092997}, "endTime": {"seconds": 1637092997}, "agents": [{"id": 77076352, "state": 2, "submissionId": 23572011, "reward": 110009, "index": 0, "initialScore": 1720.0738231259904, "initialConfidence": 35.0, "updatedScore": 1715.132365759352, "updatedConfidence": 35.0, "teamId": 99999}, {"id": 77076353, "state": 2, "submissionId": 23825329, "reward": 1280126, "index": 1, "initialScore": 1691.2971978358607, "initialConfidence": 42.618670902531605, "updatedScore": 1698.624072587234, "updatedConfidence": 42.07960555324161, "teamId": 99999}]}