{"id": 31026830, "competitionId": 30067, "createTime": {"seconds": 1637122161}, "endTime": {"seconds": 1637122161}, "agents": [{"id": 77148258, "state": 2, "submissionId": 23676660, "reward": 0, "index": 0, "initialScore": 1565.2523905646374, "initialConfidence": 35.0, "updatedScore": 1561.3315398376033, "updatedConfidence": 35.0, "teamId": 99999}, {"id": 77148259, "state": 2, "submissionId": 23825370, "reward": 230019, "index": 1, "initialScore": 1600.2192817302036, "initialConfidence": 39.4520385843752, "updatedScore": 1605.2010453640185, "updatedConfidence": 39.06399592172342, "teamId": 99999}]}