{"id": 31630285, "competitionId": 30067, "createTime": {"seconds": 1637586400}, "endTime": {"seconds": 1637586400}, "agents": [{"id": 78355168, "state": 2, "submissionId": 23674326, "reward": 20002, "index": 0, "initialScore": 1769.515753722856, "initialConfidence": 35.0, "updatedScore": 1774.9999277239697, "updatedConfidence": 35.0, "teamId": 99999}, {"id": 78355169, "state": 2, "submissionId": 23825266, "reward": 0, "index": 1, "initialScore": 1827.3691746621923, "initialConfidence": 35.0, "updatedScore": 1821.8850006610787, "updatedConfidence": 35.0, "teamId": 99999}]}