{"id": 30652455, "competitionId": 30067, "createTime": {"seconds": 1636812220}, "endTime": {"seconds": 1636812220}, "agents": [{"id": 76399508, "state": 2, "submissionId": 23554433, "reward": 70008, "index": 0, "initialScore": 1762.0029031923527, "initialConfidence": 35.0, "updatedScore": 1771.2659921080842, "updatedConfidence": 35.0, "teamId": 99999}, {"id": 76399509, "state": 2, "submissionId": 23297953, "reward": 0, "index": 1, "initialScore": 2037.1349544724503, "initialConfidence": 35.0, "updatedScore": 2027.8718655567188, "updatedConfidence": 35.0, "teamId": 99999}]}