{"id": 30984785, "competitionId": 30067, "createTime": {"seconds": 1637087952}, "endTime": {"seconds": 1637087952}, "agents": [{"id": 77064168, "state": 2, "submissionId": 23825370, "reward": 310015, "index": 0, "initialScore": 1552.4095639101638, "initialConfidence": 43.41130200305339, "updatedScore": 1556.7838692264118, "updatedConfidence": 42.97199601432302, "teamId": 99999}, {"id": 77064169, "state": 2, "submissionId": 23759995, "reward": 0, "index": 1, "initialScore": 1442.498300753066, "initialConfidence": 35.0, "updatedScore": 1439.6548902834736, "updatedConfidence": 35.0, "teamId": 99999}]}