{"id": 28533832, "competitionId": 30067, "createTime": {"seconds": 1634640187}, "endTime": {"seconds": 1634640187}, "agents": [{"id": 72164264, "state": 2, "submissionId": 23281649, "reward": 190006, "index": 0, "initialScore": 1637.822120072605, "initialConfidence": 35.0, "updatedScore": 1642.2141838579437, "updatedConfidence": 35.0, "teamId": 99999}, {"id": 72164265, "state": 2, "submissionId": 23180924, "reward": 0, "index": 1, "initialScore": 1631.7463907615647, "initialConfidence": 35.0, "updatedScore": 1627.354326976226, "updatedConfidence": 35.0, "teamId": 99999}]}