{"id": 31910436, "competitionId": 30067, "createTime": {"seconds": 1637789803}, "endTime": {"seconds": 1637789803}, "agents": [{"id": 78915470, "state": 2, "submissionId": 23790168, "reward": 1060050, "index": 0, "initialScore": 1762.9202387636385, "initialConfidence": 35.0, "updatedScore": 1759.356981415789, "updatedConfidence": 35.0, "teamId": 99999}, {"id": 78915471, "state": 2, "submissionId": 23825329, "reward": 1870187, "index": 1, "initialScore": 1822.2511513171328, "initialConfidence": 35.0, "updatedScore": 1825.814408664982, "updatedConfidence": 35.0, "teamId": 99999}]}