{"id": 30983817, "competitionId": 30067, "createTime": {"seconds": 1637087236}, "endTime": {"seconds": 1637087236}, "agents": [{"id": 77062232, "state": 2, "submissionId": 23825266, "reward": 1050103, "index": 0, "initialScore": 1575.2250170501234, "initialConfidence": 42.83995633834834, "updatedScore": 1579.76965845998, "updatedConfidence": 42.40306471850136, "teamId": 99999}, {"id": 77062233, "state": 2, "submissionId": 23412289, "reward": 4, "index": 1, "initialScore": 1479.5215900116614, "initialConfidence": 35.0, "updatedScore": 1476.4881342137564, "updatedConfidence": 35.0, "teamId": 99999}]}