{"id": 31670898, "competitionId": 30067, "createTime": {"seconds": 1637616441}, "endTime": {"seconds": 1637616441}, "agents": [{"id": 78436394, "state": 2, "submissionId": 23825370, "reward": 1980193, "index": 0, "initialScore": 1788.199262542722, "initialConfidence": 35.0, "updatedScore": 1790.9718884090832, "updatedConfidence": 35.0, "teamId": 99999}, {"id": 78436395, "state": 2, "submissionId": 23586821, "reward": 250025, "index": 1, "initialScore": 1672.170112544708, "initialConfidence": 35.0, "updatedScore": 1669.3974866783467, "updatedConfidence": 35.0, "teamId": 99999}]}