{"id": 30425997, "competitionId": 30067, "createTime": {"seconds": 1636617445}, "endTime": {"seconds": 1636617445}, "agents": [{"id": 75946592, "state": 2, "submissionId": 23692494, "reward": 520031, "index": 0, "initialScore": 1375.832039879396, "initialConfidence": 49.83415841751847, "updatedScore": 1382.6353251429505, "updatedConfidence": 49.1165603257062, "teamId": 99999}, {"id": 75946593, "state": 2, "submissionId": 23368040, "reward": 3, "index": 1, "initialScore": 1304.4269487740685, "initialConfidence": 35.0, "updatedScore": 1301.07111443864, "updatedConfidence": 35.0, "teamId": 99999}]}