{"id": 31802528, "competitionId": 30067, "createTime": {"seconds": 1637713423}, "endTime": {"seconds": 1637713423}, "agents": [{"id": 78699654, "state": 2, "submissionId": 23825143, "reward": 450043, "index": 0, "initialScore": 1836.0698425865307, "initialConfidence": 35.0, "updatedScore": 1839.6392784034333, "updatedConfidence": 35.0, "teamId": 99999}, {"id": 78699655, "state": 2, "submissionId": 23790168, "reward": 190012, "index": 1, "initialScore": 1777.1559774948068, "initialConfidence": 35.0, "updatedScore": 1773.5865416779045, "updatedConfidence": 35.0, "teamId": 99999}]}