{"id": 30543383, "competitionId": 30067, "createTime": {"seconds": 1636719029}, "endTime": {"seconds": 1636719029}, "agents": [{"id": 76181364, "state": 2, "submissionId": 23323058, "reward": 500050, "index": 0, "initialScore": 1762.4407470569852, "initialConfidence": 35.0, "updatedScore": 1770.9117400542334, "updatedConfidence": 35.0, "teamId": 99999}, {"id": 76181365, "state": 2, "submissionId": 23281649, "reward": 360027, "index": 1, "initialScore": 1974.600537866237, "initialConfidence": 35.0, "updatedScore": 1966.129544868989, "updatedConfidence": 35.0, "teamId": 99999}]}