{"id": 31824995, "competitionId": 30067, "createTime": {"seconds": 1637729499}, "endTime": {"seconds": 1637729499}, "agents": [{"id": 78744588, "state": 2, "submissionId": 23825329, "reward": 560056, "index": 0, "initialScore": 1820.5317707793065, "initialConfidence": 35.0, "updatedScore": 1823.4911756709928, "updatedConfidence": 35.0, "teamId": 99999}, {"id": 78744589, "state": 2, "submissionId": 23790148, "reward": 30001, "index": 1, "initialScore": 1718.5693104855625, "initialConfidence": 35.0, "updatedScore": 1715.6099055938764, "updatedConfidence": 35.0, "teamId": 99999}]}