{"id": 31736953, "competitionId": 30067, "createTime": {"seconds": 1637666423}, "endTime": {"seconds": 1637666423}, "agents": [{"id": 78568504, "state": 2, "submissionId": 23770016, "reward": 570047, "index": 0, "initialScore": 1855.845828233205, "initialConfidence": 35.0, "updatedScore": 1853.0973542071304, "updatedConfidence": 35.0, "teamId": 99999}, {"id": 78568505, "state": 2, "submissionId": 23692494, "reward": 1320035, "index": 1, "initialScore": 1973.7297943011188, "initialConfidence": 35.0, "updatedScore": 1976.4782683271933, "updatedConfidence": 35.0, "teamId": 99999}]}