{"id": 29951066, "competitionId": 30067, "createTime": {"seconds": 1636188306}, "endTime": {"seconds": 1636188306}, "agents": [{"id": 74996730, "state": 2, "submissionId": 23281649, "reward": 170014, "index": 0, "initialScore": 1937.87252810989, "initialConfidence": 35.0, "updatedScore": 1939.937942962255, "updatedConfidence": 35.0, "teamId": 99999}, {"id": 74996731, "state": 2, "submissionId": 23554491, "reward": 10004, "index": 1, "initialScore": 1763.2818893984297, "initialConfidence": 35.0, "updatedScore": 1761.2164745460643, "updatedConfidence": 35.0, "teamId": 99999}]}