{"id": 31120922, "competitionId": 30067, "createTime": {"seconds": 1637197311}, "endTime": {"seconds": 1637197311}, "agents": [{"id": 77336442, "state": 2, "submissionId": 23516857, "reward": 40008, "index": 0, "initialScore": 1664.523195729946, "initialConfidence": 35.0, "updatedScore": 1669.826963516468, "updatedConfidence": 35.0, "teamId": 99999}, {"id": 77336443, "state": 2, "submissionId": 23825143, "reward": 0, "index": 1, "initialScore": 1712.1973474106574, "initialConfidence": 35.0, "updatedScore": 1706.893579624135, "updatedConfidence": 35.0, "teamId": 99999}]}