{"id": 30268497, "competitionId": 30067, "createTime": {"seconds": 1636478068}, "endTime": {"seconds": 1636478068}, "agents": [{"id": 75631592, "state": 2, "submissionId": 23281649, "reward": 430026, "index": 0, "initialScore": 1958.7240199344965, "initialConfidence": 35.0, "updatedScore": 1960.5161648143564, "updatedConfidence": 35.0, "teamId": 99999}, {"id": 75631593, "state": 2, "submissionId": 23323058, "reward": 110014, "index": 1, "initialScore": 1758.4356105087322, "initialConfidence": 35.0, "updatedScore": 1756.643465628872, "updatedConfidence": 35.0, "teamId": 99999}]}