{"id": 31217120, "competitionId": 30067, "createTime": {"seconds": 1637273203}, "endTime": {"seconds": 1637273203}, "agents": [{"id": 77528838, "state": 2, "submissionId": 23642597, "reward": 510048, "index": 0, "initialScore": 1757.7765464530598, "initialConfidence": 35.0, "updatedScore": 1755.0602826483607, "updatedConfidence": 35.0, "teamId": 99999}, {"id": 77528839, "state": 2, "submissionId": 23692494, "reward": 1650052, "index": 1, "initialScore": 1878.1477040123093, "initialConfidence": 35.0, "updatedScore": 1880.8639678170084, "updatedConfidence": 35.0, "teamId": 99999}]}