{"id": 32161139, "competitionId": 30067, "createTime": {"seconds": 1637965565}, "endTime": {"seconds": 1637965565}, "agents": [{"id": 79416876, "state": 2, "submissionId": 23825266, "reward": 420042, "index": 0, "initialScore": 1854.75890292686, "initialConfidence": 35.0, "updatedScore": 1852.3775592260956, "updatedConfidence": 35.0, "teamId": 99999}, {"id": 79416877, "state": 2, "submissionId": 23281649, "reward": 630031, "index": 1, "initialScore": 2001.9974957980205, "initialConfidence": 35.0, "updatedScore": 2004.3788394987848, "updatedConfidence": 35.0, "teamId": 99999}]}