{"id": 30974290, "competitionId": 30067, "createTime": {"seconds": 1637079294}, "endTime": {"seconds": 1637079294}, "agents": [{"id": 77043178, "state": 2, "submissionId": 23081074, "reward": 80005, "index": 0, "initialScore": 1208.9765566225424, "initialConfidence": 35.0, "updatedScore": 1204.0072895255907, "updatedConfidence": 35.0, "teamId": 99999}, {"id": 77043179, "state": 2, "submissionId": 23825266, "reward": 1330114, "index": 1, "initialScore": 1154.306681006091, "initialConfidence": 94.4733945102212, "updatedScore": 1190.5122429331946, "updatedConfidence": 89.08432675198199, "teamId": 99999}]}