{"id": 31352357, "competitionId": 30067, "createTime": {"seconds": 1637378326}, "endTime": {"seconds": 1637378326}, "agents": [{"id": 77799312, "state": 2, "submissionId": 23692494, "reward": 1920075, "index": 0, "initialScore": 1908.138613362408, "initialConfidence": 35.0, "updatedScore": 1911.429129160167, "updatedConfidence": 35.0, "teamId": 99999}, {"id": 77799313, "state": 2, "submissionId": 23770016, "reward": 870103, "index": 1, "initialScore": 1830.035813545616, "initialConfidence": 35.0, "updatedScore": 1826.7452977478567, "updatedConfidence": 35.0, "teamId": 99999}]}