{"id": 31134111, "competitionId": 30067, "createTime": {"seconds": 1637207868}, "endTime": {"seconds": 1637207868}, "agents": [{"id": 77362820, "state": 2, "submissionId": 23825329, "reward": 290019, "index": 0, "initialScore": 1793.5372327435489, "initialConfidence": 35.0, "updatedScore": 1797.1265056686598, "updatedConfidence": 35.0, "teamId": 99999}, {"id": 77362821, "state": 2, "submissionId": 23674333, "reward": 50005, "index": 1, "initialScore": 1735.960052379774, "initialConfidence": 35.0, "updatedScore": 1732.3707794546629, "updatedConfidence": 35.0, "teamId": 99999}]}