{"id": 29328776, "competitionId": 30067, "createTime": {"seconds": 1635538679}, "endTime": {"seconds": 1635538679}, "agents": [{"id": 73752152, "state": 2, "submissionId": 23297953, "reward": 310012, "index": 0, "initialScore": 1874.7932006962649, "initialConfidence": 35.0, "updatedScore": 1876.9328418086168, "updatedConfidence": 35.0, "teamId": 99999}, {"id": 73752153, "state": 2, "submissionId": 23323058, "reward": 0, "index": 1, "initialScore": 1706.832750030198, "initialConfidence": 35.0, "updatedScore": 1704.6931089178463, "updatedConfidence": 35.0, "teamId": 99999}]}