{"id": 30707961, "competitionId": 30067, "createTime": {"seconds": 1636859018}, "endTime": {"seconds": 1636859018}, "agents": [{"id": 76510520, "state": 2, "submissionId": 23303548, "reward": 2, "index": 0, "initialScore": 1628.4490290732354, "initialConfidence": 35.0, "updatedScore": 1624.2385015576713, "updatedConfidence": 35.0, "teamId": 99999}, {"id": 76510521, "state": 2, "submissionId": 23692494, "reward": 180016, "index": 1, "initialScore": 1645.7724110637564, "initialConfidence": 35.0, "updatedScore": 1649.9829385793205, "updatedConfidence": 35.0, "teamId": 99999}]}