{"id": 31843252, "competitionId": 30067, "createTime": {"seconds": 1637742458}, "endTime": {"seconds": 1637742458}, "agents": [{"id": 78781102, "state": 2, "submissionId": 23790168, "reward": 0, "index": 0, "initialScore": 1770.5272578302026, "initialConfidence": 35.0, "updatedScore": 1766.9828104685405, "updatedConfidence": 35.0, "teamId": 99999}, {"id": 78781103, "state": 2, "submissionId": 23825329, "reward": 90003, "index": 1, "initialScore": 1831.129979398896, "initialConfidence": 35.0, "updatedScore": 1834.674426760558, "updatedConfidence": 35.0, "teamId": 99999}]}