{"id": 28408593, "competitionId": 30067, "createTime": {"seconds": 1634483731}, "endTime": {"seconds": 1634483731}, "agents": [{"id": 71913786, "state": 2, "submissionId": 23281649, "reward": 60014, "index": 0, "initialScore": 600.0, "initialConfidence": 200.0, "updatedScore": 730.5323335143364, "updatedConfidence": 185.0, "teamId": 99999}, {"id": 71913787, "state": 2, "submissionId": 23247757, "reward": 0, "index": 1, "initialScore": 670.7565540092983, "initialConfidence": 35.0, "updatedScore": 666.7590012954217, "updatedConfidence": 35.0, "teamId": 99999}]}