{"id": 31339657, "competitionId": 30067, "createTime": {"seconds": 1637368288}, "endTime": {"seconds": 1637368288}, "agents": [{"id": 77773912, "state": 2, "submissionId": 23281649, "reward": 780040, "index": 0, "initialScore": 1940.946682060073, "initialConfidence": 35.0, "updatedScore": 1943.5047053384408, "updatedConfidence": 35.0, "teamId": 99999}, {"id": 77773913, "state": 2, "submissionId": 23769678, "reward": 150009, "index": 1, "initialScore": 1808.1207438964816, "initialConfidence": 35.0, "updatedScore": 1805.5627206181136, "updatedConfidence": 35.0, "teamId": 99999}]}