{"id": 31210631, "competitionId": 30067, "createTime": {"seconds": 1637268162}, "endTime": {"seconds": 1637268162}, "agents": [{"id": 77515860, "state": 2, "submissionId": 23572005, "reward": 820059, "index": 0, "initialScore": 1686.3741737385317, "initialConfidence": 35.0, "updatedScore": 1681.9979643506351, "updatedConfidence": 35.0, "teamId": 99999}, {"id": 77515861, "state": 2, "submissionId": 23825370, "reward": 1580138, "index": 1, "initialScore": 1693.4240272288046, "initialConfidence": 35.0, "updatedScore": 1697.8002366167009, "updatedConfidence": 35.0, "teamId": 99999}]}