{"id": 28485512, "competitionId": 30067, "createTime": {"seconds": 1634580030}, "endTime": {"seconds": 1634580030}, "agents": [{"id": 72067624, "state": 2, "submissionId": 23189543, "reward": 80007, "index": 0, "initialScore": 1384.733555508974, "initialConfidence": 35.0, "updatedScore": 1380.8613041235506, "updatedConfidence": 35.0, "teamId": 99999}, {"id": 72067625, "state": 2, "submissionId": 23297953, "reward": 1090020, "index": 1, "initialScore": 1421.444951296008, "initialConfidence": 46.76189867174256, "updatedScore": 1428.3570785991774, "updatedConfidence": 46.12465449924503, "teamId": 99999}]}