{"id": 31439956, "competitionId": 30067, "createTime": {"seconds": 1637444972}, "endTime": {"seconds": 1637444972}, "agents": [{"id": 77974510, "state": 2, "submissionId": 23825143, "reward": 350034, "index": 0, "initialScore": 1783.9694033195256, "initialConfidence": 35.0, "updatedScore": 1786.150454393451, "updatedConfidence": 35.0, "teamId": 99999}, {"id": 77974511, "state": 2, "submissionId": 23855754, "reward": 10008, "index": 1, "initialScore": 1619.6503056032266, "initialConfidence": 35.0, "updatedScore": 1617.4692545293012, "updatedConfidence": 35.0, "teamId": 99999}]}