{"id": 31338776, "competitionId": 30067, "createTime": {"seconds": 1637367568}, "endTime": {"seconds": 1637367568}, "agents": [{"id": 77772150, "state": 2, "submissionId": 23760238, "reward": 10003, "index": 0, "initialScore": 1758.2459313136171, "initialConfidence": 35.0, "updatedScore": 1753.9880393383712, "updatedConfidence": 35.0, "teamId": 99999}, {"id": 77772151, "state": 2, "submissionId": 23825143, "reward": 470046, "index": 1, "initialScore": 1772.614544039091, "initialConfidence": 35.0, "updatedScore": 1776.8724360143372, "updatedConfidence": 35.0, "teamId": 99999}]}