{"id": 29221527, "competitionId": 30067, "createTime": {"seconds": 1635425404}, "endTime": {"seconds": 1635425404}, "agents": [{"id": 73537654, "state": 2, "submissionId": 23297953, "reward": 140009, "index": 0, "initialScore": 1848.207407025052, "initialConfidence": 35.0, "updatedScore": 1850.7960270788865, "updatedConfidence": 35.0, "teamId": 99999}, {"id": 73537655, "state": 2, "submissionId": 23323058, "reward": 30003, "index": 1, "initialScore": 1717.8214196563042, "initialConfidence": 35.0, "updatedScore": 1715.2327996024694, "updatedConfidence": 35.0, "teamId": 99999}]}