{"id": 31098552, "competitionId": 30067, "createTime": {"seconds": 1637179348}, "endTime": {"seconds": 1637179348}, "agents": [{"id": 77291702, "state": 2, "submissionId": 23692494, "reward": 820018, "index": 0, "initialScore": 1846.25195988464, "initialConfidence": 35.0, "updatedScore": 1849.5359402237852, "updatedConfidence": 35.0, "teamId": 99999}, {"id": 77291703, "state": 2, "submissionId": 23554491, "reward": 210004, "index": 1, "initialScore": 1767.6901913457853, "initialConfidence": 35.0, "updatedScore": 1764.40621100664, "updatedConfidence": 35.0, "teamId": 99999}]}