{"id": 31463975, "competitionId": 30067, "createTime": {"seconds": 1637462978}, "endTime": {"seconds": 1637462978}, "agents": [{"id": 78022548, "state": 2, "submissionId": 23825224, "reward": 480044, "index": 0, "initialScore": 1847.363038471813, "initialConfidence": 35.0, "updatedScore": 1844.871645003552, "updatedConfidence": 35.0, "teamId": 99999}, {"id": 78022549, "state": 2, "submissionId": 23297953, "reward": 580037, "index": 1, "initialScore": 1985.557996607037, "initialConfidence": 35.0, "updatedScore": 1988.049390075298, "updatedConfidence": 35.0, "teamId": 99999}]}