{"id": 30975181, "competitionId": 30067, "createTime": {"seconds": 1637080014}, "endTime": {"seconds": 1637080014}, "agents": [{"id": 77044960, "state": 2, "submissionId": 23116882, "reward": 0, "index": 0, "initialScore": 1378.3920407085664, "initialConfidence": 35.0, "updatedScore": 1373.3525643060734, "updatedConfidence": 35.0, "teamId": 99999}, {"id": 77044961, "state": 2, "submissionId": 23825329, "reward": 480029, "index": 1, "initialScore": 1325.6114474645583, "initialConfidence": 84.12787045992893, "updatedScore": 1354.727273687841, "updatedConfidence": 80.21635538462658, "teamId": 99999}]}