{"id": 31736982, "competitionId": 30067, "createTime": {"seconds": 1637666423}, "endTime": {"seconds": 1637666423}, "agents": [{"id": 78568562, "state": 2, "submissionId": 23825266, "reward": 1340055, "index": 0, "initialScore": 1841.6420805567957, "initialConfidence": 35.0, "updatedScore": 1844.528347496238, "updatedConfidence": 35.0, "teamId": 99999}, {"id": 78568563, "state": 2, "submissionId": 23674333, "reward": 1170068, "index": 1, "initialScore": 1734.2282429852562, "initialConfidence": 35.0, "updatedScore": 1731.3419760458137, "updatedConfidence": 35.0, "teamId": 99999}]}