{"id": 30976377, "competitionId": 30067, "createTime": {"seconds": 1637080975}, "endTime": {"seconds": 1637080975}, "agents": [{"id": 77047352, "state": 2, "submissionId": 23825266, "reward": 430017, "index": 0, "initialScore": 1315.1136259405796, "initialConfidence": 70.58121652913873, "updatedScore": 1329.1072447400848, "updatedConfidence": 68.58032105652704, "teamId": 99999}, {"id": 77047353, "state": 2, "submissionId": 23775466, "reward": 0, "index": 1, "initialScore": 1254.2771587205832, "initialConfidence": 35.0, "updatedScore": 1250.836133555459, "updatedConfidence": 35.0, "teamId": 99999}]}