{"id": 28917628, "competitionId": 30067, "createTime": {"seconds": 1635091218}, "endTime": {"seconds": 1635091218}, "agents": [{"id": 72931856, "state": 2, "submissionId": 23323058, "reward": 50005, "index": 0, "initialScore": 1716.8878058085263, "initialConfidence": 35.0, "updatedScore": 1713.087639863762, "updatedConfidence": 35.0, "teamId": 99999}, {"id": 72931857, "state": 2, "submissionId": 23297953, "reward": 480011, "index": 1, "initialScore": 1760.4644844962386, "initialConfidence": 35.0, "updatedScore": 1764.2646504410031, "updatedConfidence": 35.0, "teamId": 99999}]}