{"id": 30982321, "competitionId": 30067, "createTime": {"seconds": 1637086030}, "endTime": {"seconds": 1637086030}, "agents": [{"id": 77059240, "state": 2, "submissionId": 23825370, "reward": 0, "index": 0, "initialScore": 1514.5208611175055, "initialConfidence": 48.2158074459664, "updatedScore": 1506.7111696977047, "updatedConfidence": 47.49889049724183, "teamId": 99999}, {"id": 77059241, "state": 2, "submissionId": 23493251, "reward": 50005, "index": 1, "initialScore": 1535.0822335843525, "initialConfidence": 35.0, "updatedScore": 1539.1974347955252, "updatedConfidence": 35.0, "teamId": 99999}]}