{"id": 30417487, "competitionId": 30067, "createTime": {"seconds": 1636610005}, "endTime": {"seconds": 1636610005}, "agents": [{"id": 75929572, "state": 2, "submissionId": 23077232, "reward": 0, "index": 0, "initialScore": 642.9862908400597, "initialConfidence": 35.0, "updatedScore": 639.6029891312257, "updatedConfidence": 35.0, "teamId": 99999}, {"id": 75929573, "state": 2, "submissionId": 23692494, "reward": 710012, "index": 1, "initialScore": 649.8318576002754, "initialConfidence": 185.0, "updatedScore": 744.3571645266782, "updatedConfidence": 170.0, "teamId": 99999}]}