{"id": 32049416, "competitionId": 30067, "createTime": {"seconds": 1637887298}, "endTime": {"seconds": 1637887298}, "agents": [{"id": 79193430, "state": 2, "submissionId": 23281649, "reward": 210000, "index": 0, "initialScore": 1991.536013247112, "initialConfidence": 35.0, "updatedScore": 1993.8690335913589, "updatedConfidence": 35.0, "teamId": 99999}, {"id": 79193431, "state": 2, "submissionId": 23825224, "reward": 0, "index": 1, "initialScore": 1840.252986107468, "initialConfidence": 35.0, "updatedScore": 1837.919965763221, "updatedConfidence": 35.0, "teamId": 99999}]}