{"id": 31074860, "competitionId": 30067, "createTime": {"seconds": 1637160593}, "endTime": {"seconds": 1637160593}, "agents": [{"id": 77244318, "state": 2, "submissionId": 23554491, "reward": 520016, "index": 0, "initialScore": 1771.3552042929946, "initialConfidence": 35.0, "updatedScore": 1767.9201421788125, "updatedConfidence": 35.0, "teamId": 99999}, {"id": 77244319, "state": 2, "submissionId": 23692494, "reward": 2060040, "index": 1, "initialScore": 1839.419041426227, "initialConfidence": 35.0, "updatedScore": 1842.8541035404087, "updatedConfidence": 35.0, "teamId": 99999}]}