{"id": 29429006, "competitionId": 30067, "createTime": {"seconds": 1635642894}, "endTime": {"seconds": 1635642894}, "agents": [{"id": 73952612, "state": 2, "submissionId": 23323058, "reward": 90011, "index": 0, "initialScore": 1712.8235949267423, "initialConfidence": 35.0, "updatedScore": 1720.6947976766412, "updatedConfidence": 35.0, "teamId": 99999}, {"id": 73952613, "state": 2, "submissionId": 23297953, "reward": 10004, "index": 1, "initialScore": 1895.6590999352889, "initialConfidence": 35.0, "updatedScore": 1887.78789718539, "updatedConfidence": 35.0, "teamId": 99999}]}