{"id": 31314721, "competitionId": 30067, "createTime": {"seconds": 1637349057}, "endTime": {"seconds": 1637349057}, "agents": [{"id": 77724040, "state": 2, "submissionId": 23770016, "reward": 150017, "index": 0, "initialScore": 1816.92140799282, "initialConfidence": 35.0, "updatedScore": 1825.417762679565, "updatedConfidence": 35.0, "teamId": 99999}, {"id": 77724041, "state": 2, "submissionId": 23297953, "reward": 2, "index": 1, "initialScore": 2030.307494714436, "initialConfidence": 35.0, "updatedScore": 2021.8111400276916, "updatedConfidence": 35.0, "teamId": 99999}]}