{"id": 29266531, "competitionId": 30067, "createTime": {"seconds": 1635473056}, "endTime": {"seconds": 1635473056}, "agents": [{"id": 73627662, "state": 2, "submissionId": 23323058, "reward": 1, "index": 0, "initialScore": 1707.9177442925106, "initialConfidence": 35.0, "updatedScore": 1705.6269439087598, "updatedConfidence": 35.0, "teamId": 99999}, {"id": 73627663, "state": 2, "submissionId": 23281649, "reward": 180008, "index": 1, "initialScore": 1862.77299504764, "initialConfidence": 35.0, "updatedScore": 1865.0637954313909, "updatedConfidence": 35.0, "teamId": 99999}]}