{"id": 31856291, "competitionId": 30067, "createTime": {"seconds": 1637751583}, "endTime": {"seconds": 1637751583}, "agents": [{"id": 78807180, "state": 2, "submissionId": 23825224, "reward": 70000, "index": 0, "initialScore": 1859.300002542101, "initialConfidence": 35.0, "updatedScore": 1856.6794178148268, "updatedConfidence": 35.0, "teamId": 99999}, {"id": 78807181, "state": 2, "submissionId": 23692494, "reward": 1070030, "index": 1, "initialScore": 1987.1535827744656, "initialConfidence": 35.0, "updatedScore": 1989.77416750174, "updatedConfidence": 35.0, "teamId": 99999}]}