{"id": 30898187, "competitionId": 30067, "createTime": {"seconds": 1637017111}, "endTime": {"seconds": 1637017111}, "agents": [{"id": 76890972, "state": 2, "submissionId": 23554491, "reward": 530025, "index": 0, "initialScore": 1803.1641430944069, "initialConfidence": 35.0, "updatedScore": 1801.7679385417937, "updatedConfidence": 35.0, "teamId": 99999}, {"id": 76890973, "state": 2, "submissionId": 23297953, "reward": 1160045, "index": 1, "initialScore": 2045.3484554881315, "initialConfidence": 35.0, "updatedScore": 2046.7446600407443, "updatedConfidence": 35.0, "teamId": 99999}]}