{"id": 30975784, "competitionId": 30067, "createTime": {"seconds": 1637080495}, "endTime": {"seconds": 1637080495}, "agents": [{"id": 77046166, "state": 2, "submissionId": 23504586, "reward": 0, "index": 0, "initialScore": 1368.1858476026473, "initialConfidence": 35.0, "updatedScore": 1364.5776832649797, "updatedConfidence": 35.0, "teamId": 99999}, {"id": 77046167, "state": 2, "submissionId": 23825143, "reward": 150010, "index": 1, "initialScore": 1417.8806839557826, "initialConfidence": 67.42240040766855, "updatedScore": 1431.2700076780231, "updatedConfidence": 65.6285770186144, "teamId": 99999}]}