{"id": 29931131, "competitionId": 30067, "createTime": {"seconds": 1636169557}, "endTime": {"seconds": 1636169557}, "agents": [{"id": 74956860, "state": 2, "submissionId": 23281649, "reward": 840046, "index": 0, "initialScore": 1933.593842725292, "initialConfidence": 35.0, "updatedScore": 1935.7374711154384, "updatedConfidence": 35.0, "teamId": 99999}, {"id": 74956861, "state": 2, "submissionId": 23554491, "reward": 230008, "index": 1, "initialScore": 1765.985762660231, "initialConfidence": 35.0, "updatedScore": 1763.8421342700844, "updatedConfidence": 35.0, "teamId": 99999}]}