{"id": 31776778, "competitionId": 30067, "createTime": {"seconds": 1637695004}, "endTime": {"seconds": 1637695004}, "agents": [{"id": 78648154, "state": 2, "submissionId": 23825143, "reward": 1890182, "index": 0, "initialScore": 1839.3047691924205, "initialConfidence": 35.0, "updatedScore": 1842.346653526599, "updatedConfidence": 35.0, "teamId": 99999}, {"id": 78648155, "state": 2, "submissionId": 23642575, "reward": 80016, "index": 1, "initialScore": 1743.407261750958, "initialConfidence": 35.0, "updatedScore": 1740.3653774167792, "updatedConfidence": 35.0, "teamId": 99999}]}