{"id": 32105436, "competitionId": 30067, "createTime": {"seconds": 1637926451}, "endTime": {"seconds": 1637926451}, "agents": [{"id": 79305470, "state": 2, "submissionId": 23825143, "reward": 500033, "index": 0, "initialScore": 1867.780522205532, "initialConfidence": 35.0, "updatedScore": 1871.1783520497688, "updatedConfidence": 35.0, "teamId": 99999}, {"id": 79305471, "state": 2, "submissionId": 23032370, "reward": 20002, "index": 1, "initialScore": 1797.1509269772532, "initialConfidence": 35.0, "updatedScore": 1793.7530971330166, "updatedConfidence": 35.0, "teamId": 99999}]}