{"id": 31339824, "competitionId": 30067, "createTime": {"seconds": 1637368522}, "endTime": {"seconds": 1637368522}, "agents": [{"id": 77774246, "state": 2, "submissionId": 23770016, "reward": 110000, "index": 0, "initialScore": 1820.3320357131204, "initialConfidence": 35.0, "updatedScore": 1817.0851693132945, "updatedConfidence": 35.0, "teamId": 99999}, {"id": 77774247, "state": 2, "submissionId": 23692494, "reward": 880024, "index": 1, "initialScore": 1901.508847611952, "initialConfidence": 35.0, "updatedScore": 1904.7557140117776, "updatedConfidence": 35.0, "teamId": 99999}]}