{"id": 31325021, "competitionId": 30067, "createTime": {"seconds": 1637357011}, "endTime": {"seconds": 1637357011}, "agents": [{"id": 77744640, "state": 2, "submissionId": 23825370, "reward": 1770161, "index": 0, "initialScore": 1730.1755548531255, "initialConfidence": 35.0, "updatedScore": 1733.7263619225537, "updatedConfidence": 35.0, "teamId": 99999}, {"id": 77744641, "state": 2, "submissionId": 23500163, "reward": 180017, "index": 1, "initialScore": 1670.0031958306504, "initialConfidence": 35.0, "updatedScore": 1666.4523887612224, "updatedConfidence": 35.0, "teamId": 99999}]}