{"id": 30587068, "competitionId": 30067, "createTime": {"seconds": 1636756715}, "endTime": {"seconds": 1636756715}, "agents": [{"id": 76268734, "state": 2, "submissionId": 23692494, "reward": 3040054, "index": 0, "initialScore": 1592.567244649233, "initialConfidence": 35.0, "updatedScore": 1598.8920160370203, "updatedConfidence": 35.0, "teamId": 99999}, {"id": 76268735, "state": 2, "submissionId": 23486156, "reward": 50012, "index": 1, "initialScore": 1696.274932359597, "initialConfidence": 35.0, "updatedScore": 1689.9501609718095, "updatedConfidence": 35.0, "teamId": 99999}]}