{"id": 28463955, "competitionId": 30067, "createTime": {"seconds": 1634553123}, "endTime": {"seconds": 1634553123}, "agents": [{"id": 72024510, "state": 2, "submissionId": 23281649, "reward": 390011, "index": 0, "initialScore": 1572.289423205558, "initialConfidence": 35.9407521277751, "updatedScore": 1577.7292574259384, "updatedConfidence": 35.609494400766465, "teamId": 99999}, {"id": 72024511, "state": 2, "submissionId": 23097623, "reward": 0, "index": 1, "initialScore": 1611.920266124734, "initialConfidence": 35.0, "updatedScore": 1606.761481095692, "updatedConfidence": 35.0, "teamId": 99999}]}