{"id": 29656029, "competitionId": 30067, "createTime": {"seconds": 1635904289}, "endTime": {"seconds": 1635904289}, "agents": [{"id": 74406656, "state": 2, "submissionId": 23297953, "reward": 770013, "index": 0, "initialScore": 1929.2371516909452, "initialConfidence": 35.0, "updatedScore": 1930.6956916713195, "updatedConfidence": 35.0, "teamId": 99999}, {"id": 74406657, "state": 2, "submissionId": 23308353, "reward": 160016, "index": 1, "initialScore": 1694.1046697799009, "initialConfidence": 35.0, "updatedScore": 1692.646129799527, "updatedConfidence": 35.0, "teamId": 99999}]}