{"id": 31144630, "competitionId": 30067, "createTime": {"seconds": 1637216032}, "endTime": {"seconds": 1637216032}, "agents": [{"id": 77383858, "state": 2, "submissionId": 23297953, "reward": 90018, "index": 0, "initialScore": 2052.1935333844363, "initialConfidence": 35.0, "updatedScore": 2042.9304444687048, "updatedConfidence": 35.0, "teamId": 99999}, {"id": 77383859, "state": 2, "submissionId": 23770016, "reward": 210022, "index": 1, "initialScore": 1774.0535031589354, "initialConfidence": 35.0, "updatedScore": 1783.316592074667, "updatedConfidence": 35.0, "teamId": 99999}]}