{"id": 28636741, "competitionId": 30067, "createTime": {"seconds": 1634765070}, "endTime": {"seconds": 1634765070}, "agents": [{"id": 72370082, "state": 2, "submissionId": 23275886, "reward": 10001, "index": 0, "initialScore": 1570.5849035493982, "initialConfidence": 35.0, "updatedScore": 1566.833939414881, "updatedConfidence": 35.0, "teamId": 99999}, {"id": 72370083, "state": 2, "submissionId": 23297953, "reward": 260013, "index": 1, "initialScore": 1617.3946511246131, "initialConfidence": 35.0, "updatedScore": 1621.1456152591306, "updatedConfidence": 35.0, "teamId": 99999}]}