{"id": 32161281, "competitionId": 30067, "createTime": {"seconds": 1637965569}, "endTime": {"seconds": 1637965569}, "agents": [{"id": 79417160, "state": 2, "submissionId": 23825370, "reward": 260023, "index": 0, "initialScore": 1847.8898290619857, "initialConfidence": 35.0, "updatedScore": 1851.813469322328, "updatedConfidence": 35.0, "teamId": 99999}, {"id": 79417161, "state": 2, "submissionId": 23889524, "reward": 2, "index": 1, "initialScore": 1812.3424487373609, "initialConfidence": 35.0, "updatedScore": 1808.4188084770187, "updatedConfidence": 35.0, "teamId": 99999}]}