{"id": 32105260, "competitionId": 30067, "createTime": {"seconds": 1637926447}, "endTime": {"seconds": 1637926447}, "agents": [{"id": 79305118, "state": 2, "submissionId": 23825329, "reward": 270020, "index": 0, "initialScore": 1852.9321153083963, "initialConfidence": 35.0, "updatedScore": 1856.4723686563573, "updatedConfidence": 35.0, "teamId": 99999}, {"id": 79305119, "state": 2, "submissionId": 23642575, "reward": 20002, "index": 1, "initialScore": 1792.0453817665175, "initialConfidence": 35.0, "updatedScore": 1788.5051284185568, "updatedConfidence": 35.0, "teamId": 99999}]}