{"id": 30278924, "competitionId": 30067, "createTime": {"seconds": 1636487194}, "endTime": {"seconds": 1636487194}, "agents": [{"id": 75652446, "state": 2, "submissionId": 23554491, "reward": 530042, "index": 0, "initialScore": 1773.6871931549929, "initialConfidence": 35.0, "updatedScore": 1771.75479024189, "updatedConfidence": 35.0, "teamId": 99999}, {"id": 75652447, "state": 2, "submissionId": 23281649, "reward": 1280045, "index": 1, "initialScore": 1960.5161648143564, "initialConfidence": 35.0, "updatedScore": 1962.448567727459, "updatedConfidence": 35.0, "teamId": 99999}]}