{"id": 29456187, "competitionId": 30067, "createTime": {"seconds": 1635670794}, "endTime": {"seconds": 1635670794}, "agents": [{"id": 74006974, "state": 2, "submissionId": 23281649, "reward": 980048, "index": 0, "initialScore": 1883.9350517236087, "initialConfidence": 35.0, "updatedScore": 1886.1557253833157, "updatedConfidence": 35.0, "teamId": 99999}, {"id": 74006975, "state": 2, "submissionId": 23323058, "reward": 700070, "index": 1, "initialScore": 1723.063252523096, "initialConfidence": 35.0, "updatedScore": 1720.8425788633897, "updatedConfidence": 35.0, "teamId": 99999}]}