{"id": 30490332, "competitionId": 30067, "createTime": {"seconds": 1636673159}, "endTime": {"seconds": 1636673159}, "agents": [{"id": 76075262, "state": 2, "submissionId": 23281649, "reward": 810032, "index": 0, "initialScore": 1976.2753050486856, "initialConfidence": 35.0, "updatedScore": 1977.900165919234, "updatedConfidence": 35.0, "teamId": 99999}, {"id": 76075263, "state": 2, "submissionId": 23554491, "reward": 500018, "index": 1, "initialScore": 1759.0704395753366, "initialConfidence": 35.0, "updatedScore": 1757.4455787047884, "updatedConfidence": 35.0, "teamId": 99999}]}