{"id": 28499034, "competitionId": 30067, "createTime": {"seconds": 1634596996}, "endTime": {"seconds": 1634596996}, "agents": [{"id": 72094668, "state": 2, "submissionId": 23297953, "reward": 290006, "index": 0, "initialScore": 1490.40118804326, "initialConfidence": 40.90742342165562, "updatedScore": 1496.4116749814734, "updatedConfidence": 40.45475357608928, "teamId": 99999}, {"id": 72094669, "state": 2, "submissionId": 23291386, "reward": 40005, "index": 1, "initialScore": 1486.8545228937994, "initialConfidence": 38.865654511585824, "updatedScore": 1481.4290527598778, "updatedConfidence": 38.47764994122335, "teamId": 99999}]}