{"id": 31156503, "competitionId": 30067, "createTime": {"seconds": 1637225392}, "endTime": {"seconds": 1637225392}, "agents": [{"id": 77407604, "state": 2, "submissionId": 23825329, "reward": 210005, "index": 0, "initialScore": 1797.960675836741, "initialConfidence": 35.0, "updatedScore": 1796.5886147359852, "updatedConfidence": 35.0, "teamId": 99999}, {"id": 77407605, "state": 2, "submissionId": 23297953, "reward": 810022, "index": 1, "initialScore": 2042.9304444687048, "initialConfidence": 35.0, "updatedScore": 2044.302505569461, "updatedConfidence": 35.0, "teamId": 99999}]}