{"id": 28900412, "competitionId": 30067, "createTime": {"seconds": 1635071783}, "endTime": {"seconds": 1635071783}, "agents": [{"id": 72897424, "state": 2, "submissionId": 23128925, "reward": 30003, "index": 0, "initialScore": 1653.4347778552287, "initialConfidence": 35.0, "updatedScore": 1650.467245210933, "updatedConfidence": 35.0, "teamId": 99999}, {"id": 72897425, "state": 2, "submissionId": 23297953, "reward": 170002, "index": 1, "initialScore": 1754.7957549208518, "initialConfidence": 35.0, "updatedScore": 1757.7632875651475, "updatedConfidence": 35.0, "teamId": 99999}]}