{"id": 28777622, "competitionId": 30067, "createTime": {"seconds": 1634931352}, "endTime": {"seconds": 1634931352}, "agents": [{"id": 72651844, "state": 2, "submissionId": 23297953, "reward": 1250040, "index": 0, "initialScore": 1705.2616841848912, "initialConfidence": 35.0, "updatedScore": 1708.7008562692008, "updatedConfidence": 35.0, "teamId": 99999}, {"id": 72651845, "state": 2, "submissionId": 23128925, "reward": 200030, "index": 1, "initialScore": 1637.4802439388718, "initialConfidence": 35.0, "updatedScore": 1634.0410718545622, "updatedConfidence": 35.0, "teamId": 99999}]}