{"id": 28486676, "competitionId": 30067, "createTime": {"seconds": 1634581473}, "endTime": {"seconds": 1634581473}, "agents": [{"id": 72069952, "state": 2, "submissionId": 23094535, "reward": 70009, "index": 0, "initialScore": 1427.5460239590964, "initialConfidence": 35.0, "updatedScore": 1423.5480713757595, "updatedConfidence": 35.0, "teamId": 99999}, {"id": 72069953, "state": 2, "submissionId": 23297953, "reward": 1790050, "index": 1, "initialScore": 1456.6817680165157, "initialConfidence": 43.73064521644834, "updatedScore": 1462.9230430429266, "updatedConfidence": 43.19989058803045, "teamId": 99999}]}