{"id": 30972497, "competitionId": 30067, "createTime": {"seconds": 1637077855}, "endTime": {"seconds": 1637077855}, "agents": [{"id": 77039592, "state": 2, "submissionId": 23825329, "reward": 620052, "index": 0, "initialScore": 854.1574328636221, "initialConfidence": 170.0, "updatedScore": 958.8648244385084, "updatedConfidence": 155.0, "teamId": 99999}, {"id": 77039593, "state": 2, "submissionId": 22782087, "reward": 0, "index": 1, "initialScore": 934.0098573070916, "initialConfidence": 35.0, "updatedScore": 929.5715682178446, "updatedConfidence": 35.0, "teamId": 99999}]}