{"id": 30236818, "competitionId": 30067, "createTime": {"seconds": 1636449569}, "endTime": {"seconds": 1636449569}, "agents": [{"id": 75568234, "state": 2, "submissionId": 23554433, "reward": 20001, "index": 0, "initialScore": 1762.032947381089, "initialConfidence": 35.0, "updatedScore": 1760.4178989190227, "updatedConfidence": 35.0, "teamId": 99999}, {"id": 75568235, "state": 2, "submissionId": 23297953, "reward": 1480033, "index": 1, "initialScore": 1980.2627164622345, "initialConfidence": 35.0, "updatedScore": 1981.8777649243004, "updatedConfidence": 35.0, "teamId": 99999}]}