{"id": 31869576, "competitionId": 30067, "createTime": {"seconds": 1637760945}, "endTime": {"seconds": 1637760945}, "agents": [{"id": 78833750, "state": 2, "submissionId": 23790168, "reward": 90009, "index": 0, "initialScore": 1758.9145730409484, "initialConfidence": 35.0, "updatedScore": 1755.7255382664944, "updatedConfidence": 35.0, "teamId": 99999}, {"id": 78833751, "state": 2, "submissionId": 23825143, "reward": 450024, "index": 1, "initialScore": 1844.1960167317984, "initialConfidence": 35.0, "updatedScore": 1847.3850515062527, "updatedConfidence": 35.0, "teamId": 99999}]}