{"id": 28625738, "competitionId": 30067, "createTime": {"seconds": 1634751972}, "endTime": {"seconds": 1634751972}, "agents": [{"id": 72348076, "state": 2, "submissionId": 23281649, "reward": 510026, "index": 0, "initialScore": 1693.124955108187, "initialConfidence": 35.0, "updatedScore": 1696.712036352345, "updatedConfidence": 35.0, "teamId": 99999}, {"id": 72348077, "state": 2, "submissionId": 23143395, "reward": 150015, "index": 1, "initialScore": 1635.4002659235096, "initialConfidence": 35.0, "updatedScore": 1631.8131846793513, "updatedConfidence": 35.0, "teamId": 99999}]}