{"id": 30887129, "competitionId": 30067, "createTime": {"seconds": 1637008226}, "endTime": {"seconds": 1637008226}, "agents": [{"id": 76868856, "state": 2, "submissionId": 23674326, "reward": 150017, "index": 0, "initialScore": 1716.6930872418648, "initialConfidence": 35.0, "updatedScore": 1712.629643530366, "updatedConfidence": 35.0, "teamId": 99999}, {"id": 76868857, "state": 2, "submissionId": 23692494, "reward": 880029, "index": 1, "initialScore": 1743.2874538104595, "initialConfidence": 35.0, "updatedScore": 1747.350897521958, "updatedConfidence": 35.0, "teamId": 99999}]}