{"id": 29831461, "competitionId": 30067, "createTime": {"seconds": 1636074318}, "endTime": {"seconds": 1636074318}, "agents": [{"id": 74757520, "state": 2, "submissionId": 23297953, "reward": 990055, "index": 0, "initialScore": 1948.6786488675373, "initialConfidence": 35.0, "updatedScore": 1950.3770589909243, "updatedConfidence": 35.0, "teamId": 99999}, {"id": 74757521, "state": 2, "submissionId": 23435377, "reward": 340036, "index": 1, "initialScore": 1739.0368894316528, "initialConfidence": 35.0, "updatedScore": 1737.338479308266, "updatedConfidence": 35.0, "teamId": 99999}]}