{"id": 32077732, "competitionId": 30067, "createTime": {"seconds": 1637906984}, "endTime": {"seconds": 1637906984}, "agents": [{"id": 79250062, "state": 2, "submissionId": 23297953, "reward": 3, "index": 0, "initialScore": 1982.473792492672, "initialConfidence": 35.0, "updatedScore": 1975.5257436761356, "updatedConfidence": 35.0, "teamId": 99999}, {"id": 79250063, "state": 2, "submissionId": 23825224, "reward": 180007, "index": 1, "initialScore": 1846.173454577952, "initialConfidence": 35.0, "updatedScore": 1853.1215033944884, "updatedConfidence": 35.0, "teamId": 99999}]}