{"id": 29275286, "competitionId": 30067, "createTime": {"seconds": 1635482180}, "endTime": {"seconds": 1635482180}, "agents": [{"id": 73645172, "state": 2, "submissionId": 23323058, "reward": 10002, "index": 0, "initialScore": 1703.1852923476888, "initialConfidence": 35.0, "updatedScore": 1700.976231649354, "updatedConfidence": 35.0, "teamId": 99999}, {"id": 73645173, "state": 2, "submissionId": 23281649, "reward": 200003, "index": 1, "initialScore": 1865.0637954313909, "initialConfidence": 35.0, "updatedScore": 1867.2728561297256, "updatedConfidence": 35.0, "teamId": 99999}]}