{"id": 31351278, "competitionId": 30067, "createTime": {"seconds": 1637377370}, "endTime": {"seconds": 1637377370}, "agents": [{"id": 77797154, "state": 2, "submissionId": 23642611, "reward": 2, "index": 0, "initialScore": 1756.8945927291795, "initialConfidence": 35.0, "updatedScore": 1752.7264160015018, "updatedConfidence": 35.0, "teamId": 99999}, {"id": 77797155, "state": 2, "submissionId": 23825143, "reward": 1390132, "index": 1, "initialScore": 1776.8724360143372, "initialConfidence": 35.0, "updatedScore": 1781.0406127420151, "updatedConfidence": 35.0, "teamId": 99999}]}