{"id": 32133546, "competitionId": 30067, "createTime": {"seconds": 1637946131}, "endTime": {"seconds": 1637946131}, "agents": [{"id": 79361690, "state": 2, "submissionId": 23825266, "reward": 2430230, "index": 0, "initialScore": 1859.7369888259216, "initialConfidence": 35.0, "updatedScore": 1862.5487842408609, "updatedConfidence": 35.0, "teamId": 99999}, {"id": 79361691, "state": 2, "submissionId": 23790177, "reward": 240025, "index": 1, "initialScore": 1746.6979319609204, "initialConfidence": 35.0, "updatedScore": 1743.8861365459811, "updatedConfidence": 35.0, "teamId": 99999}]}