{"id": 31414877, "competitionId": 30067, "createTime": {"seconds": 1637426013}, "endTime": {"seconds": 1637426013}, "agents": [{"id": 77924352, "state": 2, "submissionId": 23790156, "reward": 450039, "index": 0, "initialScore": 1741.2060491607906, "initialConfidence": 35.0, "updatedScore": 1737.2819562286747, "updatedConfidence": 35.0, "teamId": 99999}, {"id": 77924353, "state": 2, "submissionId": 23825143, "reward": 1420141, "index": 1, "initialScore": 1776.7242084430695, "initialConfidence": 35.0, "updatedScore": 1780.6483013751854, "updatedConfidence": 35.0, "teamId": 99999}]}