{"id": 30073322, "competitionId": 30067, "createTime": {"seconds": 1636301142}, "endTime": {"seconds": 1636301142}, "agents": [{"id": 75241242, "state": 2, "submissionId": 23554491, "reward": 190005, "index": 0, "initialScore": 1767.8158347593962, "initialConfidence": 35.0, "updatedScore": 1765.9588148144285, "updatedConfidence": 35.0, "teamId": 99999}, {"id": 75241243, "state": 2, "submissionId": 23297953, "reward": 640025, "index": 1, "initialScore": 1961.8030759019823, "initialConfidence": 35.0, "updatedScore": 1963.6600958469503, "updatedConfidence": 35.0, "teamId": 99999}]}