{"id": 31540597, "competitionId": 30067, "createTime": {"seconds": 1637520364}, "endTime": {"seconds": 1637520364}, "agents": [{"id": 78175792, "state": 2, "submissionId": 23770016, "reward": 10000, "index": 0, "initialScore": 1833.741853837312, "initialConfidence": 35.0, "updatedScore": 1830.733366516671, "updatedConfidence": 35.0, "teamId": 99999}, {"id": 78175793, "state": 2, "submissionId": 23692494, "reward": 450012, "index": 1, "initialScore": 1932.0848523292093, "initialConfidence": 35.0, "updatedScore": 1935.093339649851, "updatedConfidence": 35.0, "teamId": 99999}]}