{"id": 28481828, "competitionId": 30067, "createTime": {"seconds": 1634575471}, "endTime": {"seconds": 1634575471}, "agents": [{"id": 72060256, "state": 2, "submissionId": 23297953, "reward": 680044, "index": 0, "initialScore": 1170.4321302024696, "initialConfidence": 75.5061095209368, "updatedScore": 1184.9923115767886, "updatedConfidence": 73.18937815845196, "teamId": 99999}, {"id": 72060257, "state": 2, "submissionId": 22847731, "reward": 0, "index": 1, "initialScore": 1087.42267012122, "initialConfidence": 35.0, "updatedScore": 1084.2941519174751, "updatedConfidence": 35.0, "teamId": 99999}]}