{"id": 30967297, "competitionId": 30067, "createTime": {"seconds": 1637073540}, "endTime": {"seconds": 1637073540}, "agents": [{"id": 77029192, "state": 2, "submissionId": 23297953, "reward": 610029, "index": 0, "initialScore": 2053.4354894228536, "initialConfidence": 35.0, "updatedScore": 2054.764635693849, "updatedConfidence": 35.0, "teamId": 99999}, {"id": 77029193, "state": 2, "submissionId": 23554433, "reward": 140010, "index": 1, "initialScore": 1795.3928917519822, "initialConfidence": 35.0, "updatedScore": 1794.063745480987, "updatedConfidence": 35.0, "teamId": 99999}]}