{"id": 30876310, "competitionId": 30067, "createTime": {"seconds": 1636999161}, "endTime": {"seconds": 1636999161}, "agents": [{"id": 76847218, "state": 2, "submissionId": 23281649, "reward": 560034, "index": 0, "initialScore": 1954.539093400501, "initialConfidence": 35.0, "updatedScore": 1956.57826161849, "updatedConfidence": 35.0, "teamId": 99999}, {"id": 76847219, "state": 2, "submissionId": 23642602, "reward": 330032, "index": 1, "initialScore": 1777.5709454151045, "initialConfidence": 35.0, "updatedScore": 1775.531777197116, "updatedConfidence": 35.0, "teamId": 99999}]}