{"id": 30565747, "competitionId": 30067, "createTime": {"seconds": 1636738254}, "endTime": {"seconds": 1636738254}, "agents": [{"id": 76226092, "state": 2, "submissionId": 23692494, "reward": 230008, "index": 0, "initialScore": 1575.267392011194, "initialConfidence": 35.0, "updatedScore": 1579.0942866555254, "updatedConfidence": 35.0, "teamId": 99999}, {"id": 76226093, "state": 2, "submissionId": 23364689, "reward": 1, "index": 1, "initialScore": 1533.4389167551788, "initialConfidence": 35.0, "updatedScore": 1529.6120221108474, "updatedConfidence": 35.0, "teamId": 99999}]}