{"id": 31883080, "competitionId": 30067, "createTime": {"seconds": 1637770540}, "endTime": {"seconds": 1637770540}, "agents": [{"id": 78860758, "state": 2, "submissionId": 23770123, "reward": 40000, "index": 0, "initialScore": 1840.2569347203164, "initialConfidence": 35.0, "updatedScore": 1837.9337915148435, "updatedConfidence": 35.0, "teamId": 99999}, {"id": 78860759, "state": 2, "submissionId": 23692494, "reward": 90003, "index": 1, "initialScore": 1992.3723873988663, "initialConfidence": 35.0, "updatedScore": 1994.6955306043396, "updatedConfidence": 35.0, "teamId": 99999}]}