{"id": 31427639, "competitionId": 30067, "createTime": {"seconds": 1637435614}, "endTime": {"seconds": 1637435614}, "agents": [{"id": 77949876, "state": 2, "submissionId": 23825370, "reward": 1400045, "index": 0, "initialScore": 1751.6277954316113, "initialConfidence": 35.0, "updatedScore": 1756.6432149643686, "updatedConfidence": 35.0, "teamId": 99999}, {"id": 77949877, "state": 2, "submissionId": 23674317, "reward": 950071, "index": 1, "initialScore": 1782.7438485279215, "initialConfidence": 35.0, "updatedScore": 1777.7284289951642, "updatedConfidence": 35.0, "teamId": 99999}]}