{"id": 31910371, "competitionId": 30067, "createTime": {"seconds": 1637789801}, "endTime": {"seconds": 1637789801}, "agents": [{"id": 78915340, "state": 2, "submissionId": 23825329, "reward": 810067, "index": 0, "initialScore": 1825.814408664982, "initialConfidence": 35.0, "updatedScore": 1819.954455157742, "updatedConfidence": 35.0, "teamId": 99999}, {"id": 78915341, "state": 2, "submissionId": 23674317, "reward": 1580044, "index": 1, "initialScore": 1747.1613453697894, "initialConfidence": 35.0, "updatedScore": 1753.0212988770293, "updatedConfidence": 35.0, "teamId": 99999}]}