{"id": 29203824, "competitionId": 30067, "createTime": {"seconds": 1635406682}, "endTime": {"seconds": 1635406682}, "agents": [{"id": 73502248, "state": 2, "submissionId": 23281649, "reward": 30003, "index": 0, "initialScore": 1856.2765516455977, "initialConfidence": 35.0, "updatedScore": 1858.8541726026288, "updatedConfidence": 35.0, "teamId": 99999}, {"id": 73502249, "state": 2, "submissionId": 23323058, "reward": 10001, "index": 1, "initialScore": 1725.015248418144, "initialConfidence": 35.0, "updatedScore": 1722.437627461113, "updatedConfidence": 35.0, "teamId": 99999}]}