{"id": 29821639, "competitionId": 30067, "createTime": {"seconds": 1636064928}, "endTime": {"seconds": 1636064928}, "agents": [{"id": 74737876, "state": 2, "submissionId": 23297953, "reward": 510018, "index": 0, "initialScore": 1946.906645195356, "initialConfidence": 35.0, "updatedScore": 1948.6786488675373, "updatedConfidence": 35.0, "teamId": 99999}, {"id": 74737877, "state": 2, "submissionId": 23554491, "reward": 20000, "index": 1, "initialScore": 1744.6340148534432, "initialConfidence": 35.0, "updatedScore": 1742.8620111812618, "updatedConfidence": 35.0, "teamId": 99999}]}