{"id": 31635952, "competitionId": 30067, "createTime": {"seconds": 1637590741}, "endTime": {"seconds": 1637590741}, "agents": [{"id": 78366502, "state": 2, "submissionId": 23608696, "reward": 2, "index": 0, "initialScore": 1750.4908909875585, "initialConfidence": 35.0, "updatedScore": 1746.4709797564708, "updatedConfidence": 35.0, "teamId": 99999}, {"id": 78366503, "state": 2, "submissionId": 23825370, "reward": 10001, "index": 1, "initialScore": 1779.8579050168498, "initialConfidence": 35.0, "updatedScore": 1783.8778162479373, "updatedConfidence": 35.0, "teamId": 99999}]}