{"id": 29503192, "competitionId": 30067, "createTime": {"seconds": 1635718552}, "endTime": {"seconds": 1635718552}, "agents": [{"id": 74100984, "state": 2, "submissionId": 23281649, "reward": 720014, "index": 0, "initialScore": 1894.2962512534348, "initialConfidence": 35.0, "updatedScore": 1896.384107034544, "updatedConfidence": 35.0, "teamId": 99999}, {"id": 74100985, "state": 2, "submissionId": 23323058, "reward": 50005, "index": 1, "initialScore": 1721.7244807917127, "initialConfidence": 35.0, "updatedScore": 1719.6366250106037, "updatedConfidence": 35.0, "teamId": 99999}]}