{"id": 29704082, "competitionId": 30067, "createTime": {"seconds": 1635951358}, "endTime": {"seconds": 1635951358}, "agents": [{"id": 74502762, "state": 2, "submissionId": 23297953, "reward": 600022, "index": 0, "initialScore": 1936.9850250271893, "initialConfidence": 35.0, "updatedScore": 1938.578449825868, "updatedConfidence": 35.0, "teamId": 99999}, {"id": 74502763, "state": 2, "submissionId": 23323058, "reward": 130013, "index": 1, "initialScore": 1716.4829306845, "initialConfidence": 35.0, "updatedScore": 1714.889505885821, "updatedConfidence": 35.0, "teamId": 99999}]}