{"id": 31373894, "competitionId": 30067, "createTime": {"seconds": 1637394651}, "endTime": {"seconds": 1637394651}, "agents": [{"id": 77842386, "state": 2, "submissionId": 23642618, "reward": 30006, "index": 0, "initialScore": 1724.2030830832512, "initialConfidence": 35.0, "updatedScore": 1720.0417866632872, "updatedConfidence": 35.0, "teamId": 99999}, {"id": 77842387, "state": 2, "submissionId": 23825370, "reward": 230010, "index": 1, "initialScore": 1744.6132977058385, "initialConfidence": 35.0, "updatedScore": 1748.7745941258024, "updatedConfidence": 35.0, "teamId": 99999}]}