{"id": 31217126, "competitionId": 30067, "createTime": {"seconds": 1637273204}, "endTime": {"seconds": 1637273204}, "agents": [{"id": 77528850, "state": 2, "submissionId": 23825329, "reward": 10001, "index": 0, "initialScore": 1804.2693556735137, "initialConfidence": 35.0, "updatedScore": 1802.8105946264857, "updatedConfidence": 35.0, "teamId": 99999}, {"id": 77528851, "state": 2, "submissionId": 23297953, "reward": 390013, "index": 1, "initialScore": 2039.377174424662, "initialConfidence": 35.0, "updatedScore": 2040.8359354716904, "updatedConfidence": 35.0, "teamId": 99999}]}