{"id": 28483776, "competitionId": 30067, "createTime": {"seconds": 1634577873}, "endTime": {"seconds": 1634577873}, "agents": [{"id": 72064152, "state": 2, "submissionId": 23297333, "reward": 10002, "index": 0, "initialScore": 1337.5204830094028, "initialConfidence": 42.5880146530473, "updatedScore": 1330.6893069308228, "updatedConfidence": 42.08154110815962, "teamId": 99999}, {"id": 72064153, "state": 2, "submissionId": 23297953, "reward": 420008, "index": 1, "initialScore": 1322.448402560501, "initialConfidence": 56.37512660111127, "updatedScore": 1334.4184466609845, "updatedConfidence": 55.194977857804766, "teamId": 99999}]}