{"id": 30978763, "competitionId": 30067, "createTime": {"seconds": 1637082894}, "endTime": {"seconds": 1637082894}, "agents": [{"id": 77052124, "state": 2, "submissionId": 23825329, "reward": 1090102, "index": 0, "initialScore": 1542.4433718929738, "initialConfidence": 57.44153443359821, "updatedScore": 1553.984195107863, "updatedConfidence": 56.22268552022021, "teamId": 99999}, {"id": 77052125, "state": 2, "submissionId": 23713897, "reward": 50006, "index": 1, "initialScore": 1535.31372522517, "initialConfidence": 35.0, "updatedScore": 1531.029021355042, "updatedConfidence": 35.0, "teamId": 99999}]}