{"id": 29625985, "competitionId": 30067, "createTime": {"seconds": 1635874124}, "endTime": {"seconds": 1635874124}, "agents": [{"id": 74346568, "state": 2, "submissionId": 23297953, "reward": 190005, "index": 0, "initialScore": 1924.378800542353, "initialConfidence": 35.0, "updatedScore": 1926.0193390421127, "updatedConfidence": 35.0, "teamId": 99999}, {"id": 74346569, "state": 2, "submissionId": 23303548, "reward": 1, "index": 1, "initialScore": 1708.8035272165173, "initialConfidence": 35.0, "updatedScore": 1707.1629887167571, "updatedConfidence": 35.0, "teamId": 99999}]}