{"id": 32119052, "competitionId": 30067, "createTime": {"seconds": 1637936048}, "endTime": {"seconds": 1637936048}, "agents": [{"id": 79332702, "state": 2, "submissionId": 23825224, "reward": 50003, "index": 0, "initialScore": 1847.5414822940425, "initialConfidence": 35.0, "updatedScore": 1845.2791988594347, "updatedConfidence": 35.0, "teamId": 99999}, {"id": 79332703, "state": 2, "submissionId": 23692494, "reward": 2690063, "index": 1, "initialScore": 2004.830589317045, "initialConfidence": 35.0, "updatedScore": 2007.0928727516523, "updatedConfidence": 35.0, "teamId": 99999}]}