{"id": 30974877, "competitionId": 30067, "createTime": {"seconds": 1637079774}, "endTime": {"seconds": 1637079774}, "agents": [{"id": 77044352, "state": 2, "submissionId": 23139404, "reward": 0, "index": 0, "initialScore": 1183.7271487090893, "initialConfidence": 35.0, "updatedScore": 1179.6890309515336, "updatedConfidence": 35.0, "teamId": 99999}, {"id": 77044353, "state": 2, "submissionId": 23825370, "reward": 290022, "index": 1, "initialScore": 1192.8009988006302, "initialConfidence": 94.54916524785666, "updatedScore": 1222.2695163450037, "updatedConfidence": 89.60294078092042, "teamId": 99999}]}