{"id": 29656381, "competitionId": 30067, "createTime": {"seconds": 1635904766}, "endTime": {"seconds": 1635904766}, "agents": [{"id": 74407360, "state": 2, "submissionId": 23281649, "reward": 50005, "index": 0, "initialScore": 1921.9450845095505, "initialConfidence": 35.0, "updatedScore": 1912.7620657076452, "updatedConfidence": 35.0, "teamId": 99999}, {"id": 74407361, "state": 2, "submissionId": 23034455, "reward": 440060, "index": 1, "initialScore": 1675.729829953941, "initialConfidence": 35.0, "updatedScore": 1684.9128487558455, "updatedConfidence": 35.0, "teamId": 99999}]}