{"id": 30977566, "competitionId": 30067, "createTime": {"seconds": 1637081934}, "endTime": {"seconds": 1637081934}, "agents": [{"id": 77049730, "state": 2, "submissionId": 23537774, "reward": 10002, "index": 0, "initialScore": 1396.44433540185, "initialConfidence": 35.0, "updatedScore": 1391.7852959758711, "updatedConfidence": 35.0, "teamId": 99999}, {"id": 77049731, "state": 2, "submissionId": 23825370, "reward": 250015, "index": 1, "initialScore": 1376.410130798441, "initialConfidence": 66.75838736362563, "updatedScore": 1393.3602193432434, "updatedConfidence": 64.80374083634278, "teamId": 99999}]}