{"id": 30042905, "competitionId": 30067, "createTime": {"seconds": 1636273269}, "endTime": {"seconds": 1636273269}, "agents": [{"id": 75180408, "state": 2, "submissionId": 23554491, "reward": 640061, "index": 0, "initialScore": 1766.3062283435902, "initialConfidence": 35.0, "updatedScore": 1764.293752259999, "updatedConfidence": 35.0, "teamId": 99999}, {"id": 75180409, "state": 2, "submissionId": 23281649, "reward": 1640051, "index": 1, "initialScore": 1945.710644014856, "initialConfidence": 35.0, "updatedScore": 1947.7231200984463, "updatedConfidence": 35.0, "teamId": 99999}]}