{"id": 31326884, "competitionId": 30067, "createTime": {"seconds": 1637358447}, "endTime": {"seconds": 1637358447}, "agents": [{"id": 77748366, "state": 2, "submissionId": 23297953, "reward": 590025, "index": 0, "initialScore": 2021.8111400276916, "initialConfidence": 35.0, "updatedScore": 2023.1489931945532, "updatedConfidence": 35.0, "teamId": 99999}, {"id": 77748367, "state": 2, "submissionId": 23674317, "reward": 130013, "index": 1, "initialScore": 1772.8401193162804, "initialConfidence": 35.0, "updatedScore": 1771.5022661494183, "updatedConfidence": 35.0, "teamId": 99999}]}