{"id": 31414713, "competitionId": 30067, "createTime": {"seconds": 1637425777}, "endTime": {"seconds": 1637425777}, "agents": [{"id": 77924024, "state": 2, "submissionId": 23674333, "reward": 10003, "index": 0, "initialScore": 1754.4176563154238, "initialConfidence": 35.0, "updatedScore": 1750.8199712068645, "updatedConfidence": 35.0, "teamId": 99999}, {"id": 77924025, "state": 2, "submissionId": 23825329, "reward": 680067, "index": 1, "initialScore": 1811.4290611113663, "initialConfidence": 35.0, "updatedScore": 1815.0267462199256, "updatedConfidence": 35.0, "teamId": 99999}]}