{"id": 30429867, "competitionId": 30067, "createTime": {"seconds": 1636620805}, "endTime": {"seconds": 1636620805}, "agents": [{"id": 75954332, "state": 2, "submissionId": 23268947, "reward": 50006, "index": 0, "initialScore": 1445.90858352296, "initialConfidence": 35.0, "updatedScore": 1442.0830291941277, "updatedConfidence": 35.0, "teamId": 99999}, {"id": 75954333, "state": 2, "submissionId": 23692494, "reward": 3300059, "index": 1, "initialScore": 1486.9213981204616, "initialConfidence": 40.453239311503474, "updatedScore": 1492.0319157717113, "updatedConfidence": 40.040064993339655, "teamId": 99999}]}