{"id": 31992519, "competitionId": 30067, "createTime": {"seconds": 1637847162}, "endTime": {"seconds": 1637847162}, "agents": [{"id": 79079636, "state": 2, "submissionId": 23825224, "reward": 920050, "index": 0, "initialScore": 1861.941352711941, "initialConfidence": 35.0, "updatedScore": 1859.4779722964065, "updatedConfidence": 35.0, "teamId": 99999}, {"id": 79079637, "state": 2, "submissionId": 23692494, "reward": 1600045, "index": 1, "initialScore": 2002.4170744555647, "initialConfidence": 35.0, "updatedScore": 2004.8804548710991, "updatedConfidence": 35.0, "teamId": 99999}]}