{"id": 30175949, "competitionId": 30067, "createTime": {"seconds": 1636394556}, "endTime": {"seconds": 1636394556}, "agents": [{"id": 75446496, "state": 2, "submissionId": 23554491, "reward": 0, "index": 0, "initialScore": 1781.3530134649402, "initialConfidence": 35.0, "updatedScore": 1779.2234851554722, "updatedConfidence": 35.0, "teamId": 99999}, {"id": 75446497, "state": 2, "submissionId": 23281649, "reward": 200006, "index": 1, "initialScore": 1950.2088700705085, "initialConfidence": 35.0, "updatedScore": 1952.3383983799763, "updatedConfidence": 35.0, "teamId": 99999}]}