{"id": 28411254, "competitionId": 30067, "createTime": {"seconds": 1634487091}, "endTime": {"seconds": 1634487091}, "agents": [{"id": 71919108, "state": 2, "submissionId": 22739150, "reward": 0, "index": 0, "initialScore": 1182.187646820494, "initialConfidence": 35.0, "updatedScore": 1178.4907111361372, "updatedConfidence": 35.0, "teamId": 99999}, {"id": 71919109, "state": 2, "submissionId": 23281649, "reward": 150020, "index": 1, "initialScore": 1223.8695661448646, "initialConfidence": 73.35333164069237, "updatedScore": 1240.1080506139472, "updatedConfidence": 71.04022713654567, "teamId": 99999}]}