{"id": 30977865, "competitionId": 30067, "createTime": {"seconds": 1637082174}, "endTime": {"seconds": 1637082174}, "agents": [{"id": 77050328, "state": 2, "submissionId": 23592070, "reward": 60006, "index": 0, "initialScore": 1558.8044865312004, "initialConfidence": 35.0, "updatedScore": 1553.718784394753, "updatedConfidence": 35.0, "teamId": 99999}, {"id": 77050329, "state": 2, "submissionId": 23825329, "reward": 1250123, "index": 1, "initialScore": 1515.239097709677, "initialConfidence": 60.25082959931105, "updatedScore": 1530.310056906522, "updatedConfidence": 58.74575155123895, "teamId": 99999}]}