{"id": 30819490, "competitionId": 30067, "createTime": {"seconds": 1636952164}, "endTime": {"seconds": 1636952164}, "agents": [{"id": 76733578, "state": 2, "submissionId": 23642575, "reward": 170017, "index": 0, "initialScore": 1746.0541785965129, "initialConfidence": 35.0, "updatedScore": 1741.114969139912, "updatedConfidence": 35.0, "teamId": 99999}, {"id": 76733579, "state": 2, "submissionId": 23692494, "reward": 2110044, "index": 1, "initialScore": 1719.3777926371, "initialConfidence": 35.0, "updatedScore": 1724.317002093701, "updatedConfidence": 35.0, "teamId": 99999}]}