{"id": 29802760, "competitionId": 30067, "createTime": {"seconds": 1636046784}, "endTime": {"seconds": 1636046784}, "agents": [{"id": 74700118, "state": 2, "submissionId": 23281649, "reward": 430016, "index": 0, "initialScore": 1927.6648762447364, "initialConfidence": 35.0, "updatedScore": 1929.69702432843, "updatedConfidence": 35.0, "teamId": 99999}, {"id": 74700119, "state": 2, "submissionId": 23554491, "reward": 180003, "index": 1, "initialScore": 1750.0577974198193, "initialConfidence": 35.0, "updatedScore": 1748.0256493361258, "updatedConfidence": 35.0, "teamId": 99999}]}