{"id": 30468299, "competitionId": 30067, "createTime": {"seconds": 1636654195}, "endTime": {"seconds": 1636654195}, "agents": [{"id": 76031196, "state": 2, "submissionId": 23692494, "reward": 470023, "index": 0, "initialScore": 1516.8508375176234, "initialConfidence": 38.14321352916838, "updatedScore": 1522.1442573784454, "updatedConfidence": 37.77139303986967, "teamId": 99999}, {"id": 76031197, "state": 2, "submissionId": 23565325, "reward": 0, "index": 1, "initialScore": 1515.4002452315226, "initialConfidence": 35.0, "updatedScore": 1510.943294093304, "updatedConfidence": 35.0, "teamId": 99999}]}