{"id": 31723638, "competitionId": 30067, "createTime": {"seconds": 1637656794}, "endTime": {"seconds": 1637656794}, "agents": [{"id": 78541874, "state": 2, "submissionId": 23674326, "reward": 140014, "index": 0, "initialScore": 1750.0271461942257, "initialConfidence": 35.0, "updatedScore": 1746.8307355323843, "updatedConfidence": 35.0, "teamId": 99999}, {"id": 78541875, "state": 2, "submissionId": 23825329, "reward": 370024, "index": 1, "initialScore": 1834.783025729327, "initialConfidence": 35.0, "updatedScore": 1837.9794363911683, "updatedConfidence": 35.0, "teamId": 99999}]}