{"id": 32091560, "competitionId": 30067, "createTime": {"seconds": 1637916817}, "endTime": {"seconds": 1637916817}, "agents": [{"id": 79277718, "state": 2, "submissionId": 23883214, "reward": 0, "index": 0, "initialScore": 1718.7253346151017, "initialConfidence": 35.0, "updatedScore": 1716.2069390633346, "updatedConfidence": 35.0, "teamId": 99999}, {"id": 79277719, "state": 2, "submissionId": 23825266, "reward": 280008, "index": 1, "initialScore": 1854.7351243834955, "initialConfidence": 35.0, "updatedScore": 1857.2535199352624, "updatedConfidence": 35.0, "teamId": 99999}]}