{"id": 30971604, "competitionId": 30067, "createTime": {"seconds": 1637077133}, "endTime": {"seconds": 1637077133}, "agents": [{"id": 77037806, "state": 2, "submissionId": 22552011, "reward": 0, "index": 0, "initialScore": 615.6583782152253, "initialConfidence": 35.0, "updatedScore": 612.1834735411895, "updatedConfidence": 35.0, "teamId": 99999}, {"id": 77037807, "state": 2, "submissionId": 23825266, "reward": 2520060, "index": 1, "initialScore": 600.0, "initialConfidence": 200.0, "updatedScore": 713.466275070554, "updatedConfidence": 185.0, "teamId": 99999}]}