{"id": 28412606, "competitionId": 30067, "createTime": {"seconds": 1634488771}, "endTime": {"seconds": 1634488771}, "agents": [{"id": 71921812, "state": 2, "submissionId": 23158232, "reward": 30007, "index": 0, "initialScore": 1364.6423706217734, "initialConfidence": 35.0, "updatedScore": 1359.486906358895, "updatedConfidence": 35.0, "teamId": 99999}, {"id": 71921813, "state": 2, "submissionId": 23281649, "reward": 90010, "index": 1, "initialScore": 1316.283747386362, "initialConfidence": 61.65951320878576, "updatedScore": 1332.2841855397648, "updatedConfidence": 60.0411584310977, "teamId": 99999}]}