{"id": 31763566, "competitionId": 30067, "createTime": {"seconds": 1637685387}, "endTime": {"seconds": 1637685387}, "agents": [{"id": 78621730, "state": 2, "submissionId": 23297953, "reward": 640040, "index": 0, "initialScore": 1992.7670057192024, "initialConfidence": 35.0, "updatedScore": 1995.2464269810105, "updatedConfidence": 35.0, "teamId": 99999}, {"id": 78621731, "state": 2, "submissionId": 23825224, "reward": 10016, "index": 1, "initialScore": 1853.599030102939, "initialConfidence": 35.0, "updatedScore": 1851.119608841131, "updatedConfidence": 35.0, "teamId": 99999}]}