{"id": 31130848, "competitionId": 30067, "createTime": {"seconds": 1637205229}, "endTime": {"seconds": 1637205229}, "agents": [{"id": 77356294, "state": 2, "submissionId": 23825266, "reward": 2260220, "index": 0, "initialScore": 1665.4796387317865, "initialConfidence": 35.501237514517484, "updatedScore": 1669.489139230817, "updatedConfidence": 35.21818718772258, "teamId": 99999}, {"id": 77356295, "state": 2, "submissionId": 23582519, "reward": 330037, "index": 1, "initialScore": 1628.2951578900106, "initialConfidence": 35.0, "updatedScore": 1624.3980773947972, "updatedConfidence": 35.0, "teamId": 99999}]}