{"id": 31869581, "competitionId": 30067, "createTime": {"seconds": 1637760945}, "endTime": {"seconds": 1637760945}, "agents": [{"id": 78833760, "state": 2, "submissionId": 23883224, "reward": 720026, "index": 0, "initialScore": 1714.2407991311377, "initialConfidence": 35.0, "updatedScore": 1720.7867087827735, "updatedConfidence": 35.0, "teamId": 99999}, {"id": 78833761, "state": 2, "submissionId": 23825329, "reward": 710071, "index": 1, "initialScore": 1829.63489494984, "initialConfidence": 35.0, "updatedScore": 1823.088985298204, "updatedConfidence": 35.0, "teamId": 99999}]}