{"id": 31169156, "competitionId": 30067, "createTime": {"seconds": 1637235501}, "endTime": {"seconds": 1637235501}, "agents": [{"id": 77432910, "state": 2, "submissionId": 23825370, "reward": 1140107, "index": 0, "initialScore": 1669.0063037420016, "initialConfidence": 35.0, "updatedScore": 1665.9641305870243, "updatedConfidence": 35.0, "teamId": 99999}, {"id": 77432911, "state": 2, "submissionId": 23642611, "reward": 1650060, "index": 1, "initialScore": 1764.882722332709, "initialConfidence": 35.0, "updatedScore": 1767.924895487686, "updatedConfidence": 35.0, "teamId": 99999}]}