{"id": 29150316, "competitionId": 30067, "createTime": {"seconds": 1635347168}, "endTime": {"seconds": 1635347168}, "agents": [{"id": 73396232, "state": 2, "submissionId": 23003907, "reward": 0, "index": 0, "initialScore": 1605.1038483286477, "initialConfidence": 35.0, "updatedScore": 1603.5560324475168, "updatedConfidence": 35.0, "teamId": 99999}, {"id": 73396233, "state": 2, "submissionId": 23297953, "reward": 70007, "index": 1, "initialScore": 1830.4626301968904, "initialConfidence": 35.0, "updatedScore": 1832.0104460780208, "updatedConfidence": 35.0, "teamId": 99999}]}