{"id": 30899247, "competitionId": 30067, "createTime": {"seconds": 1637018068}, "endTime": {"seconds": 1637018068}, "agents": [{"id": 76893092, "state": 2, "submissionId": 23692494, "reward": 260022, "index": 0, "initialScore": 1760.0586129439812, "initialConfidence": 35.0, "updatedScore": 1765.02055879437, "updatedConfidence": 35.0, "teamId": 99999}, {"id": 76893093, "state": 2, "submissionId": 23554433, "reward": 0, "index": 1, "initialScore": 1788.0624177809011, "initialConfidence": 35.0, "updatedScore": 1783.1004719305126, "updatedConfidence": 35.0, "teamId": 99999}]}