{"id": 28875630, "competitionId": 30067, "createTime": {"seconds": 1635043700}, "endTime": {"seconds": 1635043700}, "agents": [{"id": 72847860, "state": 2, "submissionId": 23034455, "reward": 1, "index": 0, "initialScore": 1683.2599188836164, "initialConfidence": 35.0, "updatedScore": 1679.713104714309, "updatedConfidence": 35.0, "teamId": 99999}, {"id": 72847861, "state": 2, "submissionId": 23297953, "reward": 270008, "index": 1, "initialScore": 1743.7024350141817, "initialConfidence": 35.0, "updatedScore": 1747.249249183489, "updatedConfidence": 35.0, "teamId": 99999}]}