{"id": 31039423, "competitionId": 30067, "createTime": {"seconds": 1637132243}, "endTime": {"seconds": 1637132243}, "agents": [{"id": 77173444, "state": 2, "submissionId": 23825329, "reward": 820038, "index": 0, "initialScore": 1746.3750584783827, "initialConfidence": 38.54514544716171, "updatedScore": 1751.449039783599, "updatedConfidence": 38.17211455506951, "teamId": 99999}, {"id": 77173445, "state": 2, "submissionId": 23674349, "reward": 10005, "index": 1, "initialScore": 1728.0317648375587, "initialConfidence": 35.0, "updatedScore": 1723.8482089611696, "updatedConfidence": 35.0, "teamId": 99999}]}