{"id": 31811582, "competitionId": 30067, "createTime": {"seconds": 1637719906}, "endTime": {"seconds": 1637719906}, "agents": [{"id": 78717762, "state": 2, "submissionId": 23642575, "reward": 1300028, "index": 0, "initialScore": 1740.7667346224318, "initialConfidence": 35.0, "updatedScore": 1746.7571340824522, "updatedConfidence": 35.0, "teamId": 99999}, {"id": 78717763, "state": 2, "submissionId": 23825329, "reward": 820038, "index": 1, "initialScore": 1826.522170239327, "initialConfidence": 35.0, "updatedScore": 1820.5317707793065, "updatedConfidence": 35.0, "teamId": 99999}]}