{"id": 31451117, "competitionId": 30067, "createTime": {"seconds": 1637453373}, "endTime": {"seconds": 1637453373}, "agents": [{"id": 77996832, "state": 2, "submissionId": 23297953, "reward": 1, "index": 0, "initialScore": 1993.277075361069, "initialConfidence": 35.0, "updatedScore": 1985.557996607037, "updatedConfidence": 35.0, "teamId": 99999}, {"id": 77996833, "state": 2, "submissionId": 23825329, "reward": 1030097, "index": 1, "initialScore": 1817.9849491172072, "initialConfidence": 35.0, "updatedScore": 1825.7040278712395, "updatedConfidence": 35.0, "teamId": 99999}]}