{"id": 28944004, "competitionId": 30067, "createTime": {"seconds": 1635120768}, "endTime": {"seconds": 1635120768}, "agents": [{"id": 72984608, "state": 2, "submissionId": 23008895, "reward": 50006, "index": 0, "initialScore": 1643.4692444697648, "initialConfidence": 35.0, "updatedScore": 1640.8305717185497, "updatedConfidence": 35.0, "teamId": 99999}, {"id": 72984609, "state": 2, "submissionId": 23297953, "reward": 620012, "index": 1, "initialScore": 1769.8971797231409, "initialConfidence": 35.0, "updatedScore": 1772.5358524743558, "updatedConfidence": 35.0, "teamId": 99999}]}