{"id": 31217065, "competitionId": 30067, "createTime": {"seconds": 1637273202}, "endTime": {"seconds": 1637273202}, "agents": [{"id": 77528728, "state": 2, "submissionId": 23486372, "reward": 20004, "index": 0, "initialScore": 1637.1638283815248, "initialConfidence": 35.0, "updatedScore": 1633.516892590691, "updatedConfidence": 35.0, "teamId": 99999}, {"id": 77528729, "state": 2, "submissionId": 23825266, "reward": 510049, "index": 1, "initialScore": 1690.875325053595, "initialConfidence": 35.0, "updatedScore": 1694.5222608444285, "updatedConfidence": 35.0, "teamId": 99999}]}