{"id": 30980247, "competitionId": 30067, "createTime": {"seconds": 1637084348}, "endTime": {"seconds": 1637084348}, "agents": [{"id": 77055092, "state": 2, "submissionId": 23572405, "reward": 0, "index": 0, "initialScore": 1481.7263201790895, "initialConfidence": 35.0, "updatedScore": 1478.8462159117273, "updatedConfidence": 35.0, "teamId": 99999}, {"id": 77055093, "state": 2, "submissionId": 23825329, "reward": 550055, "index": 1, "initialScore": 1587.8363986256843, "initialConfidence": 52.41634399841293, "updatedScore": 1594.2959978518682, "updatedConfidence": 51.646240855846784, "teamId": 99999}]}