{"id": 29484467, "competitionId": 30067, "createTime": {"seconds": 1635699592}, "endTime": {"seconds": 1635699592}, "agents": [{"id": 74063534, "state": 2, "submissionId": 23323058, "reward": 240024, "index": 0, "initialScore": 1724.8227393932402, "initialConfidence": 35.0, "updatedScore": 1722.745915053474, "updatedConfidence": 35.0, "teamId": 99999}, {"id": 74063535, "state": 2, "submissionId": 23297953, "reward": 510035, "index": 1, "initialScore": 1898.3853548600823, "initialConfidence": 35.0, "updatedScore": 1900.4621791998488, "updatedConfidence": 35.0, "teamId": 99999}]}