{"id": 29194973, "competitionId": 30067, "createTime": {"seconds": 1635397323}, "endTime": {"seconds": 1635397323}, "agents": [{"id": 73484546, "state": 2, "submissionId": 23281649, "reward": 420017, "index": 0, "initialScore": 1853.746943378146, "initialConfidence": 35.0, "updatedScore": 1856.2765516455977, "updatedConfidence": 35.0, "teamId": 99999}, {"id": 73484547, "state": 2, "submissionId": 23323058, "reward": 30003, "index": 1, "initialScore": 1718.64078444318, "initialConfidence": 35.0, "updatedScore": 1716.111176175728, "updatedConfidence": 35.0, "teamId": 99999}]}