{"id": 29901315, "competitionId": 30067, "createTime": {"seconds": 1636141268}, "endTime": {"seconds": 1636141268}, "agents": [{"id": 74897228, "state": 2, "submissionId": 23281649, "reward": 230016, "index": 0, "initialScore": 1926.9624598600828, "initialConfidence": 35.0, "updatedScore": 1929.203697739768, "updatedConfidence": 35.0, "teamId": 99999}, {"id": 74897229, "state": 2, "submissionId": 23554491, "reward": 20005, "index": 1, "initialScore": 1767.8660052358343, "initialConfidence": 35.0, "updatedScore": 1765.6247673561495, "updatedConfidence": 35.0, "teamId": 99999}]}