{"id": 31829853, "competitionId": 30067, "createTime": {"seconds": 1637732862}, "endTime": {"seconds": 1637732862}, "agents": [{"id": 78754304, "state": 2, "submissionId": 23297953, "reward": 690069, "index": 0, "initialScore": 1994.7840720277936, "initialConfidence": 35.0, "updatedScore": 1987.1452682998904, "updatedConfidence": 35.0, "teamId": 99999}, {"id": 78754305, "state": 2, "submissionId": 23825329, "reward": 740090, "index": 1, "initialScore": 1823.4911756709928, "initialConfidence": 35.0, "updatedScore": 1831.129979398896, "updatedConfidence": 35.0, "teamId": 99999}]}