{"id": 31488824, "competitionId": 30067, "createTime": {"seconds": 1637481694}, "endTime": {"seconds": 1637481694}, "agents": [{"id": 78072246, "state": 2, "submissionId": 23770016, "reward": 620055, "index": 0, "initialScore": 1834.1840723929872, "initialConfidence": 35.0, "updatedScore": 1831.9085749890112, "updatedConfidence": 35.0, "teamId": 99999}, {"id": 78072247, "state": 2, "submissionId": 23297953, "reward": 1270046, "index": 1, "initialScore": 1990.343254748149, "initialConfidence": 35.0, "updatedScore": 1992.6187521521256, "updatedConfidence": 35.0, "teamId": 99999}]}