{"id": 30984113, "competitionId": 30067, "createTime": {"seconds": 1637087469}, "endTime": {"seconds": 1637087469}, "agents": [{"id": 77062824, "state": 2, "submissionId": 23459972, "reward": 40005, "index": 0, "initialScore": 1500.1617032666209, "initialConfidence": 35.0, "updatedScore": 1496.769147260516, "updatedConfidence": 35.0, "teamId": 99999}, {"id": 77062825, "state": 2, "submissionId": 23825266, "reward": 580053, "index": 1, "initialScore": 1570.0284458628096, "initialConfidence": 43.31745888788614, "updatedScore": 1575.2250170501234, "updatedConfidence": 42.83995633834834, "teamId": 99999}]}