{"id": 30418308, "competitionId": 30067, "createTime": {"seconds": 1636610723}, "endTime": {"seconds": 1636610723}, "agents": [{"id": 75931214, "state": 2, "submissionId": 22802429, "reward": 0, "index": 0, "initialScore": 871.5452605692841, "initialConfidence": 35.0, "updatedScore": 867.4285103428898, "updatedConfidence": 35.0, "teamId": 99999}, {"id": 75931215, "state": 2, "submissionId": 23692494, "reward": 80010, "index": 1, "initialScore": 844.4724302212802, "initialConfidence": 142.44855588824203, "updatedScore": 912.6646034053196, "updatedConfidence": 127.44855588824204, "teamId": 99999}]}