{"id": 29559378, "competitionId": 30067, "createTime": {"seconds": 1635775190}, "endTime": {"seconds": 1635775190}, "agents": [{"id": 74213356, "state": 2, "submissionId": 23297953, "reward": 1300036, "index": 0, "initialScore": 1912.9496683569137, "initialConfidence": 35.0, "updatedScore": 1914.6952938612303, "updatedConfidence": 35.0, "teamId": 99999}, {"id": 74213357, "state": 2, "submissionId": 23323058, "reward": 290029, "index": 1, "initialScore": 1708.0575626872017, "initialConfidence": 35.0, "updatedScore": 1706.311937182885, "updatedConfidence": 35.0, "teamId": 99999}]}