{"id": 31617789, "competitionId": 30067, "createTime": {"seconds": 1637577276}, "endTime": {"seconds": 1637577276}, "agents": [{"id": 78330176, "state": 2, "submissionId": 23674326, "reward": 0, "index": 0, "initialScore": 1777.354210002751, "initialConfidence": 35.0, "updatedScore": 1773.9841748287274, "updatedConfidence": 35.0, "teamId": 99999}, {"id": 78330177, "state": 2, "submissionId": 23825329, "reward": 520038, "index": 1, "initialScore": 1849.9081440103853, "initialConfidence": 35.0, "updatedScore": 1853.2781791844088, "updatedConfidence": 35.0, "teamId": 99999}]}