{"id": 31217104, "competitionId": 30067, "createTime": {"seconds": 1637273203}, "endTime": {"seconds": 1637273203}, "agents": [{"id": 77528806, "state": 2, "submissionId": 23825266, "reward": 200009, "index": 0, "initialScore": 1688.3439564370035, "initialConfidence": 35.0, "updatedScore": 1690.875325053595, "updatedConfidence": 35.0, "teamId": 99999}, {"id": 77528807, "state": 2, "submissionId": 23579373, "reward": 0, "index": 1, "initialScore": 1553.379464888848, "initialConfidence": 35.0, "updatedScore": 1550.8480962722572, "updatedConfidence": 35.0, "teamId": 99999}]}