{"id": 28582438, "competitionId": 30067, "createTime": {"seconds": 1634699977}, "endTime": {"seconds": 1634699977}, "agents": [{"id": 72261476, "state": 2, "submissionId": 22931784, "reward": 20005, "index": 0, "initialScore": 1608.8550436130408, "initialConfidence": 35.0, "updatedScore": 1603.7316714492713, "updatedConfidence": 35.0, "teamId": 99999}, {"id": 72261477, "state": 2, "submissionId": 23297953, "reward": 1190037, "index": 1, "initialScore": 1571.4965232432126, "initialConfidence": 35.0, "updatedScore": 1576.619895406982, "updatedConfidence": 35.0, "teamId": 99999}]}