{"id": 31515724, "competitionId": 30067, "createTime": {"seconds": 1637501853}, "endTime": {"seconds": 1637501853}, "agents": [{"id": 78126046, "state": 2, "submissionId": 23825329, "reward": 660064, "index": 0, "initialScore": 1822.5614389178816, "initialConfidence": 35.0, "updatedScore": 1826.921836318064, "updatedConfidence": 35.0, "teamId": 99999}, {"id": 78126047, "state": 2, "submissionId": 23032370, "reward": 320030, "index": 1, "initialScore": 1814.5385413535, "initialConfidence": 35.0, "updatedScore": 1810.1781439533177, "updatedConfidence": 35.0, "teamId": 99999}]}