{"id": 31951494, "competitionId": 30067, "createTime": {"seconds": 1637818600}, "endTime": {"seconds": 1637818600}, "agents": [{"id": 78997586, "state": 2, "submissionId": 23889524, "reward": 1930193, "index": 0, "initialScore": 1828.220426423004, "initialConfidence": 35.0, "updatedScore": 1824.155980604816, "updatedConfidence": 35.0, "teamId": 99999}, {"id": 78997587, "state": 2, "submissionId": 23825143, "reward": 2130046, "index": 1, "initialScore": 1854.751125309512, "initialConfidence": 35.0, "updatedScore": 1858.8155711277, "updatedConfidence": 35.0, "teamId": 99999}]}