{"id": 31265540, "competitionId": 30067, "createTime": {"seconds": 1637310880}, "endTime": {"seconds": 1637310880}, "agents": [{"id": 77625678, "state": 2, "submissionId": 23254381, "reward": 20002, "index": 0, "initialScore": 1627.312244069535, "initialConfidence": 35.0, "updatedScore": 1623.8675102269676, "updatedConfidence": 35.0, "teamId": 99999}, {"id": 77625679, "state": 2, "submissionId": 23825370, "reward": 640057, "index": 1, "initialScore": 1694.7117953199563, "initialConfidence": 35.0, "updatedScore": 1698.1565291625236, "updatedConfidence": 35.0, "teamId": 99999}]}