{"id": 31910369, "competitionId": 30067, "createTime": {"seconds": 1637789801}, "endTime": {"seconds": 1637789801}, "agents": [{"id": 78915336, "state": 2, "submissionId": 23281649, "reward": 10001, "index": 0, "initialScore": 2005.1364293325516, "initialConfidence": 35.0, "updatedScore": 1998.14226397427, "updatedConfidence": 35.0, "teamId": 99999}, {"id": 78915337, "state": 2, "submissionId": 23825224, "reward": 1280091, "index": 1, "initialScore": 1866.4652860435829, "initialConfidence": 35.0, "updatedScore": 1873.4594514018645, "updatedConfidence": 35.0, "teamId": 99999}]}