{"id": 29921060, "competitionId": 30067, "createTime": {"seconds": 1636159754}, "endTime": {"seconds": 1636159754}, "agents": [{"id": 74936718, "state": 2, "submissionId": 23554491, "reward": 30000, "index": 0, "initialScore": 1765.076331042421, "initialConfidence": 35.0, "updatedScore": 1762.9185423879997, "updatedConfidence": 35.0, "teamId": 99999}, {"id": 74936719, "state": 2, "submissionId": 23281649, "reward": 90006, "index": 1, "initialScore": 1931.43605407087, "initialConfidence": 35.0, "updatedScore": 1933.593842725292, "updatedConfidence": 35.0, "teamId": 99999}]}