{"id": 30278439, "competitionId": 30067, "createTime": {"seconds": 1636486947}, "endTime": {"seconds": 1636486947}, "agents": [{"id": 75651476, "state": 2, "submissionId": 23297953, "reward": 1560047, "index": 0, "initialScore": 1987.1597092633035, "initialConfidence": 35.0, "updatedScore": 1988.8003641697771, "updatedConfidence": 35.0, "teamId": 99999}, {"id": 75651477, "state": 2, "submissionId": 23554491, "reward": 570042, "index": 1, "initialScore": 1771.5964995526874, "initialConfidence": 35.0, "updatedScore": 1769.955844646213, "updatedConfidence": 35.0, "teamId": 99999}]}