{"id": 31617794, "competitionId": 30067, "createTime": {"seconds": 1637577276}, "endTime": {"seconds": 1637577276}, "agents": [{"id": 78330186, "state": 2, "submissionId": 23825224, "reward": 270027, "index": 0, "initialScore": 1848.0308321108832, "initialConfidence": 35.0, "updatedScore": 1845.7468839680507, "updatedConfidence": 35.0, "teamId": 99999}, {"id": 78330187, "state": 2, "submissionId": 23297953, "reward": 440025, "index": 1, "initialScore": 2003.4693365724552, "initialConfidence": 35.0, "updatedScore": 2005.753284715288, "updatedConfidence": 35.0, "teamId": 99999}]}