{"id": 31253533, "competitionId": 30067, "createTime": {"seconds": 1637301525}, "endTime": {"seconds": 1637301525}, "agents": [{"id": 77601664, "state": 2, "submissionId": 23825370, "reward": 1010025, "index": 0, "initialScore": 1698.3161839261886, "initialConfidence": 35.0, "updatedScore": 1694.7117953199563, "updatedConfidence": 35.0, "teamId": 99999}, {"id": 77601665, "state": 2, "submissionId": 23674333, "reward": 1130055, "index": 1, "initialScore": 1754.8771841178082, "initialConfidence": 35.0, "updatedScore": 1758.4815727240405, "updatedConfidence": 35.0, "teamId": 99999}]}