{"id": 30429589, "competitionId": 30067, "createTime": {"seconds": 1636620564}, "endTime": {"seconds": 1636620564}, "agents": [{"id": 75953776, "state": 2, "submissionId": 23291500, "reward": 80008, "index": 0, "initialScore": 1489.4756595197694, "initialConfidence": 35.0, "updatedScore": 1484.859882225275, "updatedConfidence": 35.0, "teamId": 99999}, {"id": 75953777, "state": 2, "submissionId": 23692494, "reward": 700036, "index": 1, "initialScore": 1480.6127832948075, "initialConfidence": 40.91783316236612, "updatedScore": 1486.9213981204616, "updatedConfidence": 40.453239311503474, "teamId": 99999}]}