{"id": 30973993, "competitionId": 30067, "createTime": {"seconds": 1637079055}, "endTime": {"seconds": 1637079055}, "agents": [{"id": 77042584, "state": 3, "submissionId": 23507685, "reward": 0, "index": 0, "initialScore": 1137.2198480606996, "initialConfidence": 35.0, "updatedScore": 1132.828775573504, "updatedConfidence": 35.0, "teamId": 99999}, {"id": 77042585, "state": 2, "submissionId": 23825266, "reward": 320015, "index": 1, "initialScore": 1118.054725597904, "initialConfidence": 100.5653709013268, "updatedScore": 1154.306681006091, "updatedConfidence": 94.4733945102212, "teamId": 99999}]}