{"id": 31643014, "competitionId": 30067, "createTime": {"seconds": 1637595786}, "endTime": {"seconds": 1637595786}, "agents": [{"id": 78380626, "state": 2, "submissionId": 23297953, "reward": 1490049, "index": 0, "initialScore": 1998.2747336830328, "initialConfidence": 35.0, "updatedScore": 2000.6901270906037, "updatedConfidence": 35.0, "teamId": 99999}, {"id": 78380627, "state": 2, "submissionId": 23825329, "reward": 1070107, "index": 1, "initialScore": 1853.8585316828892, "initialConfidence": 35.0, "updatedScore": 1851.443138275319, "updatedConfidence": 35.0, "teamId": 99999}]}