{"id": 31254480, "competitionId": 30067, "createTime": {"seconds": 1637302244}, "endTime": {"seconds": 1637302244}, "agents": [{"id": 77603558, "state": 2, "submissionId": 23825266, "reward": 530053, "index": 0, "initialScore": 1714.1909709004333, "initialConfidence": 35.0, "updatedScore": 1717.9007694788909, "updatedConfidence": 35.0, "teamId": 99999}, {"id": 77603559, "state": 2, "submissionId": 23790137, "reward": 270013, "index": 1, "initialScore": 1664.6609820542085, "initialConfidence": 35.0, "updatedScore": 1660.951183475751, "updatedConfidence": 35.0, "teamId": 99999}]}