{"id": 30977872, "competitionId": 30067, "createTime": {"seconds": 1637082174}, "endTime": {"seconds": 1637082174}, "agents": [{"id": 77050342, "state": 2, "submissionId": 23566268, "reward": 50015, "index": 0, "initialScore": 1509.939604896608, "initialConfidence": 35.0, "updatedScore": 1505.5905234114257, "updatedConfidence": 35.0, "teamId": 99999}, {"id": 77050343, "state": 2, "submissionId": 23825143, "reward": 2320226, "index": 1, "initialScore": 1513.2178204847442, "initialConfidence": 56.597628877096255, "updatedScore": 1524.5903724564355, "updatedConfidence": 55.42264658106058, "teamId": 99999}]}