{"id": 28867441, "competitionId": 30067, "createTime": {"seconds": 1635034341}, "endTime": {"seconds": 1635034341}, "agents": [{"id": 72831482, "state": 2, "submissionId": 23038485, "reward": 310031, "index": 0, "initialScore": 1637.6035264850657, "initialConfidence": 35.0, "updatedScore": 1635.022633571846, "updatedConfidence": 35.0, "teamId": 99999}, {"id": 72831483, "state": 2, "submissionId": 23281649, "reward": 490031, "index": 1, "initialScore": 1768.604233903803, "initialConfidence": 35.0, "updatedScore": 1771.185126817023, "updatedConfidence": 35.0, "teamId": 99999}]}