{"id": 30984408, "competitionId": 30067, "createTime": {"seconds": 1637087710}, "endTime": {"seconds": 1637087710}, "agents": [{"id": 77063414, "state": 2, "submissionId": 23599919, "reward": 450045, "index": 0, "initialScore": 1593.003055568725, "initialConfidence": 35.0, "updatedScore": 1587.722794653523, "updatedConfidence": 35.0, "teamId": 99999}, {"id": 77063415, "state": 2, "submissionId": 23825370, "reward": 1110068, "index": 1, "initialScore": 1544.056881964737, "initialConfidence": 44.020333164165486, "updatedScore": 1552.4095639101638, "updatedConfidence": 43.41130200305339, "teamId": 99999}]}