{"id": 30975478, "competitionId": 30067, "createTime": {"seconds": 1637080256}, "endTime": {"seconds": 1637080256}, "agents": [{"id": 77045554, "state": 2, "submissionId": 23297340, "reward": 0, "index": 0, "initialScore": 1354.4538216396552, "initialConfidence": 35.0, "updatedScore": 1350.1943248087805, "updatedConfidence": 35.0, "teamId": 99999}, {"id": 77045555, "state": 2, "submissionId": 23825329, "reward": 210018, "index": 1, "initialScore": 1354.727273687841, "initialConfidence": 80.21635538462658, "updatedScore": 1377.101501863508, "updatedConfidence": 77.03122793662348, "teamId": 99999}]}