{"id": 30981433, "competitionId": 30067, "createTime": {"seconds": 1637085309}, "endTime": {"seconds": 1637085309}, "agents": [{"id": 77057464, "state": 2, "submissionId": 23825329, "reward": 1460138, "index": 0, "initialScore": 1616.6946739469106, "initialConfidence": 49.30447846703935, "updatedScore": 1626.9143785875506, "updatedConfidence": 48.46263181380919, "teamId": 99999}, {"id": 77057465, "state": 2, "submissionId": 23430612, "reward": 400060, "index": 1, "initialScore": 1659.8466331411812, "initialConfidence": 35.0, "updatedScore": 1654.696698770048, "updatedConfidence": 35.0, "teamId": 99999}]}