{"id": 31013070, "competitionId": 30067, "createTime": {"seconds": 1637111053}, "endTime": {"seconds": 1637111053}, "agents": [{"id": 77120738, "state": 2, "submissionId": 23825266, "reward": 2000194, "index": 0, "initialScore": 1598.1889763688548, "initialConfidence": 40.17516319476671, "updatedScore": 1604.3373605786032, "updatedConfidence": 39.73302849395717, "teamId": 99999}, {"id": 77120739, "state": 2, "submissionId": 23689009, "reward": 50005, "index": 1, "initialScore": 1609.9257281624282, "initialConfidence": 35.0, "updatedScore": 1605.2593300463816, "updatedConfidence": 35.0, "teamId": 99999}]}