{"id": 29752110, "competitionId": 30067, "createTime": {"seconds": 1635997842}, "endTime": {"seconds": 1635997842}, "agents": [{"id": 74598818, "state": 2, "submissionId": 23435377, "reward": 1, "index": 0, "initialScore": 1735.959034076414, "initialConfidence": 35.0, "updatedScore": 1734.1518953677762, "updatedConfidence": 35.0, "teamId": 99999}, {"id": 74598819, "state": 2, "submissionId": 23297953, "reward": 820027, "index": 1, "initialScore": 1934.7790660287544, "initialConfidence": 35.0, "updatedScore": 1936.586204737392, "updatedConfidence": 35.0, "teamId": 99999}]}