{"id": 29616591, "competitionId": 30067, "createTime": {"seconds": 1635855882}, "endTime": {"seconds": 1635855882}, "agents": [{"id": 74327780, "state": 2, "submissionId": 23281649, "reward": 410023, "index": 0, "initialScore": 1915.3860266971324, "initialConfidence": 35.0, "updatedScore": 1917.179930924848, "updatedConfidence": 35.0, "teamId": 99999}, {"id": 74327781, "state": 2, "submissionId": 23303548, "reward": 150015, "index": 1, "initialScore": 1715.2702976027358, "initialConfidence": 35.0, "updatedScore": 1713.4763933750205, "updatedConfidence": 35.0, "teamId": 99999}]}