{"id": 32147522, "competitionId": 30067, "createTime": {"seconds": 1637955968}, "endTime": {"seconds": 1637955968}, "agents": [{"id": 79389642, "state": 2, "submissionId": 23825143, "reward": 450044, "index": 0, "initialScore": 1865.122137418682, "initialConfidence": 35.0, "updatedScore": 1867.885574214132, "updatedConfidence": 35.0, "teamId": 99999}, {"id": 79389643, "state": 2, "submissionId": 23790156, "reward": 10000, "index": 1, "initialScore": 1748.3882959102957, "initialConfidence": 35.0, "updatedScore": 1745.6248591148455, "updatedConfidence": 35.0, "teamId": 99999}]}