{"id": 31683227, "competitionId": 30067, "createTime": {"seconds": 1637627493}, "endTime": {"seconds": 1637627493}, "agents": [{"id": 78461052, "state": 2, "submissionId": 23825266, "reward": 1290034, "index": 0, "initialScore": 1829.0350301015712, "initialConfidence": 35.0, "updatedScore": 1832.8245702898264, "updatedConfidence": 35.0, "teamId": 99999}, {"id": 78461053, "state": 2, "submissionId": 23032370, "reward": 1270076, "index": 1, "initialScore": 1784.761785357066, "initialConfidence": 35.0, "updatedScore": 1780.9722451688106, "updatedConfidence": 35.0, "teamId": 99999}]}