{"id": 31230048, "competitionId": 30067, "createTime": {"seconds": 1637283284}, "endTime": {"seconds": 1637283284}, "agents": [{"id": 77554694, "state": 2, "submissionId": 23281649, "reward": 1140031, "index": 0, "initialScore": 1957.5329858621096, "initialConfidence": 35.0, "updatedScore": 1959.77196681584, "updatedConfidence": 35.0, "teamId": 99999}, {"id": 77554695, "state": 2, "submissionId": 23825329, "reward": 730073, "index": 1, "initialScore": 1798.242140527731, "initialConfidence": 35.0, "updatedScore": 1796.003159574001, "updatedConfidence": 35.0, "teamId": 99999}]}