{"id": 30707102, "competitionId": 30067, "createTime": {"seconds": 1636858299}, "endTime": {"seconds": 1636858299}, "agents": [{"id": 76508802, "state": 2, "submissionId": 23297953, "reward": 740029, "index": 0, "initialScore": 2033.1884506406996, "initialConfidence": 35.0, "updatedScore": 2034.5175969116945, "updatedConfidence": 35.0, "teamId": 99999}, {"id": 76508803, "state": 2, "submissionId": 23552447, "reward": 350035, "index": 1, "initialScore": 1745.3241886162457, "initialConfidence": 35.0, "updatedScore": 1743.9950423452506, "updatedConfidence": 35.0, "teamId": 99999}]}