{"id": 29871310, "competitionId": 30067, "createTime": {"seconds": 1636112501}, "endTime": {"seconds": 1636112501}, "agents": [{"id": 74837218, "state": 2, "submissionId": 23554491, "reward": 370036, "index": 0, "initialScore": 1755.0883918386724, "initialConfidence": 35.0, "updatedScore": 1753.296112182462, "updatedConfidence": 35.0, "teamId": 99999}, {"id": 74837219, "state": 2, "submissionId": 23297953, "reward": 1450064, "index": 1, "initialScore": 1955.3635693133035, "initialConfidence": 35.0, "updatedScore": 1957.1558489695133, "updatedConfidence": 35.0, "teamId": 99999}]}