{"id": 31965071, "competitionId": 30067, "createTime": {"seconds": 1637827963}, "endTime": {"seconds": 1637827963}, "agents": [{"id": 79024740, "state": 2, "submissionId": 23297953, "reward": 2280064, "index": 0, "initialScore": 1971.079473019511, "initialConfidence": 35.0, "updatedScore": 1973.8685935063088, "updatedConfidence": 35.0, "teamId": 99999}, {"id": 79024741, "state": 2, "submissionId": 23825224, "reward": 1720164, "index": 1, "initialScore": 1856.3121734344431, "initialConfidence": 35.0, "updatedScore": 1853.5230529476453, "updatedConfidence": 35.0, "teamId": 99999}]}