{"id": 28952416, "competitionId": 30067, "createTime": {"seconds": 1635130128}, "endTime": {"seconds": 1635130128}, "agents": [{"id": 73001432, "state": 2, "submissionId": 23176680, "reward": 270027, "index": 0, "initialScore": 1678.578167403099, "initialConfidence": 35.0, "updatedScore": 1685.1310094903774, "updatedConfidence": 35.0, "teamId": 99999}, {"id": 73001433, "state": 2, "submissionId": 23281649, "reward": 60006, "index": 1, "initialScore": 1794.336354482081, "initialConfidence": 35.0, "updatedScore": 1787.783512394803, "updatedConfidence": 35.0, "teamId": 99999}]}