{"id": 31277846, "competitionId": 30067, "createTime": {"seconds": 1637320477}, "endTime": {"seconds": 1637320477}, "agents": [{"id": 77650290, "state": 2, "submissionId": 23674338, "reward": 230038, "index": 0, "initialScore": 1701.9478917725623, "initialConfidence": 35.0, "updatedScore": 1697.68576298936, "updatedConfidence": 35.0, "teamId": 99999}, {"id": 77650291, "state": 2, "submissionId": 23825266, "reward": 630065, "index": 1, "initialScore": 1716.0529037703675, "initialConfidence": 35.0, "updatedScore": 1720.31503255357, "updatedConfidence": 35.0, "teamId": 99999}]}