{"id": 31520344, "competitionId": 30067, "createTime": {"seconds": 1637505221}, "endTime": {"seconds": 1637505221}, "agents": [{"id": 78135286, "state": 2, "submissionId": 23825143, "reward": 470055, "index": 0, "initialScore": 1813.042657179356, "initialConfidence": 35.0, "updatedScore": 1807.388489664502, "updatedConfidence": 35.0, "teamId": 99999}, {"id": 78135287, "state": 2, "submissionId": 23642602, "reward": 520028, "index": 1, "initialScore": 1745.7151600802729, "initialConfidence": 35.0, "updatedScore": 1751.3693275951266, "updatedConfidence": 35.0, "teamId": 99999}]}