{"id": 30165886, "competitionId": 30067, "createTime": {"seconds": 1636385437}, "endTime": {"seconds": 1636385437}, "agents": [{"id": 75426370, "state": 2, "submissionId": 23281649, "reward": 500040, "index": 0, "initialScore": 1958.076316708329, "initialConfidence": 35.0, "updatedScore": 1950.2088700705085, "updatedConfidence": 35.0, "teamId": 99999}, {"id": 75426371, "state": 2, "submissionId": 23554491, "reward": 630063, "index": 1, "initialScore": 1775.4265212909927, "initialConfidence": 35.0, "updatedScore": 1783.2939679288131, "updatedConfidence": 35.0, "teamId": 99999}]}