{"id": 30155484, "competitionId": 30067, "createTime": {"seconds": 1636376076}, "endTime": {"seconds": 1636376076}, "agents": [{"id": 75405566, "state": 2, "submissionId": 23281649, "reward": 10001, "index": 0, "initialScore": 1956.186984487938, "initialConfidence": 35.0, "updatedScore": 1958.076316708329, "updatedConfidence": 35.0, "teamId": 99999}, {"id": 75405567, "state": 2, "submissionId": 23554433, "reward": 1, "index": 1, "initialScore": 1765.2889055408518, "initialConfidence": 35.0, "updatedScore": 1763.3995733204608, "updatedConfidence": 35.0, "teamId": 99999}]}