{"id": 30830027, "competitionId": 30067, "createTime": {"seconds": 1636960808}, "endTime": {"seconds": 1636960808}, "agents": [{"id": 76754652, "state": 2, "submissionId": 23554491, "reward": 170004, "index": 0, "initialScore": 1775.7296409444054, "initialConfidence": 35.0, "updatedScore": 1774.4004946734103, "updatedConfidence": 35.0, "teamId": 99999}, {"id": 76754653, "state": 2, "submissionId": 23297953, "reward": 400014, "index": 1, "initialScore": 2037.257803680253, "initialConfidence": 35.0, "updatedScore": 2038.586949951248, "updatedConfidence": 35.0, "teamId": 99999}]}