{"id": 30062991, "competitionId": 30067, "createTime": {"seconds": 1636291749}, "endTime": {"seconds": 1636291749}, "agents": [{"id": 75220580, "state": 2, "submissionId": 23297953, "reward": 200008, "index": 0, "initialScore": 1960.010222784249, "initialConfidence": 35.0, "updatedScore": 1961.8030759019823, "updatedConfidence": 35.0, "teamId": 99999}, {"id": 75220581, "state": 2, "submissionId": 23323058, "reward": 1, "index": 1, "initialScore": 1759.791339369525, "initialConfidence": 35.0, "updatedScore": 1757.9984862517915, "updatedConfidence": 35.0, "teamId": 99999}]}