{"id": 31843255, "competitionId": 30067, "createTime": {"seconds": 1637742458}, "endTime": {"seconds": 1637742458}, "agents": [{"id": 78781108, "state": 2, "submissionId": 23642602, "reward": 870042, "index": 0, "initialScore": 1741.111919223226, "initialConfidence": 35.0, "updatedScore": 1746.8965957990824, "updatedConfidence": 35.0, "teamId": 99999}, {"id": 78781109, "state": 2, "submissionId": 23825370, "reward": 340034, "index": 1, "initialScore": 1815.6396628125667, "initialConfidence": 35.0, "updatedScore": 1809.8549862367104, "updatedConfidence": 35.0, "teamId": 99999}]}