{"id": 29248396, "competitionId": 30067, "createTime": {"seconds": 1635453830}, "endTime": {"seconds": 1635453830}, "agents": [{"id": 73591392, "state": 2, "submissionId": 23323058, "reward": 0, "index": 0, "initialScore": 1712.3732155776663, "initialConfidence": 35.0, "updatedScore": 1710.096781798175, "updatedConfidence": 35.0, "teamId": 99999}, {"id": 73591393, "state": 2, "submissionId": 23281649, "reward": 110004, "index": 1, "initialScore": 1868.4524695465127, "initialConfidence": 35.0, "updatedScore": 1870.728903326004, "updatedConfidence": 35.0, "teamId": 99999}]}