{"id": 31168446, "competitionId": 30067, "createTime": {"seconds": 1637235015}, "endTime": {"seconds": 1637235015}, "agents": [{"id": 77431490, "state": 2, "submissionId": 23692494, "reward": 490047, "index": 0, "initialScore": 1865.1093523810791, "initialConfidence": 35.0, "updatedScore": 1868.04072425321, "updatedConfidence": 35.0, "teamId": 99999}, {"id": 77431491, "state": 2, "submissionId": 23554433, "reward": 350050, "index": 1, "initialScore": 1761.0657763980523, "initialConfidence": 35.0, "updatedScore": 1758.1344045259214, "updatedConfidence": 35.0, "teamId": 99999}]}