{"id": 31145953, "competitionId": 30067, "createTime": {"seconds": 1637217227}, "endTime": {"seconds": 1637217227}, "agents": [{"id": 77386504, "state": 2, "submissionId": 23825329, "reward": 710068, "index": 0, "initialScore": 1794.9344863068902, "initialConfidence": 35.0, "updatedScore": 1797.960675836741, "updatedConfidence": 35.0, "teamId": 99999}, {"id": 77386505, "state": 2, "submissionId": 23642618, "reward": 100010, "index": 1, "initialScore": 1697.889448623602, "initialConfidence": 35.0, "updatedScore": 1694.8632590937511, "updatedConfidence": 35.0, "teamId": 99999}]}