{"id": 30968513, "competitionId": 30067, "createTime": {"seconds": 1637074499}, "endTime": {"seconds": 1637074499}, "agents": [{"id": 77031624, "state": 2, "submissionId": 23608696, "reward": 0, "index": 0, "initialScore": 1774.3772786169195, "initialConfidence": 35.0, "updatedScore": 1770.2112529588271, "updatedConfidence": 35.0, "teamId": 99999}, {"id": 77031625, "state": 2, "submissionId": 23692494, "reward": 710007, "index": 1, "initialScore": 1794.490265018126, "initialConfidence": 35.0, "updatedScore": 1798.6562906762188, "updatedConfidence": 35.0, "teamId": 99999}]}