{"id": 31540601, "competitionId": 30067, "createTime": {"seconds": 1637520364}, "endTime": {"seconds": 1637520364}, "agents": [{"id": 78175800, "state": 2, "submissionId": 23825266, "reward": 1420122, "index": 0, "initialScore": 1810.1428202514503, "initialConfidence": 35.0, "updatedScore": 1804.5872300863973, "updatedConfidence": 35.0, "teamId": 99999}, {"id": 78175801, "state": 2, "submissionId": 23642602, "reward": 1480043, "index": 1, "initialScore": 1748.295733523472, "initialConfidence": 35.0, "updatedScore": 1753.851323688525, "updatedConfidence": 35.0, "teamId": 99999}]}