{"id": 28736106, "competitionId": 30067, "createTime": {"seconds": 1634883321}, "endTime": {"seconds": 1634883321}, "agents": [{"id": 72568812, "state": 2, "submissionId": 23176680, "reward": 130014, "index": 0, "initialScore": 1706.2135748986025, "initialConfidence": 35.0, "updatedScore": 1701.2593075756713, "updatedConfidence": 35.0, "teamId": 99999}, {"id": 72568813, "state": 2, "submissionId": 23297953, "reward": 370008, "index": 1, "initialScore": 1678.657787977365, "initialConfidence": 35.0, "updatedScore": 1683.612055300296, "updatedConfidence": 35.0, "teamId": 99999}]}