{"id": 31723635, "competitionId": 30067, "createTime": {"seconds": 1637656794}, "endTime": {"seconds": 1637656794}, "agents": [{"id": 78541868, "state": 2, "submissionId": 23825143, "reward": 1380067, "index": 0, "initialScore": 1823.3406904387004, "initialConfidence": 35.0, "updatedScore": 1821.221598499691, "updatedConfidence": 35.0, "teamId": 99999}, {"id": 78541869, "state": 2, "submissionId": 23297953, "reward": 1590050, "index": 1, "initialScore": 1993.123177285519, "initialConfidence": 35.0, "updatedScore": 1995.2422692245284, "updatedConfidence": 35.0, "teamId": 99999}]}