{"id": 28589707, "competitionId": 30067, "createTime": {"seconds": 1634708615}, "endTime": {"seconds": 1634708615}, "agents": [{"id": 72276014, "state": 2, "submissionId": 22902113, "reward": 130015, "index": 0, "initialScore": 1630.9990884614572, "initialConfidence": 35.0, "updatedScore": 1627.1580640695415, "updatedConfidence": 35.0, "teamId": 99999}, {"id": 72276015, "state": 2, "submissionId": 23281649, "reward": 340029, "index": 1, "initialScore": 1671.9056839209013, "initialConfidence": 35.0, "updatedScore": 1675.746708312817, "updatedConfidence": 35.0, "teamId": 99999}]}