{"id": 28867416, "competitionId": 30067, "createTime": {"seconds": 1635034340}, "endTime": {"seconds": 1635034340}, "agents": [{"id": 72831432, "state": 2, "submissionId": 23297953, "reward": 80012, "index": 0, "initialScore": 1749.8428008967037, "initialConfidence": 35.0, "updatedScore": 1743.7024350141817, "updatedConfidence": 35.0, "teamId": 99999}, {"id": 72831433, "state": 2, "submissionId": 23129375, "reward": 110011, "index": 1, "initialScore": 1655.992013181547, "initialConfidence": 35.0, "updatedScore": 1662.1323790640688, "updatedConfidence": 35.0, "teamId": 99999}]}