{"id": 31352191, "competitionId": 30067, "createTime": {"seconds": 1637378091}, "endTime": {"seconds": 1637378091}, "agents": [{"id": 77798980, "state": 2, "submissionId": 23642611, "reward": 140014, "index": 0, "initialScore": 1748.3353676850318, "initialConfidence": 35.0, "updatedScore": 1756.4572467889832, "updatedConfidence": 35.0, "teamId": 99999}, {"id": 77798981, "state": 2, "submissionId": 23281649, "reward": 3, "index": 1, "initialScore": 1943.5047053384408, "initialConfidence": 35.0, "updatedScore": 1935.3828262344896, "updatedConfidence": 35.0, "teamId": 99999}]}