{"id": 30500832, "competitionId": 30067, "createTime": {"seconds": 1636682279}, "endTime": {"seconds": 1636682279}, "agents": [{"id": 76096262, "state": 2, "submissionId": 23554491, "reward": 480043, "index": 0, "initialScore": 1763.6665807905156, "initialConfidence": 35.0, "updatedScore": 1772.180475671784, "updatedConfidence": 35.0, "teamId": 99999}, {"id": 76096263, "state": 2, "submissionId": 23281649, "reward": 210019, "index": 1, "initialScore": 1977.900165919234, "initialConfidence": 35.0, "updatedScore": 1969.3862710379656, "updatedConfidence": 35.0, "teamId": 99999}]}