{"id": 30973692, "competitionId": 30067, "createTime": {"seconds": 1637078814}, "endTime": {"seconds": 1637078814}, "agents": [{"id": 77041982, "state": 2, "submissionId": 23378571, "reward": 0, "index": 0, "initialScore": 1119.592119224823, "initialConfidence": 35.0, "updatedScore": 1115.7545023472628, "updatedConfidence": 35.0, "teamId": 99999}, {"id": 77041983, "state": 2, "submissionId": 23825329, "reward": 1530136, "index": 1, "initialScore": 1132.4749360742414, "initialConfidence": 116.051492152116, "updatedScore": 1174.6666321876558, "updatedConfidence": 107.54976736727149, "teamId": 99999}]}