{"id": 30976672, "competitionId": 30067, "createTime": {"seconds": 1637081214}, "endTime": {"seconds": 1637081214}, "agents": [{"id": 77047942, "state": 2, "submissionId": 23825329, "reward": 390038, "index": 0, "initialScore": 1439.965258804017, "initialConfidence": 69.0732144892198, "updatedScore": 1459.795877252256, "updatedConfidence": 66.83690912481026, "teamId": 99999}, {"id": 77047943, "state": 2, "submissionId": 23336031, "reward": 0, "index": 1, "initialScore": 1487.8945027589357, "initialConfidence": 35.0, "updatedScore": 1482.8029175942709, "updatedConfidence": 35.0, "teamId": 99999}]}