{"id": 30978466, "competitionId": 30067, "createTime": {"seconds": 1637082656}, "endTime": {"seconds": 1637082656}, "agents": [{"id": 77051530, "state": 2, "submissionId": 23403034, "reward": 180018, "index": 0, "initialScore": 1525.0151338454425, "initialConfidence": 35.0, "updatedScore": 1520.708255223612, "updatedConfidence": 35.0, "teamId": 99999}, {"id": 77051531, "state": 2, "submissionId": 23825329, "reward": 740070, "index": 1, "initialScore": 1530.310056906522, "initialConfidence": 58.74575155123895, "updatedScore": 1542.4433718929738, "updatedConfidence": 57.44153443359821, "teamId": 99999}]}