{"id": 31253517, "competitionId": 30067, "createTime": {"seconds": 1637301524}, "endTime": {"seconds": 1637301524}, "agents": [{"id": 77601632, "state": 2, "submissionId": 23770123, "reward": 170017, "index": 0, "initialScore": 1787.3618775836255, "initialConfidence": 35.0, "updatedScore": 1784.361156453124, "updatedConfidence": 35.0, "teamId": 99999}, {"id": 77601633, "state": 2, "submissionId": 23692494, "reward": 590017, "index": 1, "initialScore": 1886.2755430552716, "initialConfidence": 35.0, "updatedScore": 1889.2762641857728, "updatedConfidence": 35.0, "teamId": 99999}]}