{"id": 30981731, "competitionId": 30067, "createTime": {"seconds": 1637085550}, "endTime": {"seconds": 1637085550}, "agents": [{"id": 77058060, "state": 2, "submissionId": 23825266, "reward": 950093, "index": 0, "initialScore": 1519.927835510252, "initialConfidence": 47.602489323835925, "updatedScore": 1529.3992813101986, "updatedConfidence": 46.844959568002736, "teamId": 99999}, {"id": 77058061, "state": 2, "submissionId": 23499331, "reward": 1, "index": 1, "initialScore": 1560.758801725984, "initialConfidence": 35.0, "updatedScore": 1555.6385296527958, "updatedConfidence": 35.0, "teamId": 99999}]}