{"id": 31302219, "competitionId": 30067, "createTime": {"seconds": 1637339231}, "endTime": {"seconds": 1637339231}, "agents": [{"id": 77699036, "state": 2, "submissionId": 23825266, "reward": 240013, "index": 0, "initialScore": 1724.010228428246, "initialConfidence": 35.0, "updatedScore": 1726.8549567602906, "updatedConfidence": 35.0, "teamId": 99999}, {"id": 77699037, "state": 2, "submissionId": 23765375, "reward": 10001, "index": 1, "initialScore": 1613.468264554272, "initialConfidence": 35.0, "updatedScore": 1610.6235362222274, "updatedConfidence": 35.0, "teamId": 99999}]}