{"id": 28969263, "competitionId": 30067, "createTime": {"seconds": 1635148881}, "endTime": {"seconds": 1635148881}, "agents": [{"id": 73035126, "state": 2, "submissionId": 23281649, "reward": 560033, "index": 0, "initialScore": 1790.3008923333648, "initialConfidence": 35.0, "updatedScore": 1792.5895267678782, "updatedConfidence": 35.0, "teamId": 99999}, {"id": 73035127, "state": 2, "submissionId": 22931784, "reward": 350035, "index": 1, "initialScore": 1635.2613853657815, "initialConfidence": 35.0, "updatedScore": 1632.9727509312684, "updatedConfidence": 35.0, "teamId": 99999}]}