{"id": 30331048, "competitionId": 30067, "createTime": {"seconds": 1636533718}, "endTime": {"seconds": 1636533718}, "agents": [{"id": 75756694, "state": 2, "submissionId": 23281649, "reward": 270013, "index": 0, "initialScore": 1969.55699336532, "initialConfidence": 35.0, "updatedScore": 1971.3623123309128, "updatedConfidence": 35.0, "teamId": 99999}, {"id": 75756695, "state": 2, "submissionId": 23554491, "reward": 150005, "index": 1, "initialScore": 1770.559143581328, "initialConfidence": 35.0, "updatedScore": 1768.7538246157349, "updatedConfidence": 35.0, "teamId": 99999}]}