{"id": 30093943, "competitionId": 30067, "createTime": {"seconds": 1636320096}, "endTime": {"seconds": 1636320096}, "agents": [{"id": 75282484, "state": 2, "submissionId": 23554491, "reward": 200005, "index": 0, "initialScore": 1764.631172036349, "initialConfidence": 35.0, "updatedScore": 1762.8439967443887, "updatedConfidence": 35.0, "teamId": 99999}, {"id": 75282485, "state": 2, "submissionId": 23297953, "reward": 1270032, "index": 1, "initialScore": 1965.4079023003808, "initialConfidence": 35.0, "updatedScore": 1967.1950775923412, "updatedConfidence": 35.0, "teamId": 99999}]}