{"id": 31327688, "competitionId": 30067, "createTime": {"seconds": 1637359163}, "endTime": {"seconds": 1637359163}, "agents": [{"id": 77749974, "state": 2, "submissionId": 23281649, "reward": 110012, "index": 0, "initialScore": 1938.5346401343647, "initialConfidence": 35.0, "updatedScore": 1940.946682060073, "updatedConfidence": 35.0, "teamId": 99999}, {"id": 77749975, "state": 2, "submissionId": 23825329, "reward": 0, "index": 1, "initialScore": 1793.8416173518472, "initialConfidence": 35.0, "updatedScore": 1791.4295754261389, "updatedConfidence": 35.0, "teamId": 99999}]}