{"id": 31763549, "competitionId": 30067, "createTime": {"seconds": 1637685387}, "endTime": {"seconds": 1637685387}, "agents": [{"id": 78621696, "state": 2, "submissionId": 23825224, "reward": 990067, "index": 0, "initialScore": 1856.4120386032212, "initialConfidence": 35.0, "updatedScore": 1853.599030102939, "updatedConfidence": 35.0, "teamId": 99999}, {"id": 78621697, "state": 2, "submissionId": 23692494, "reward": 2460056, "index": 1, "initialScore": 1969.3588433588236, "initialConfidence": 35.0, "updatedScore": 1972.1718518591056, "updatedConfidence": 35.0, "teamId": 99999}]}