{"id": 29346800, "competitionId": 30067, "createTime": {"seconds": 1635557897}, "endTime": {"seconds": 1635557897}, "agents": [{"id": 73788200, "state": 2, "submissionId": 23297953, "reward": 1680039, "index": 0, "initialScore": 1879.024401873953, "initialConfidence": 35.0, "updatedScore": 1880.915864134172, "updatedConfidence": 35.0, "teamId": 99999}, {"id": 73788201, "state": 2, "submissionId": 23034455, "reward": 100040, "index": 1, "initialScore": 1688.3288490523353, "initialConfidence": 35.0, "updatedScore": 1686.4373867921158, "updatedConfidence": 35.0, "teamId": 99999}]}