{"id": 30932486, "competitionId": 30067, "createTime": {"seconds": 1637045189}, "endTime": {"seconds": 1637045189}, "agents": [{"id": 76959570, "state": 2, "submissionId": 23692494, "reward": 1170019, "index": 0, "initialScore": 1779.2594636490912, "initialConfidence": 35.0, "updatedScore": 1783.308422373517, "updatedConfidence": 35.0, "teamId": 99999}, {"id": 76959571, "state": 2, "submissionId": 23674317, "reward": 10001, "index": 1, "initialScore": 1751.7440199357875, "initialConfidence": 35.0, "updatedScore": 1747.6950612113617, "updatedConfidence": 35.0, "teamId": 99999}]}