{"id": 31303007, "competitionId": 30067, "createTime": {"seconds": 1637339948}, "endTime": {"seconds": 1637339948}, "agents": [{"id": 77700612, "state": 2, "submissionId": 23597959, "reward": 680061, "index": 0, "initialScore": 1670.628706974006, "initialConfidence": 35.0, "updatedScore": 1667.4719860735029, "updatedConfidence": 35.0, "teamId": 99999}, {"id": 77700613, "state": 2, "submissionId": 23825143, "reward": 2860282, "index": 1, "initialScore": 1758.2198702838182, "initialConfidence": 35.0, "updatedScore": 1761.3765911843211, "updatedConfidence": 35.0, "teamId": 99999}]}