{"id": 28777611, "competitionId": 30067, "createTime": {"seconds": 1634931351}, "endTime": {"seconds": 1634931351}, "agents": [{"id": 72651822, "state": 2, "submissionId": 23297953, "reward": 290003, "index": 0, "initialScore": 1697.37419692573, "initialConfidence": 35.0, "updatedScore": 1701.416436500925, "updatedConfidence": 35.0, "teamId": 99999}, {"id": 72651823, "state": 2, "submissionId": 23034455, "reward": 10002, "index": 1, "initialScore": 1669.430989538978, "initialConfidence": 35.0, "updatedScore": 1665.3887499637829, "updatedConfidence": 35.0, "teamId": 99999}]}