{"id": 31427518, "competitionId": 30067, "createTime": {"seconds": 1637435611}, "endTime": {"seconds": 1637435611}, "agents": [{"id": 77949634, "state": 2, "submissionId": 23825329, "reward": 110011, "index": 0, "initialScore": 1819.916743710304, "initialConfidence": 35.0, "updatedScore": 1815.653162573315, "updatedConfidence": 35.0, "teamId": 99999}, {"id": 77949635, "state": 2, "submissionId": 23032370, "reward": 150015, "index": 1, "initialScore": 1833.9314213745968, "initialConfidence": 35.0, "updatedScore": 1838.195002511586, "updatedConfidence": 35.0, "teamId": 99999}]}