{"id": 28412988, "competitionId": 30067, "createTime": {"seconds": 1634489251}, "endTime": {"seconds": 1634489251}, "agents": [{"id": 71922576, "state": 2, "submissionId": 23272777, "reward": 0, "index": 0, "initialScore": 1351.714113478958, "initialConfidence": 38.41395500066457, "updatedScore": 1346.077637986196, "updatedConfidence": 38.04104015775368, "teamId": 99999}, {"id": 71922577, "state": 2, "submissionId": 23281649, "reward": 170003, "index": 1, "initialScore": 1332.2841855397648, "initialConfidence": 60.0411584310977, "updatedScore": 1346.0539877557758, "updatedConfidence": 58.60700815248394, "teamId": 99999}]}