{"id": 30618693, "competitionId": 30067, "createTime": {"seconds": 1636783628}, "endTime": {"seconds": 1636783628}, "agents": [{"id": 76331984, "state": 2, "submissionId": 23297953, "reward": 1240041, "index": 0, "initialScore": 2033.147515659465, "initialConfidence": 35.0, "updatedScore": 2034.47666193046, "updatedConfidence": 35.0, "teamId": 99999}, {"id": 76331985, "state": 2, "submissionId": 23542431, "reward": 250027, "index": 1, "initialScore": 1748.7338600894543, "initialConfidence": 35.0, "updatedScore": 1747.4047138184594, "updatedConfidence": 35.0, "teamId": 99999}]}