{"id": 31193291, "competitionId": 30067, "createTime": {"seconds": 1637254720}, "endTime": {"seconds": 1637254720}, "agents": [{"id": 77481180, "state": 2, "submissionId": 23825266, "reward": 2220218, "index": 0, "initialScore": 1680.969510270843, "initialConfidence": 35.0, "updatedScore": 1683.633307630609, "updatedConfidence": 35.0, "teamId": 99999}, {"id": 77481181, "state": 2, "submissionId": 23617116, "reward": 190022, "index": 1, "initialScore": 1556.5131285566538, "initialConfidence": 35.0, "updatedScore": 1553.8493311968884, "updatedConfidence": 35.0, "teamId": 99999}]}