{"id": 31206772, "competitionId": 30067, "createTime": {"seconds": 1637265277}, "endTime": {"seconds": 1637265277}, "agents": [{"id": 77508142, "state": 2, "submissionId": 23472712, "reward": 230026, "index": 0, "initialScore": 1673.5105398866294, "initialConfidence": 35.0, "updatedScore": 1679.0816660172766, "updatedConfidence": 35.0, "teamId": 99999}, {"id": 77508143, "state": 2, "submissionId": 23825143, "reward": 200033, "index": 1, "initialScore": 1736.2237984412463, "initialConfidence": 35.0, "updatedScore": 1730.6526723105992, "updatedConfidence": 35.0, "teamId": 99999}]}