{"id": 31315691, "competitionId": 30067, "createTime": {"seconds": 1637349779}, "endTime": {"seconds": 1637349779}, "agents": [{"id": 77725980, "state": 2, "submissionId": 23825224, "reward": 1790174, "index": 0, "initialScore": 1823.608525107048, "initialConfidence": 35.0, "updatedScore": 1829.5105096813609, "updatedConfidence": 35.0, "teamId": 99999}, {"id": 77725981, "state": 2, "submissionId": 23692494, "reward": 50016, "index": 1, "initialScore": 1904.5563797777609, "initialConfidence": 35.0, "updatedScore": 1898.654395203448, "updatedConfidence": 35.0, "teamId": 99999}]}