{"id": 30226857, "competitionId": 30067, "createTime": {"seconds": 1636440688}, "endTime": {"seconds": 1636440688}, "agents": [{"id": 75548312, "state": 2, "submissionId": 23281649, "reward": 1100023, "index": 0, "initialScore": 1951.3313917037367, "initialConfidence": 35.0, "updatedScore": 1952.6985983850172, "updatedConfidence": 35.0, "teamId": 99999}, {"id": 75548313, "state": 2, "submissionId": 23500163, "reward": 550022, "index": 1, "initialScore": 1705.797760946656, "initialConfidence": 35.0, "updatedScore": 1704.4305542653751, "updatedConfidence": 35.0, "teamId": 99999}]}