{"id": 30195759, "competitionId": 30067, "createTime": {"seconds": 1636412386}, "endTime": {"seconds": 1636412386}, "agents": [{"id": 75486116, "state": 2, "submissionId": 23297953, "reward": 1550044, "index": 0, "initialScore": 1973.1397739959816, "initialConfidence": 35.0, "updatedScore": 1974.7440782424017, "updatedConfidence": 35.0, "teamId": 99999}, {"id": 75486117, "state": 2, "submissionId": 23323058, "reward": 610061, "index": 1, "initialScore": 1753.7833290339424, "initialConfidence": 35.0, "updatedScore": 1752.1790247875222, "updatedConfidence": 35.0, "teamId": 99999}]}