{"id": 31388557, "competitionId": 30067, "createTime": {"seconds": 1637405926}, "endTime": {"seconds": 1637405926}, "agents": [{"id": 77871712, "state": 2, "submissionId": 23297953, "reward": 180000, "index": 0, "initialScore": 2000.957231289475, "initialConfidence": 35.0, "updatedScore": 2003.126204074544, "updatedConfidence": 35.0, "teamId": 99999}, {"id": 77871713, "state": 2, "submissionId": 23825224, "reward": 0, "index": 1, "initialScore": 1835.580168853012, "initialConfidence": 35.0, "updatedScore": 1833.411196067943, "updatedConfidence": 35.0, "teamId": 99999}]}