{"id": 29960371, "competitionId": 30067, "createTime": {"seconds": 1636196947}, "endTime": {"seconds": 1636196947}, "agents": [{"id": 75015340, "state": 2, "submissionId": 23554433, "reward": 490026, "index": 0, "initialScore": 1752.2602001201287, "initialConfidence": 35.0, "updatedScore": 1750.4619922002516, "updatedConfidence": 35.0, "teamId": 99999}, {"id": 75015341, "state": 2, "submissionId": 23297953, "reward": 1390037, "index": 1, "initialScore": 1951.953952280278, "initialConfidence": 35.0, "updatedScore": 1953.752160200155, "updatedConfidence": 35.0, "teamId": 99999}]}