{"id": 31027198, "competitionId": 30067, "createTime": {"seconds": 1637122402}, "endTime": {"seconds": 1637122402}, "agents": [{"id": 77148994, "state": 2, "submissionId": 23642575, "reward": 110010, "index": 0, "initialScore": 1783.530952912696, "initialConfidence": 35.0, "updatedScore": 1781.5228105281517, "updatedConfidence": 35.0, "teamId": 99999}, {"id": 77148995, "state": 2, "submissionId": 23281649, "reward": 670012, "index": 1, "initialScore": 1963.3326999013743, "initialConfidence": 35.0, "updatedScore": 1965.340842285919, "updatedConfidence": 35.0, "teamId": 99999}]}