{"id": 30981142, "competitionId": 30067, "createTime": {"seconds": 1637085069}, "endTime": {"seconds": 1637085069}, "agents": [{"id": 77056882, "state": 2, "submissionId": 23599919, "reward": 10002, "index": 0, "initialScore": 1597.4485559890345, "initialConfidence": 35.0, "updatedScore": 1593.003055568725, "updatedConfidence": 35.0, "teamId": 99999}, {"id": 77056883, "state": 2, "submissionId": 23825143, "reward": 150003, "index": 1, "initialScore": 1597.220695295205, "initialConfidence": 47.87683530641466, "updatedScore": 1605.5390117439194, "updatedConfidence": 47.15035147845854, "teamId": 99999}]}