{"id": 31477530, "competitionId": 30067, "createTime": {"seconds": 1637473291}, "endTime": {"seconds": 1637473291}, "agents": [{"id": 78049658, "state": 2, "submissionId": 23809840, "reward": 520031, "index": 0, "initialScore": 1602.2620712678606, "initialConfidence": 35.0, "updatedScore": 1600.1712243576878, "updatedConfidence": 35.0, "teamId": 99999}, {"id": 78049659, "state": 2, "submissionId": 23825370, "reward": 1080070, "index": 1, "initialScore": 1774.5657020793014, "initialConfidence": 35.0, "updatedScore": 1776.6565489894742, "updatedConfidence": 35.0, "teamId": 99999}]}