{"id": 30973989, "competitionId": 30067, "createTime": {"seconds": 1637079055}, "endTime": {"seconds": 1637079055}, "agents": [{"id": 77042576, "state": 2, "submissionId": 22884359, "reward": 0, "index": 0, "initialScore": 1151.505567704073, "initialConfidence": 35.0, "updatedScore": 1146.5814287864846, "updatedConfidence": 35.0, "teamId": 99999}, {"id": 77042577, "state": 2, "submissionId": 23825370, "reward": 590054, "index": 1, "initialScore": 1085.1493348077993, "initialConfidence": 114.83862723101774, "updatedScore": 1138.1608469474666, "updatedConfidence": 105.64710297182526, "teamId": 99999}]}