{"id": 28596220, "competitionId": 30067, "createTime": {"seconds": 1634716538}, "endTime": {"seconds": 1634716538}, "agents": [{"id": 72289040, "state": 2, "submissionId": 23297953, "reward": 1170035, "index": 0, "initialScore": 1585.498837494338, "initialConfidence": 35.0, "updatedScore": 1588.3003235784436, "updatedConfidence": 35.0, "teamId": 99999}, {"id": 72289041, "state": 2, "submissionId": 23249067, "reward": 90009, "index": 1, "initialScore": 1471.6749351965632, "initialConfidence": 35.0, "updatedScore": 1468.8734491124576, "updatedConfidence": 35.0, "teamId": 99999}]}