{"id": 30574194, "competitionId": 30067, "createTime": {"seconds": 1636745677}, "endTime": {"seconds": 1636745677}, "agents": [{"id": 76242986, "state": 2, "submissionId": 23291386, "reward": 20001, "index": 0, "initialScore": 1519.305028952653, "initialConfidence": 35.0, "updatedScore": 1515.7485559919376, "updatedConfidence": 35.0, "teamId": 99999}, {"id": 76242987, "state": 2, "submissionId": 23692494, "reward": 100008, "index": 1, "initialScore": 1579.0942866555254, "initialConfidence": 35.0, "updatedScore": 1582.6507596162407, "updatedConfidence": 35.0, "teamId": 99999}]}