{"id": 30423247, "competitionId": 30067, "createTime": {"seconds": 1636615045}, "endTime": {"seconds": 1636615045}, "agents": [{"id": 75941092, "state": 2, "submissionId": 23692494, "reward": 530009, "index": 0, "initialScore": 1293.0805813790323, "initialConfidence": 58.71023730737941, "updatedScore": 1302.823261529246, "updatedConfidence": 57.53312847482063, "teamId": 99999}, {"id": 75941093, "state": 2, "submissionId": 23455850, "reward": 1, "index": 1, "initialScore": 1230.948348890119, "initialConfidence": 35.0, "updatedScore": 1227.4858721701416, "updatedConfidence": 35.0, "teamId": 99999}]}