{"id": 30956603, "competitionId": 30067, "createTime": {"seconds": 1637064897}, "endTime": {"seconds": 1637064897}, "agents": [{"id": 77007804, "state": 2, "submissionId": 23692494, "reward": 480013, "index": 0, "initialScore": 1790.4889064360557, "initialConfidence": 35.0, "updatedScore": 1794.490265018126, "updatedConfidence": 35.0, "teamId": 99999}, {"id": 77007805, "state": 2, "submissionId": 23642597, "reward": 80008, "index": 1, "initialScore": 1759.9361289050953, "initialConfidence": 35.0, "updatedScore": 1755.9347703230248, "updatedConfidence": 35.0, "teamId": 99999}]}