{"id": 31073586, "competitionId": 30067, "createTime": {"seconds": 1637159630}, "endTime": {"seconds": 1637159630}, "agents": [{"id": 77241770, "state": 2, "submissionId": 23554433, "reward": 0, "index": 0, "initialScore": 1785.89588781977, "initialConfidence": 35.0, "updatedScore": 1784.5667415487749, "updatedConfidence": 35.0, "teamId": 99999}, {"id": 77241771, "state": 2, "submissionId": 23297953, "reward": 290010, "index": 1, "initialScore": 2054.8055706750847, "initialConfidence": 35.0, "updatedScore": 2056.13471694608, "updatedConfidence": 35.0, "teamId": 99999}]}