{"id": 31605075, "competitionId": 30067, "createTime": {"seconds": 1637567886}, "endTime": {"seconds": 1637567886}, "agents": [{"id": 78304748, "state": 2, "submissionId": 23825329, "reward": 560052, "index": 0, "initialScore": 1839.422603620374, "initialConfidence": 35.0, "updatedScore": 1843.4238037720345, "updatedConfidence": 35.0, "teamId": 99999}, {"id": 78304749, "state": 2, "submissionId": 23032370, "reward": 10003, "index": 1, "initialScore": 1808.8596895537205, "initialConfidence": 35.0, "updatedScore": 1804.8584894020605, "updatedConfidence": 35.0, "teamId": 99999}]}