{"id": 31166762, "competitionId": 30067, "createTime": {"seconds": 1637233579}, "endTime": {"seconds": 1637233579}, "agents": [{"id": 77428122, "state": 2, "submissionId": 23516857, "reward": 20001, "index": 0, "initialScore": 1672.642862700857, "initialConfidence": 35.0, "updatedScore": 1668.014556213349, "updatedConfidence": 35.0, "teamId": 99999}, {"id": 77428123, "state": 2, "submissionId": 23825370, "reward": 440042, "index": 1, "initialScore": 1664.3779972544933, "initialConfidence": 35.0, "updatedScore": 1669.0063037420016, "updatedConfidence": 35.0, "teamId": 99999}]}