{"id": 29028688, "competitionId": 30067, "createTime": {"seconds": 1635215000}, "endTime": {"seconds": 1635215000}, "agents": [{"id": 73153976, "state": 2, "submissionId": 23176680, "reward": 300030, "index": 0, "initialScore": 1667.1711263726754, "initialConfidence": 35.0, "updatedScore": 1664.6353248049877, "updatedConfidence": 35.0, "teamId": 99999}, {"id": 73153977, "state": 2, "submissionId": 23297953, "reward": 790030, "index": 1, "initialScore": 1801.7791059177391, "initialConfidence": 35.0, "updatedScore": 1804.3149074854268, "updatedConfidence": 35.0, "teamId": 99999}]}