{"id": 28604681, "competitionId": 30067, "createTime": {"seconds": 1634726619}, "endTime": {"seconds": 1634726619}, "agents": [{"id": 72305962, "state": 2, "submissionId": 23303548, "reward": 160023, "index": 0, "initialScore": 1619.553125441357, "initialConfidence": 35.339020762802825, "updatedScore": 1614.570757102118, "updatedConfidence": 35.03076959694548, "teamId": 99999}, {"id": 72305963, "state": 2, "submissionId": 23297953, "reward": 550033, "index": 1, "initialScore": 1595.8427628875204, "initialConfidence": 35.0, "updatedScore": 1600.7299942331038, "updatedConfidence": 35.0, "teamId": 99999}]}