{"id": 30976382, "competitionId": 30067, "createTime": {"seconds": 1637080975}, "endTime": {"seconds": 1637080975}, "agents": [{"id": 77047362, "state": 2, "submissionId": 23446659, "reward": 1, "index": 0, "initialScore": 1475.871093983529, "initialConfidence": 35.0, "updatedScore": 1471.051907072044, "updatedConfidence": 35.0, "teamId": 99999}, {"id": 77047363, "state": 2, "submissionId": 23825143, "reward": 380034, "index": 1, "initialScore": 1447.063262663285, "initialConfidence": 63.79659272067849, "updatedScore": 1463.0747859250173, "updatedConfidence": 62.05818753027058, "teamId": 99999}]}