{"id": 31669641, "competitionId": 30067, "createTime": {"seconds": 1637615482}, "endTime": {"seconds": 1637615482}, "agents": [{"id": 78433880, "state": 2, "submissionId": 23825329, "reward": 730073, "index": 0, "initialScore": 1854.745160661124, "initialConfidence": 35.0, "updatedScore": 1851.832271487348, "updatedConfidence": 35.0, "teamId": 99999}, {"id": 78433881, "state": 2, "submissionId": 23281649, "reward": 820031, "index": 1, "initialScore": 1960.1664938976028, "initialConfidence": 35.0, "updatedScore": 1963.0793830713787, "updatedConfidence": 35.0, "teamId": 99999}]}