{"id": 31631447, "competitionId": 30067, "createTime": {"seconds": 1637587353}, "endTime": {"seconds": 1637587353}, "agents": [{"id": 78357492, "state": 2, "submissionId": 23281649, "reward": 2660078, "index": 0, "initialScore": 1951.6166131682744, "initialConfidence": 35.0, "updatedScore": 1954.67492316404, "updatedConfidence": 35.0, "teamId": 99999}, {"id": 78357493, "state": 2, "submissionId": 23825329, "reward": 1650158, "index": 1, "initialScore": 1856.9168416786556, "initialConfidence": 35.0, "updatedScore": 1853.8585316828892, "updatedConfidence": 35.0, "teamId": 99999}]}