{"id": 31303017, "competitionId": 30067, "createTime": {"seconds": 1637339948}, "endTime": {"seconds": 1637339948}, "agents": [{"id": 77700632, "state": 2, "submissionId": 23565396, "reward": 670066, "index": 0, "initialScore": 1718.1443008761205, "initialConfidence": 35.0, "updatedScore": 1713.70741802544, "updatedConfidence": 35.0, "teamId": 99999}, {"id": 77700633, "state": 2, "submissionId": 23825370, "reward": 1730150, "index": 1, "initialScore": 1721.4744553851738, "initialConfidence": 35.0, "updatedScore": 1725.911338235854, "updatedConfidence": 35.0, "teamId": 99999}]}