{"id": 31229252, "competitionId": 30067, "createTime": {"seconds": 1637282798}, "endTime": {"seconds": 1637282798}, "agents": [{"id": 77553102, "state": 2, "submissionId": 23692494, "reward": 580012, "index": 0, "initialScore": 1880.8639678170084, "initialConfidence": 35.0, "updatedScore": 1883.8495576790792, "updatedConfidence": 35.0, "teamId": 99999}, {"id": 77553103, "state": 2, "submissionId": 23770123, "reward": 40004, "index": 1, "initialScore": 1780.836261174848, "initialConfidence": 35.0, "updatedScore": 1777.8506713127772, "updatedConfidence": 35.0, "teamId": 99999}]}