{"id": 30978462, "competitionId": 30067, "createTime": {"seconds": 1637082656}, "endTime": {"seconds": 1637082656}, "agents": [{"id": 77051522, "state": 2, "submissionId": 23566377, "reward": 0, "index": 0, "initialScore": 1358.7724550707865, "initialConfidence": 35.0, "updatedScore": 1355.333714769875, "updatedConfidence": 35.0, "teamId": 99999}, {"id": 77051523, "state": 2, "submissionId": 23825370, "reward": 500021, "index": 1, "initialScore": 1421.9822626462455, "initialConfidence": 61.48465428286084, "updatedScore": 1432.5942508999517, "updatedConfidence": 60.14275012899097, "teamId": 99999}]}