{"id": 30695821, "competitionId": 30067, "createTime": {"seconds": 1636848934}, "endTime": {"seconds": 1636848934}, "agents": [{"id": 76486240, "state": 2, "submissionId": 23472869, "reward": 0, "index": 0, "initialScore": 1672.5180695602253, "initialConfidence": 35.0, "updatedScore": 1667.311027776682, "updatedConfidence": 35.0, "teamId": 99999}, {"id": 76486241, "state": 2, "submissionId": 23692494, "reward": 670033, "index": 1, "initialScore": 1630.3574290976749, "initialConfidence": 35.0, "updatedScore": 1635.564470881218, "updatedConfidence": 35.0, "teamId": 99999}]}