{"id": 31802534, "competitionId": 30067, "createTime": {"seconds": 1637713424}, "endTime": {"seconds": 1637713424}, "agents": [{"id": 78699666, "state": 2, "submissionId": 23825329, "reward": 1530153, "index": 0, "initialScore": 1833.806820813884, "initialConfidence": 35.0, "updatedScore": 1826.522170239327, "updatedConfidence": 35.0, "teamId": 99999}, {"id": 78699667, "state": 2, "submissionId": 23857696, "reward": 1600033, "index": 1, "initialScore": 1680.3197163372238, "initialConfidence": 35.0, "updatedScore": 1687.6043669117807, "updatedConfidence": 35.0, "teamId": 99999}]}