{"id": 28479691, "competitionId": 30067, "createTime": {"seconds": 1634572830}, "endTime": {"seconds": 1634572830}, "agents": [{"id": 72055982, "state": 2, "submissionId": 22543813, "reward": 80008, "index": 0, "initialScore": 691.6821576097349, "initialConfidence": 35.0, "updatedScore": 689.1036561047312, "updatedConfidence": 35.0, "teamId": 99999}, {"id": 72055983, "state": 2, "submissionId": 23297953, "reward": 290017, "index": 1, "initialScore": 799.9452722545864, "initialConfidence": 155.0, "updatedScore": 850.5154752404748, "updatedConfidence": 140.0, "teamId": 99999}]}