{"id": 29851168, "competitionId": 30067, "createTime": {"seconds": 1636093303}, "endTime": {"seconds": 1636093303}, "agents": [{"id": 74796934, "state": 2, "submissionId": 23554491, "reward": 0, "index": 0, "initialScore": 1750.3918383190432, "initialConfidence": 35.0, "updatedScore": 1748.612583826287, "updatedConfidence": 35.0, "teamId": 99999}, {"id": 74796935, "state": 2, "submissionId": 23297953, "reward": 100007, "index": 1, "initialScore": 1951.948583570644, "initialConfidence": 35.0, "updatedScore": 1953.7278380634, "updatedConfidence": 35.0, "teamId": 99999}]}