{"id": 30042342, "competitionId": 30067, "createTime": {"seconds": 1636272788}, "endTime": {"seconds": 1636272788}, "agents": [{"id": 75179282, "state": 2, "submissionId": 23297953, "reward": 870026, "index": 0, "initialScore": 1956.5677039311383, "initialConfidence": 35.0, "updatedScore": 1958.3539949841197, "updatedConfidence": 35.0, "teamId": 99999}, {"id": 75179283, "state": 2, "submissionId": 23323058, "reward": 100009, "index": 1, "initialScore": 1755.7040006112225, "initialConfidence": 35.0, "updatedScore": 1753.9177095582415, "updatedConfidence": 35.0, "teamId": 99999}]}