{"id": 31910416, "competitionId": 30067, "createTime": {"seconds": 1637789802}, "endTime": {"seconds": 1637789802}, "agents": [{"id": 78915430, "state": 2, "submissionId": 23825370, "reward": 1610028, "index": 0, "initialScore": 1817.187942637607, "initialConfidence": 35.0, "updatedScore": 1820.8126153006688, "updatedConfidence": 35.0, "teamId": 99999}, {"id": 78915431, "state": 2, "submissionId": 23642618, "reward": 1310036, "index": 1, "initialScore": 1761.9873997841762, "initialConfidence": 35.0, "updatedScore": 1758.3627271211144, "updatedConfidence": 35.0, "teamId": 99999}]}