{"id": 31338803, "competitionId": 30067, "createTime": {"seconds": 1637367569}, "endTime": {"seconds": 1637367569}, "agents": [{"id": 77772204, "state": 2, "submissionId": 23552447, "reward": 10002, "index": 0, "initialScore": 1703.0214059722546, "initialConfidence": 35.0, "updatedScore": 1699.0577266465032, "updatedConfidence": 35.0, "teamId": 99999}, {"id": 77772205, "state": 2, "submissionId": 23825266, "reward": 670066, "index": 1, "initialScore": 1735.9900912413543, "initialConfidence": 35.0, "updatedScore": 1739.9537705671055, "updatedConfidence": 35.0, "teamId": 99999}]}