{"id": 30955408, "competitionId": 30067, "createTime": {"seconds": 1637063937}, "endTime": {"seconds": 1637063937}, "agents": [{"id": 77005414, "state": 2, "submissionId": 23674326, "reward": 310026, "index": 0, "initialScore": 1732.9713172104132, "initialConfidence": 35.0, "updatedScore": 1729.3268003008068, "updatedConfidence": 35.0, "teamId": 99999}, {"id": 77005415, "state": 2, "submissionId": 23692494, "reward": 1080022, "index": 1, "initialScore": 1786.8443895264493, "initialConfidence": 35.0, "updatedScore": 1790.4889064360557, "updatedConfidence": 35.0, "teamId": 99999}]}