{"id": 30418582, "competitionId": 30067, "createTime": {"seconds": 1636610963}, "endTime": {"seconds": 1636610963}, "agents": [{"id": 75931762, "state": 2, "submissionId": 23692494, "reward": 150072, "index": 0, "initialScore": 954.9195788648632, "initialConfidence": 114.47058315616894, "updatedScore": 977.9936876223144, "updatedConfidence": 108.38403683533907, "teamId": 99999}, {"id": 75931763, "state": 2, "submissionId": 23260672, "reward": 0, "index": 1, "initialScore": 793.1270548962971, "initialConfidence": 35.0, "updatedScore": 790.969940220987, "updatedConfidence": 35.0, "teamId": 99999}]}