{"id": 30982622, "competitionId": 30067, "createTime": {"seconds": 1637086269}, "endTime": {"seconds": 1637086269}, "agents": [{"id": 77059842, "state": 2, "submissionId": 23761908, "reward": 30003, "index": 0, "initialScore": 1458.3516988795304, "initialConfidence": 35.0, "updatedScore": 1455.1915545196737, "updatedConfidence": 35.0, "teamId": 99999}, {"id": 77059843, "state": 2, "submissionId": 23825266, "reward": 750073, "index": 1, "initialScore": 1544.4469557956418, "initialConfidence": 45.53596532169831, "updatedScore": 1549.7960460887264, "updatedConfidence": 45.00187432803988, "teamId": 99999}]}