{"id": 30124926, "competitionId": 30067, "createTime": {"seconds": 1636348242}, "endTime": {"seconds": 1636348242}, "agents": [{"id": 75344450, "state": 2, "submissionId": 23554433, "reward": 270012, "index": 0, "initialScore": 1757.578061109763, "initialConfidence": 35.0, "updatedScore": 1755.708961597507, "updatedConfidence": 35.0, "teamId": 99999}, {"id": 75344451, "state": 2, "submissionId": 23281649, "reward": 490028, "index": 1, "initialScore": 1950.4067201131363, "initialConfidence": 35.0, "updatedScore": 1952.2758196253928, "updatedConfidence": 35.0, "teamId": 99999}]}