{"id": 30267977, "competitionId": 30067, "createTime": {"seconds": 1636477589}, "endTime": {"seconds": 1636477589}, "agents": [{"id": 75630552, "state": 2, "submissionId": 23297953, "reward": 530009, "index": 0, "initialScore": 1985.4865674304367, "initialConfidence": 35.0, "updatedScore": 1987.1597092633035, "updatedConfidence": 35.0, "teamId": 99999}, {"id": 75630553, "state": 2, "submissionId": 23554491, "reward": 0, "index": 1, "initialScore": 1773.2696413855535, "initialConfidence": 35.0, "updatedScore": 1771.5964995526874, "updatedConfidence": 35.0, "teamId": 99999}]}