{"id": 31978976, "competitionId": 30067, "createTime": {"seconds": 1637837798}, "endTime": {"seconds": 1637837798}, "agents": [{"id": 79052550, "state": 2, "submissionId": 23297953, "reward": 790030, "index": 0, "initialScore": 1973.8685935063088, "initialConfidence": 35.0, "updatedScore": 1976.2325237109685, "updatedConfidence": 35.0, "teamId": 99999}, {"id": 79052551, "state": 2, "submissionId": 23825370, "reward": 490011, "index": 1, "initialScore": 1825.1779053526195, "initialConfidence": 35.0, "updatedScore": 1822.81397514796, "updatedConfidence": 35.0, "teamId": 99999}]}