{"id": 29578370, "competitionId": 30067, "createTime": {"seconds": 1635794249}, "endTime": {"seconds": 1635794249}, "agents": [{"id": 74251340, "state": 2, "submissionId": 23431781, "reward": 240049, "index": 0, "initialScore": 1693.4490293215524, "initialConfidence": 35.0, "updatedScore": 1691.8766496753396, "updatedConfidence": 35.0, "teamId": 99999}, {"id": 74251341, "state": 2, "submissionId": 23297953, "reward": 1090040, "index": 1, "initialScore": 1916.1811786816536, "initialConfidence": 35.0, "updatedScore": 1917.7535583278664, "updatedConfidence": 35.0, "teamId": 99999}]}