{"id": 31938292, "competitionId": 30067, "createTime": {"seconds": 1637809250}, "endTime": {"seconds": 1637809250}, "agents": [{"id": 78971182, "state": 2, "submissionId": 23297953, "reward": 310016, "index": 0, "initialScore": 1962.3434214812644, "initialConfidence": 35.0, "updatedScore": 1965.2663913639856, "updatedConfidence": 35.0, "teamId": 99999}, {"id": 78971183, "state": 2, "submissionId": 23825143, "reward": 240006, "index": 1, "initialScore": 1857.6740951922332, "initialConfidence": 35.0, "updatedScore": 1854.751125309512, "updatedConfidence": 35.0, "teamId": 99999}]}