{"id": 28690522, "competitionId": 30067, "createTime": {"seconds": 1634828905}, "endTime": {"seconds": 1634828905}, "agents": [{"id": 72477644, "state": 2, "submissionId": 23297953, "reward": 1120038, "index": 0, "initialScore": 1654.9889436305843, "initialConfidence": 35.0, "updatedScore": 1658.8854398489973, "updatedConfidence": 35.0, "teamId": 99999}, {"id": 72477645, "state": 2, "submissionId": 23003907, "reward": 130016, "index": 1, "initialScore": 1617.6865209443652, "initialConfidence": 35.0, "updatedScore": 1613.7900247259522, "updatedConfidence": 35.0, "teamId": 99999}]}