{"id": 28574442, "competitionId": 30067, "createTime": {"seconds": 1634690144}, "endTime": {"seconds": 1634690144}, "agents": [{"id": 72245484, "state": 2, "submissionId": 23008895, "reward": 30002, "index": 0, "initialScore": 1659.6506951446656, "initialConfidence": 35.0, "updatedScore": 1655.2196094989315, "updatedConfidence": 35.0, "teamId": 99999}, {"id": 72245485, "state": 2, "submissionId": 23281649, "reward": 120005, "index": 1, "initialScore": 1663.3353049509358, "initialConfidence": 35.0, "updatedScore": 1667.76639059667, "updatedConfidence": 35.0, "teamId": 99999}]}