{"id": 30351972, "competitionId": 30067, "createTime": {"seconds": 1636552228}, "endTime": {"seconds": 1636552228}, "agents": [{"id": 75798542, "state": 2, "submissionId": 23554491, "reward": 30000, "index": 0, "initialScore": 1766.67355381332, "initialConfidence": 35.0, "updatedScore": 1764.9434224959912, "updatedConfidence": 35.0, "teamId": 99999}, {"id": 75798543, "state": 2, "submissionId": 23281649, "reward": 290009, "index": 1, "initialScore": 1973.1155545294107, "initialConfidence": 35.0, "updatedScore": 1974.84568584674, "updatedConfidence": 35.0, "teamId": 99999}]}