{"id": 32091439, "competitionId": 30067, "createTime": {"seconds": 1637916583}, "endTime": {"seconds": 1637916583}, "agents": [{"id": 79277476, "state": 2, "submissionId": 23825224, "reward": 40011, "index": 0, "initialScore": 1853.1215033944884, "initialConfidence": 35.0, "updatedScore": 1850.7238223157087, "updatedConfidence": 35.0, "teamId": 99999}, {"id": 79277477, "state": 2, "submissionId": 23281649, "reward": 200020, "index": 1, "initialScore": 1999.0031061967204, "initialConfidence": 35.0, "updatedScore": 2001.4007872755, "updatedConfidence": 35.0, "teamId": 99999}]}