{"id": 28585834, "competitionId": 30067, "createTime": {"seconds": 1634704058}, "endTime": {"seconds": 1634704058}, "agents": [{"id": 72268268, "state": 2, "submissionId": 23109751, "reward": 40002, "index": 0, "initialScore": 1570.7753824861034, "initialConfidence": 35.0, "updatedScore": 1566.3795518828786, "updatedConfidence": 35.0, "teamId": 99999}, {"id": 72268269, "state": 2, "submissionId": 23297953, "reward": 390014, "index": 1, "initialScore": 1576.619895406982, "initialConfidence": 35.0, "updatedScore": 1581.015726010207, "updatedConfidence": 35.0, "teamId": 99999}]}