{"id": 28664874, "competitionId": 30067, "createTime": {"seconds": 1634798667}, "endTime": {"seconds": 1634798667}, "agents": [{"id": 72426348, "state": 2, "submissionId": 23297953, "reward": 1130031, "index": 0, "initialScore": 1639.2004648227098, "initialConfidence": 35.0, "updatedScore": 1643.048723864366, "updatedConfidence": 35.0, "teamId": 99999}, {"id": 72426349, "state": 2, "submissionId": 22913959, "reward": 330028, "index": 1, "initialScore": 1598.7652797611331, "initialConfidence": 35.0, "updatedScore": 1594.917020719477, "updatedConfidence": 35.0, "teamId": 99999}]}