{"id": 30978465, "competitionId": 30067, "createTime": {"seconds": 1637082656}, "endTime": {"seconds": 1637082656}, "agents": [{"id": 77051528, "state": 2, "submissionId": 23825266, "reward": 2940281, "index": 0, "initialScore": 1409.5450435027, "initialConfidence": 58.9015368536285, "updatedScore": 1420.9118410600236, "updatedConfidence": 57.62790840526129, "teamId": 99999}, {"id": 77051529, "state": 2, "submissionId": 23160684, "reward": 100010, "index": 1, "initialScore": 1385.1738350256378, "initialConfidence": 35.0, "updatedScore": 1381.1603563395356, "updatedConfidence": 35.0, "teamId": 99999}]}