{"id": 30663432, "competitionId": 30067, "createTime": {"seconds": 1636821575}, "endTime": {"seconds": 1636821575}, "agents": [{"id": 76421462, "state": 2, "submissionId": 23542431, "reward": 190019, "index": 0, "initialScore": 1752.7387417598138, "initialConfidence": 35.0, "updatedScore": 1751.4095954888187, "updatedConfidence": 35.0, "teamId": 99999}, {"id": 76421463, "state": 2, "submissionId": 23297953, "reward": 920023, "index": 1, "initialScore": 2027.8718655567188, "initialConfidence": 35.0, "updatedScore": 2029.201011827714, "updatedConfidence": 35.0, "teamId": 99999}]}