{"id": 29257410, "competitionId": 30067, "createTime": {"seconds": 1635463427}, "endTime": {"seconds": 1635463427}, "agents": [{"id": 73609420, "state": 2, "submissionId": 23281649, "reward": 40007, "index": 0, "initialScore": 1870.728903326004, "initialConfidence": 35.0, "updatedScore": 1862.77299504764, "updatedConfidence": 35.0, "teamId": 99999}, {"id": 73609421, "state": 2, "submissionId": 23243815, "reward": 50005, "index": 1, "initialScore": 1683.7125585020267, "initialConfidence": 35.0, "updatedScore": 1691.6684667803909, "updatedConfidence": 35.0, "teamId": 99999}]}