{"id": 32021390, "competitionId": 30067, "createTime": {"seconds": 1637867576}, "endTime": {"seconds": 1637867576}, "agents": [{"id": 79137378, "state": 2, "submissionId": 23281649, "reward": 630023, "index": 0, "initialScore": 1986.3589659150464, "initialConfidence": 35.0, "updatedScore": 1989.0709660921864, "updatedConfidence": 35.0, "teamId": 99999}, {"id": 79137379, "state": 2, "submissionId": 23825143, "reward": 560056, "index": 1, "initialScore": 1865.657408593294, "initialConfidence": 35.0, "updatedScore": 1862.9454084161532, "updatedConfidence": 35.0, "teamId": 99999}]}