{"id": 31992683, "competitionId": 30067, "createTime": {"seconds": 1637847399}, "endTime": {"seconds": 1637847399}, "agents": [{"id": 79079964, "state": 2, "submissionId": 23825329, "reward": 190019, "index": 0, "initialScore": 1839.069711173573, "initialConfidence": 35.0, "updatedScore": 1842.174510561068, "updatedConfidence": 35.0, "teamId": 99999}, {"id": 79079965, "state": 2, "submissionId": 23790148, "reward": 0, "index": 1, "initialScore": 1747.7422570865645, "initialConfidence": 35.0, "updatedScore": 1744.6374576990695, "updatedConfidence": 35.0, "teamId": 99999}]}