{"id": 28455645, "competitionId": 30067, "createTime": {"seconds": 1634542802}, "endTime": {"seconds": 1634542802}, "agents": [{"id": 72007890, "state": 2, "submissionId": 23097623, "reward": 2, "index": 0, "initialScore": 1606.8806030364815, "initialConfidence": 35.0, "updatedScore": 1601.5392787873227, "updatedConfidence": 35.0, "teamId": 99999}, {"id": 72007891, "state": 2, "submissionId": 23281649, "reward": 300022, "index": 1, "initialScore": 1556.555839312905, "initialConfidence": 36.94813550029584, "updatedScore": 1562.5083188286042, "updatedConfidence": 36.5836186618601, "teamId": 99999}]}