{"id": 30930829, "competitionId": 30067, "createTime": {"seconds": 1637043984}, "endTime": {"seconds": 1637043984}, "agents": [{"id": 76956256, "state": 2, "submissionId": 23552447, "reward": 200020, "index": 0, "initialScore": 1716.2197975071765, "initialConfidence": 35.0, "updatedScore": 1712.658726824236, "updatedConfidence": 35.0, "teamId": 99999}, {"id": 76956257, "state": 2, "submissionId": 23692494, "reward": 1280027, "index": 1, "initialScore": 1775.698392966151, "initialConfidence": 35.0, "updatedScore": 1779.2594636490912, "updatedConfidence": 35.0, "teamId": 99999}]}