{"id": 30383384, "competitionId": 30067, "createTime": {"seconds": 1636580010}, "endTime": {"seconds": 1636580010}, "agents": [{"id": 75861366, "state": 2, "submissionId": 23554433, "reward": 20002, "index": 0, "initialScore": 1760.9022675244728, "initialConfidence": 35.0, "updatedScore": 1759.500702455563, "updatedConfidence": 35.0, "teamId": 99999}, {"id": 75861367, "state": 2, "submissionId": 23297953, "reward": 60005, "index": 1, "initialScore": 2002.472338336319, "initialConfidence": 35.0, "updatedScore": 2003.8739034052287, "updatedConfidence": 35.0, "teamId": 99999}]}