{"id": 32063983, "competitionId": 30067, "createTime": {"seconds": 1637897383}, "endTime": {"seconds": 1637897383}, "agents": [{"id": 79222564, "state": 2, "submissionId": 23825266, "reward": 900084, "index": 0, "initialScore": 1864.88588570622, "initialConfidence": 35.0, "updatedScore": 1868.83551124347, "updatedConfidence": 35.0, "teamId": 99999}, {"id": 79222565, "state": 2, "submissionId": 23889524, "reward": 90009, "index": 1, "initialScore": 1831.0134323478087, "initialConfidence": 35.0, "updatedScore": 1827.0638068105595, "updatedConfidence": 35.0, "teamId": 99999}]}