{"id": 31086850, "competitionId": 30067, "createTime": {"seconds": 1637170223}, "endTime": {"seconds": 1637170223}, "agents": [{"id": 77268298, "state": 2, "submissionId": 23825143, "reward": 3390328, "index": 0, "initialScore": 1699.825697412851, "initialConfidence": 35.0, "updatedScore": 1704.099342134302, "updatedConfidence": 35.0, "teamId": 99999}, {"id": 77268299, "state": 2, "submissionId": 23674338, "reward": 20008, "index": 1, "initialScore": 1686.4365894853524, "initialConfidence": 35.0, "updatedScore": 1682.1629447639016, "updatedConfidence": 35.0, "teamId": 99999}]}