{"id": 29891113, "competitionId": 30067, "createTime": {"seconds": 1636131445}, "endTime": {"seconds": 1636131445}, "agents": [{"id": 74876824, "state": 2, "submissionId": 23297953, "reward": 60006, "index": 0, "initialScore": 1948.5048953723697, "initialConfidence": 35.0, "updatedScore": 1940.4945673983932, "updatedConfidence": 35.0, "teamId": 99999}, {"id": 74876825, "state": 2, "submissionId": 23554491, "reward": 200007, "index": 1, "initialScore": 1758.8096878054837, "initialConfidence": 35.0, "updatedScore": 1766.82001577946, "updatedConfidence": 35.0, "teamId": 99999}]}