{"id": 30972797, "competitionId": 30067, "createTime": {"seconds": 1637078093}, "endTime": {"seconds": 1637078093}, "agents": [{"id": 77040192, "state": 2, "submissionId": 23825370, "reward": 3750066, "index": 0, "initialScore": 814.4290096591105, "initialConfidence": 170.0, "updatedScore": 891.1983179034257, "updatedConfidence": 155.0, "teamId": 99999}, {"id": 77040193, "state": 2, "submissionId": 23058114, "reward": 0, "index": 1, "initialScore": 783.4440592208342, "initialConfidence": 35.0, "updatedScore": 780.1899968471565, "updatedConfidence": 35.0, "teamId": 99999}]}