{"id": 31843245, "competitionId": 30067, "createTime": {"seconds": 1637742458}, "endTime": {"seconds": 1637742458}, "agents": [{"id": 78781088, "state": 2, "submissionId": 23825370, "reward": 70001, "index": 0, "initialScore": 1809.8549862367104, "initialConfidence": 35.0, "updatedScore": 1813.4041702318125, "updatedConfidence": 35.0, "teamId": 99999}, {"id": 78781089, "state": 2, "submissionId": 23674317, "reward": 3, "index": 1, "initialScore": 1749.5728285736466, "initialConfidence": 35.0, "updatedScore": 1746.0236445785445, "updatedConfidence": 35.0, "teamId": 99999}]}