{"id": 30500288, "competitionId": 30067, "createTime": {"seconds": 1636681798}, "endTime": {"seconds": 1636681798}, "agents": [{"id": 76095174, "state": 2, "submissionId": 23297953, "reward": 1090040, "index": 0, "initialScore": 2018.5070161551128, "initialConfidence": 35.0, "updatedScore": 2019.836162426108, "updatedConfidence": 35.0, "teamId": 99999}, {"id": 76095175, "state": 2, "submissionId": 23554433, "reward": 200018, "index": 1, "initialScore": 1767.5299264994471, "initialConfidence": 35.0, "updatedScore": 1766.200780228452, "updatedConfidence": 35.0, "teamId": 99999}]}