{"id": 32063996, "competitionId": 30067, "createTime": {"seconds": 1637897384}, "endTime": {"seconds": 1637897384}, "agents": [{"id": 79222590, "state": 2, "submissionId": 23909480, "reward": 40005, "index": 0, "initialScore": 1709.6398516214467, "initialConfidence": 35.0, "updatedScore": 1707.089400247783, "updatedConfidence": 35.0, "teamId": 99999}, {"id": 79222591, "state": 2, "submissionId": 23825329, "reward": 320030, "index": 1, "initialScore": 1843.0720584411229, "initialConfidence": 35.0, "updatedScore": 1845.6225098147863, "updatedConfidence": 35.0, "teamId": 99999}]}