{"id": 28711508, "competitionId": 30067, "createTime": {"seconds": 1634853670}, "endTime": {"seconds": 1634853670}, "agents": [{"id": 72519616, "state": 2, "submissionId": 23176680, "reward": 240024, "index": 0, "initialScore": 1708.435825581579, "initialConfidence": 35.0, "updatedScore": 1704.1755513730632, "updatedConfidence": 35.0, "teamId": 99999}, {"id": 72519617, "state": 2, "submissionId": 23281649, "reward": 360010, "index": 1, "initialScore": 1722.656209144433, "initialConfidence": 35.0, "updatedScore": 1726.9164833529487, "updatedConfidence": 35.0, "teamId": 99999}]}