{"id": 31086680, "competitionId": 30067, "createTime": {"seconds": 1637169985}, "endTime": {"seconds": 1637169985}, "agents": [{"id": 77267958, "state": 2, "submissionId": 23825329, "reward": 580056, "index": 0, "initialScore": 1767.2835349284642, "initialConfidence": 36.62880725806829, "updatedScore": 1771.83446391651, "updatedConfidence": 36.30906210585084, "teamId": 99999}, {"id": 77267959, "state": 2, "submissionId": 23674326, "reward": 60005, "index": 1, "initialScore": 1746.785046139646, "initialConfidence": 35.0, "updatedScore": 1742.6298589475102, "updatedConfidence": 35.0, "teamId": 99999}]}