{"id": 28485126, "competitionId": 30067, "createTime": {"seconds": 1634579550}, "endTime": {"seconds": 1634579550}, "agents": [{"id": 72066852, "state": 2, "submissionId": 23297953, "reward": 160008, "index": 0, "initialScore": 1387.7369861105587, "initialConfidence": 49.73848760965677, "updatedScore": 1397.5139261609042, "updatedConfidence": 48.89606200875781, "teamId": 99999}, {"id": 72066853, "state": 2, "submissionId": 22821270, "reward": 0, "index": 1, "initialScore": 1412.7048100105187, "initialConfidence": 35.0, "updatedScore": 1407.8636003672834, "updatedConfidence": 35.0, "teamId": 99999}]}