{"id": 28426164, "competitionId": 30067, "createTime": {"seconds": 1634505843}, "endTime": {"seconds": 1634505843}, "agents": [{"id": 71948928, "state": 2, "submissionId": 23281649, "reward": 780039, "index": 0, "initialScore": 1495.2727399955604, "initialConfidence": 41.06484511187468, "updatedScore": 1500.3655015858803, "updatedConfidence": 40.63965702293287, "teamId": 99999}, {"id": 71948929, "state": 2, "submissionId": 22636823, "reward": 200019, "index": 1, "initialScore": 1446.0144760860207, "initialConfidence": 35.0, "updatedScore": 1442.3149247649271, "updatedConfidence": 35.0, "teamId": 99999}]}