{"id": 30455762, "competitionId": 30067, "createTime": {"seconds": 1636643162}, "endTime": {"seconds": 1636643162}, "agents": [{"id": 76006122, "state": 2, "submissionId": 23561464, "reward": 0, "index": 0, "initialScore": 1436.7012895257644, "initialConfidence": 35.0, "updatedScore": 1433.3348238142448, "updatedConfidence": 35.0, "teamId": 99999}, {"id": 76006123, "state": 2, "submissionId": 23692494, "reward": 650023, "index": 1, "initialScore": 1509.0259861017469, "initialConfidence": 38.80549096349591, "updatedScore": 1513.164309929617, "updatedConfidence": 38.46186125293937, "teamId": 99999}]}