{"id": 30310182, "competitionId": 30067, "createTime": {"seconds": 1636515238}, "endTime": {"seconds": 1636515238}, "agents": [{"id": 75714962, "state": 2, "submissionId": 23281649, "reward": 1420048, "index": 0, "initialScore": 1966.037601188861, "initialConfidence": 35.0, "updatedScore": 1967.8916822287133, "updatedConfidence": 35.0, "teamId": 99999}, {"id": 75714963, "state": 2, "submissionId": 23554491, "reward": 490026, "index": 1, "initialScore": 1771.767799693066, "initialConfidence": 35.0, "updatedScore": 1769.9137186532137, "updatedConfidence": 35.0, "teamId": 99999}]}