{"id": 30052755, "competitionId": 30067, "createTime": {"seconds": 1636282387}, "endTime": {"seconds": 1636282387}, "agents": [{"id": 75200108, "state": 2, "submissionId": 23297953, "reward": 650014, "index": 0, "initialScore": 1958.3539949841197, "initialConfidence": 35.0, "updatedScore": 1960.010222784249, "updatedConfidence": 35.0, "teamId": 99999}, {"id": 75200109, "state": 2, "submissionId": 23554433, "reward": 370022, "index": 1, "initialScore": 1744.3999100638987, "initialConfidence": 35.0, "updatedScore": 1742.743682263769, "updatedConfidence": 35.0, "teamId": 99999}]}