{"id": 32091556, "competitionId": 30067, "createTime": {"seconds": 1637916817}, "endTime": {"seconds": 1637916817}, "agents": [{"id": 79277710, "state": 2, "submissionId": 23889524, "reward": 20004, "index": 0, "initialScore": 1822.8730119083727, "initialConfidence": 35.0, "updatedScore": 1818.924217072297, "updatedConfidence": 35.0, "teamId": 99999}, {"id": 79277711, "state": 2, "submissionId": 23825143, "reward": 360025, "index": 1, "initialScore": 1856.798931641825, "initialConfidence": 35.0, "updatedScore": 1860.7477264779009, "updatedConfidence": 35.0, "teamId": 99999}]}