{"id": 30447754, "competitionId": 30067, "createTime": {"seconds": 1636636201}, "endTime": {"seconds": 1636636201}, "agents": [{"id": 75990106, "state": 2, "submissionId": 23386687, "reward": 0, "index": 0, "initialScore": 1530.6102019851996, "initialConfidence": 35.0, "updatedScore": 1525.6697946174852, "updatedConfidence": 35.0, "teamId": 99999}, {"id": 75990107, "state": 2, "submissionId": 23692494, "reward": 390011, "index": 1, "initialScore": 1502.8200897399768, "initialConfidence": 39.22734574562889, "updatedScore": 1509.0259861017469, "updatedConfidence": 38.80549096349591, "teamId": 99999}]}