{"id": 28719729, "competitionId": 30067, "createTime": {"seconds": 1634864123}, "endTime": {"seconds": 1634864123}, "agents": [{"id": 72536058, "state": 2, "submissionId": 23297953, "reward": 120006, "index": 0, "initialScore": 1666.979874750771, "initialConfidence": 35.0, "updatedScore": 1671.0469265666811, "updatedConfidence": 35.0, "teamId": 99999}, {"id": 72536059, "state": 2, "submissionId": 23243815, "reward": 2, "index": 1, "initialScore": 1640.614711863776, "initialConfidence": 35.0, "updatedScore": 1636.5476600478655, "updatedConfidence": 35.0, "teamId": 99999}]}