{"id": 30841376, "competitionId": 30067, "createTime": {"seconds": 1636970198}, "endTime": {"seconds": 1636970198}, "agents": [{"id": 76777350, "state": 2, "submissionId": 23554491, "reward": 570057, "index": 0, "initialScore": 1782.6450462294072, "initialConfidence": 35.0, "updatedScore": 1781.315899958412, "updatedConfidence": 35.0, "teamId": 99999}, {"id": 76777351, "state": 2, "submissionId": 23297953, "reward": 1540044, "index": 1, "initialScore": 2038.586949951248, "initialConfidence": 35.0, "updatedScore": 2039.9160962222431, "updatedConfidence": 35.0, "teamId": 99999}]}