{"id": 31816481, "competitionId": 30067, "createTime": {"seconds": 1637723500}, "endTime": {"seconds": 1637723500}, "agents": [{"id": 78727560, "state": 2, "submissionId": 23760238, "reward": 10002, "index": 0, "initialScore": 1731.4480737069014, "initialConfidence": 35.0, "updatedScore": 1728.1390858997336, "updatedConfidence": 35.0, "teamId": 99999}, {"id": 78727561, "state": 2, "submissionId": 23825370, "reward": 730069, "index": 1, "initialScore": 1808.25606101732, "initialConfidence": 35.0, "updatedScore": 1811.565048824488, "updatedConfidence": 35.0, "teamId": 99999}]}