{"id": 31004596, "competitionId": 30067, "createTime": {"seconds": 1637104098}, "endTime": {"seconds": 1637104098}, "agents": [{"id": 77103790, "state": 2, "submissionId": 23666302, "reward": 1, "index": 0, "initialScore": 1491.4953101004137, "initialConfidence": 35.0, "updatedScore": 1488.3920539053502, "updatedConfidence": 35.0, "teamId": 99999}, {"id": 77103791, "state": 2, "submissionId": 23825370, "reward": 780078, "index": 1, "initialScore": 1582.2942601027216, "initialConfidence": 40.99372440907083, "updatedScore": 1586.5513840662074, "updatedConfidence": 40.60567508586923, "teamId": 99999}]}