{"id": 28908917, "competitionId": 30067, "createTime": {"seconds": 1635081382}, "endTime": {"seconds": 1635081382}, "agents": [{"id": 72914434, "state": 2, "submissionId": 23323058, "reward": 40007, "index": 0, "initialScore": 1714.6892043070577, "initialConfidence": 35.0, "updatedScore": 1711.257316960413, "updatedConfidence": 35.0, "teamId": 99999}, {"id": 72914435, "state": 2, "submissionId": 23281649, "reward": 560016, "index": 1, "initialScore": 1782.971292655717, "initialConfidence": 35.0, "updatedScore": 1786.4031800023615, "updatedConfidence": 35.0, "teamId": 99999}]}