{"id": 30971311, "competitionId": 30067, "createTime": {"seconds": 1637076893}, "endTime": {"seconds": 1637076893}, "agents": [{"id": 77037220, "state": 2, "submissionId": 23825143, "reward": 410024, "index": 0, "initialScore": 728.4435451381253, "initialConfidence": 185.0, "updatedScore": 848.7683670310149, "updatedConfidence": 170.0, "teamId": 99999}, {"id": 77037221, "state": 2, "submissionId": 23304012, "reward": 0, "index": 1, "initialScore": 812.760435090214, "initialConfidence": 35.0, "updatedScore": 808.4537029698695, "updatedConfidence": 35.0, "teamId": 99999}]}