{"id": 30979653, "competitionId": 30067, "createTime": {"seconds": 1637083869}, "endTime": {"seconds": 1637083869}, "agents": [{"id": 77053904, "state": 2, "submissionId": 23825329, "reward": 1390133, "index": 0, "initialScore": 1573.8261988312838, "initialConfidence": 54.085326825041605, "updatedScore": 1582.0622014318535, "updatedConfidence": 53.1607715805333, "teamId": 99999}, {"id": 77053905, "state": 2, "submissionId": 23386729, "reward": 100009, "index": 1, "initialScore": 1509.7856856463986, "initialConfidence": 35.0, "updatedScore": 1506.3366820518129, "updatedConfidence": 35.0, "teamId": 99999}]}