{"id": 31290655, "competitionId": 30067, "createTime": {"seconds": 1637330326}, "endTime": {"seconds": 1637330326}, "agents": [{"id": 77675908, "state": 2, "submissionId": 23825143, "reward": 350018, "index": 0, "initialScore": 1754.3250104207575, "initialConfidence": 35.0, "updatedScore": 1758.2198702838182, "updatedConfidence": 35.0, "teamId": 99999}, {"id": 77675909, "state": 2, "submissionId": 23565821, "reward": 230023, "index": 1, "initialScore": 1716.916607745624, "initialConfidence": 35.0, "updatedScore": 1713.0217478825634, "updatedConfidence": 35.0, "teamId": 99999}]}