{"id": 31402214, "competitionId": 30067, "createTime": {"seconds": 1637416249}, "endTime": {"seconds": 1637416249}, "agents": [{"id": 77899026, "state": 2, "submissionId": 23825143, "reward": 1020099, "index": 0, "initialScore": 1779.1348742249734, "initialConfidence": 35.0, "updatedScore": 1776.7242084430695, "updatedConfidence": 35.0, "teamId": 99999}, {"id": 77899027, "state": 2, "submissionId": 23692494, "reward": 1570044, "index": 1, "initialScore": 1923.9416235002388, "initialConfidence": 35.0, "updatedScore": 1926.3522892821427, "updatedConfidence": 35.0, "teamId": 99999}]}