{"id": 31168388, "competitionId": 30067, "createTime": {"seconds": 1637234784}, "endTime": {"seconds": 1637234784}, "agents": [{"id": 77431374, "state": 2, "submissionId": 23565396, "reward": 10002, "index": 0, "initialScore": 1715.754010736518, "initialConfidence": 35.0, "updatedScore": 1711.3645485064162, "updatedConfidence": 35.0, "teamId": 99999}, {"id": 77431375, "state": 2, "submissionId": 23825143, "reward": 130015, "index": 1, "initialScore": 1721.9894799196438, "initialConfidence": 35.0, "updatedScore": 1726.3789421497456, "updatedConfidence": 35.0, "teamId": 99999}]}