{"id": 29900822, "competitionId": 30067, "createTime": {"seconds": 1636140788}, "endTime": {"seconds": 1636140788}, "agents": [{"id": 74896242, "state": 2, "submissionId": 23297953, "reward": 1650046, "index": 0, "initialScore": 1940.4945673983932, "initialConfidence": 35.0, "updatedScore": 1942.6053995659024, "updatedConfidence": 35.0, "teamId": 99999}, {"id": 74896243, "state": 2, "submissionId": 23554491, "reward": 830045, "index": 1, "initialScore": 1769.9768374033436, "initialConfidence": 35.0, "updatedScore": 1767.8660052358343, "updatedConfidence": 35.0, "teamId": 99999}]}