{"id": 30981436, "competitionId": 30067, "createTime": {"seconds": 1637085309}, "endTime": {"seconds": 1637085309}, "agents": [{"id": 77057470, "state": 2, "submissionId": 23715493, "reward": 180020, "index": 0, "initialScore": 1485.2619640720031, "initialConfidence": 35.0, "updatedScore": 1481.246915544339, "updatedConfidence": 35.0, "teamId": 99999}, {"id": 77057471, "state": 2, "submissionId": 23825266, "reward": 1030098, "index": 1, "initialScore": 1512.276572514674, "initialConfidence": 48.31580391590835, "updatedScore": 1519.927835510252, "updatedConfidence": 47.602489323835925, "teamId": 99999}]}