{"id": 30421325, "competitionId": 30067, "createTime": {"seconds": 1636613363}, "endTime": {"seconds": 1636613363}, "agents": [{"id": 75937248, "state": 2, "submissionId": 22868213, "reward": 10002, "index": 0, "initialScore": 1075.849460123011, "initialConfidence": 35.0, "updatedScore": 1073.1178416907878, "updatedConfidence": 35.0, "teamId": 99999}, {"id": 75937249, "state": 2, "submissionId": 23692494, "reward": 1130046, "index": 1, "initialScore": 1191.0350061353577, "initialConfidence": 71.92497640214575, "updatedScore": 1202.570691495615, "updatedConfidence": 70.04659678274447, "teamId": 99999}]}