{"id": 31052388, "competitionId": 30067, "createTime": {"seconds": 1637142594}, "endTime": {"seconds": 1637142594}, "agents": [{"id": 77199374, "state": 2, "submissionId": 23720682, "reward": 220021, "index": 0, "initialScore": 1555.8207691615785, "initialConfidence": 35.0, "updatedScore": 1552.2759703896925, "updatedConfidence": 35.0, "teamId": 99999}, {"id": 77199375, "state": 2, "submissionId": 23825370, "reward": 420008, "index": 1, "initialScore": 1615.9434479355928, "initialConfidence": 38.289021759349055, "updatedScore": 1620.1857739426314, "updatedConfidence": 37.9503511357516, "teamId": 99999}]}