{"id": 31924279, "competitionId": 30067, "createTime": {"seconds": 1637799405}, "endTime": {"seconds": 1637799405}, "agents": [{"id": 78943156, "state": 2, "submissionId": 23889524, "reward": 580058, "index": 0, "initialScore": 1809.4548041832131, "initialConfidence": 35.0, "updatedScore": 1814.1347505691383, "updatedConfidence": 35.0, "teamId": 99999}, {"id": 78943157, "state": 2, "submissionId": 23825370, "reward": 120003, "index": 1, "initialScore": 1820.8126153006688, "initialConfidence": 35.0, "updatedScore": 1816.132668914744, "updatedConfidence": 35.0, "teamId": 99999}]}