{"id": 28507573, "competitionId": 30067, "createTime": {"seconds": 1634607813}, "endTime": {"seconds": 1634607813}, "agents": [{"id": 72111746, "state": 2, "submissionId": 23180924, "reward": 60005, "index": 0, "initialScore": 1636.083876411268, "initialConfidence": 35.0, "updatedScore": 1631.2350559244155, "updatedConfidence": 35.0, "teamId": 99999}, {"id": 72111747, "state": 2, "submissionId": 23281649, "reward": 590046, "index": 1, "initialScore": 1614.7095567279248, "initialConfidence": 35.0, "updatedScore": 1619.558377214777, "updatedConfidence": 35.0, "teamId": 99999}]}