{"id": 32105439, "competitionId": 30067, "createTime": {"seconds": 1637926451}, "endTime": {"seconds": 1637926451}, "agents": [{"id": 79305476, "state": 2, "submissionId": 23825266, "reward": 310030, "index": 0, "initialScore": 1854.510087302204, "initialConfidence": 35.0, "updatedScore": 1856.8773361644005, "updatedConfidence": 35.0, "teamId": 99999}, {"id": 79305477, "state": 2, "submissionId": 23930501, "reward": 40004, "index": 1, "initialScore": 1706.0965980215524, "initialConfidence": 35.0, "updatedScore": 1703.729349159356, "updatedConfidence": 35.0, "teamId": 99999}]}