{"id": 31265554, "competitionId": 30067, "createTime": {"seconds": 1637310881}, "endTime": {"seconds": 1637310881}, "agents": [{"id": 77625706, "state": 2, "submissionId": 23674349, "reward": 4, "index": 0, "initialScore": 1719.382719551507, "initialConfidence": 35.0, "updatedScore": 1714.5364145097756, "updatedConfidence": 35.0, "teamId": 99999}, {"id": 77625707, "state": 2, "submissionId": 23825370, "reward": 240007, "index": 1, "initialScore": 1698.1565291625236, "initialConfidence": 35.0, "updatedScore": 1703.0028342042551, "updatedConfidence": 35.0, "teamId": 99999}]}