{"id": 29212694, "competitionId": 30067, "createTime": {"seconds": 1635416045}, "endTime": {"seconds": 1635416045}, "agents": [{"id": 73519988, "state": 2, "submissionId": 23297953, "reward": 340012, "index": 0, "initialScore": 1846.383854890405, "initialConfidence": 35.0, "updatedScore": 1848.207407025052, "updatedConfidence": 35.0, "teamId": 99999}, {"id": 73519989, "state": 2, "submissionId": 23202792, "reward": 30002, "index": 1, "initialScore": 1649.162816657732, "initialConfidence": 35.0, "updatedScore": 1647.3392645230854, "updatedConfidence": 35.0, "teamId": 99999}]}