{"id": 31082465, "competitionId": 30067, "createTime": {"seconds": 1637166626}, "endTime": {"seconds": 1637166626}, "agents": [{"id": 77259528, "state": 2, "submissionId": 23825329, "reward": 370037, "index": 0, "initialScore": 1763.016368948573, "initialConfidence": 36.9448093072434, "updatedScore": 1767.2835349284642, "updatedConfidence": 36.62880725806829, "teamId": 99999}, {"id": 77259529, "state": 2, "submissionId": 23565396, "reward": 370033, "index": 1, "initialScore": 1721.6807403530202, "initialConfidence": 35.0, "updatedScore": 1717.8510049802528, "updatedConfidence": 35.0, "teamId": 99999}]}