{"id": 31205399, "competitionId": 30067, "createTime": {"seconds": 1637264082}, "endTime": {"seconds": 1637264082}, "agents": [{"id": 77505396, "state": 2, "submissionId": 23825266, "reward": 3470331, "index": 0, "initialScore": 1683.633307630609, "initialConfidence": 35.0, "updatedScore": 1688.3439564370035, "updatedConfidence": 35.0, "teamId": 99999}, {"id": 77505397, "state": 2, "submissionId": 23551893, "reward": 9, "index": 1, "initialScore": 1696.8232378488744, "initialConfidence": 35.0, "updatedScore": 1692.1125890424794, "updatedConfidence": 35.0, "teamId": 99999}]}