{"id": 31910337, "competitionId": 30067, "createTime": {"seconds": 1637789800}, "endTime": {"seconds": 1637789800}, "agents": [{"id": 78915272, "state": 2, "submissionId": 23825224, "reward": 250024, "index": 0, "initialScore": 1869.2143051184928, "initialConfidence": 35.0, "updatedScore": 1866.4652860435829, "updatedConfidence": 35.0, "teamId": 99999}, {"id": 78915273, "state": 2, "submissionId": 23692494, "reward": 530016, "index": 1, "initialScore": 1987.0563174480408, "initialConfidence": 35.0, "updatedScore": 1989.8053365229507, "updatedConfidence": 35.0, "teamId": 99999}]}