{"id": 31181445, "competitionId": 30067, "createTime": {"seconds": 1637245102}, "endTime": {"seconds": 1637245102}, "agents": [{"id": 77457488, "state": 2, "submissionId": 23551893, "reward": 80010, "index": 0, "initialScore": 1707.744366893281, "initialConfidence": 35.0, "updatedScore": 1702.6915284864194, "updatedConfidence": 35.0, "teamId": 99999}, {"id": 77457489, "state": 2, "submissionId": 23825370, "reward": 340017, "index": 1, "initialScore": 1674.4584620240107, "initialConfidence": 35.0, "updatedScore": 1679.5113004308723, "updatedConfidence": 35.0, "teamId": 99999}]}