{"id": 31751371, "competitionId": 30067, "createTime": {"seconds": 1637676745}, "endTime": {"seconds": 1637676745}, "agents": [{"id": 78597340, "state": 2, "submissionId": 23825143, "reward": 1870178, "index": 0, "initialScore": 1838.5132964532293, "initialConfidence": 35.0, "updatedScore": 1841.7964427619268, "updatedConfidence": 35.0, "teamId": 99999}, {"id": 78597341, "state": 2, "submissionId": 23790168, "reward": 230024, "index": 1, "initialScore": 1759.892923571969, "initialConfidence": 35.0, "updatedScore": 1756.6097772632716, "updatedConfidence": 35.0, "teamId": 99999}]}