{"id": 28785595, "competitionId": 30067, "createTime": {"seconds": 1634940472}, "endTime": {"seconds": 1634940472}, "agents": [{"id": 72667800, "state": 2, "submissionId": 23034455, "reward": 270027, "index": 0, "initialScore": 1667.7163822791588, "initialConfidence": 35.0, "updatedScore": 1664.562960428415, "updatedConfidence": 35.0, "teamId": 99999}, {"id": 72667801, "state": 2, "submissionId": 23281649, "reward": 570042, "index": 1, "initialScore": 1755.54402057066, "initialConfidence": 35.0, "updatedScore": 1758.6974424214038, "updatedConfidence": 35.0, "teamId": 99999}]}