{"id": 31978979, "competitionId": 30067, "createTime": {"seconds": 1637837798}, "endTime": {"seconds": 1637837798}, "agents": [{"id": 79052556, "state": 2, "submissionId": 23674349, "reward": 370021, "index": 0, "initialScore": 1721.892053255136, "initialConfidence": 35.0, "updatedScore": 1728.2655963727816, "updatedConfidence": 35.0, "teamId": 99999}, {"id": 79052557, "state": 2, "submissionId": 23825370, "reward": 360034, "index": 1, "initialScore": 1828.1894202508704, "initialConfidence": 35.0, "updatedScore": 1821.8158771332248, "updatedConfidence": 35.0, "teamId": 99999}]}