{"id": 29113843, "competitionId": 30067, "createTime": {"seconds": 1635308545}, "endTime": {"seconds": 1635308545}, "agents": [{"id": 73324286, "state": 2, "submissionId": 23297953, "reward": 280013, "index": 0, "initialScore": 1820.3657986135777, "initialConfidence": 35.0, "updatedScore": 1822.861913666789, "updatedConfidence": 35.0, "teamId": 99999}, {"id": 73324287, "state": 2, "submissionId": 23129375, "reward": 0, "index": 1, "initialScore": 1682.5538720558998, "initialConfidence": 35.0, "updatedScore": 1680.0577570026885, "updatedConfidence": 35.0, "teamId": 99999}]}