{"id": 28761142, "competitionId": 30067, "createTime": {"seconds": 1634912389}, "endTime": {"seconds": 1634912389}, "agents": [{"id": 72618884, "state": 2, "submissionId": 23297953, "reward": 1060027, "index": 0, "initialScore": 1694.3858882062282, "initialConfidence": 35.0, "updatedScore": 1697.37419692573, "updatedConfidence": 35.0, "teamId": 99999}, {"id": 72618885, "state": 2, "submissionId": 23139073, "reward": 220024, "index": 1, "initialScore": 1594.5585710943549, "initialConfidence": 35.0, "updatedScore": 1591.570262374853, "updatedConfidence": 35.0, "teamId": 99999}]}