{"id": 30979824, "competitionId": 30067, "createTime": {"seconds": 1637083873}, "endTime": {"seconds": 1637083873}, "agents": [{"id": 77054246, "state": 2, "submissionId": 23554433, "reward": 0, "index": 0, "initialScore": 1795.3816840612112, "initialConfidence": 35.0, "updatedScore": 1793.254570003467, "updatedConfidence": 35.0, "teamId": 99999}, {"id": 77054247, "state": 2, "submissionId": 23281649, "reward": 120006, "index": 1, "initialScore": 1964.451665183465, "initialConfidence": 35.0, "updatedScore": 1966.5787792412088, "updatedConfidence": 35.0, "teamId": 99999}]}