{"id": 31266385, "competitionId": 30067, "createTime": {"seconds": 1637311598}, "endTime": {"seconds": 1637311598}, "agents": [{"id": 77627368, "state": 2, "submissionId": 23790177, "reward": 200015, "index": 0, "initialScore": 1681.0407132716562, "initialConfidence": 35.0, "updatedScore": 1676.967483483806, "updatedConfidence": 35.0, "teamId": 99999}, {"id": 77627369, "state": 2, "submissionId": 23825370, "reward": 220022, "index": 1, "initialScore": 1707.0136345616377, "initialConfidence": 35.0, "updatedScore": 1711.0868643494878, "updatedConfidence": 35.0, "teamId": 99999}]}