{"id": 31565937, "competitionId": 30067, "createTime": {"seconds": 1637539085}, "endTime": {"seconds": 1637539085}, "agents": [{"id": 78226472, "state": 2, "submissionId": 23825266, "reward": 430041, "index": 0, "initialScore": 1808.254774005254, "initialConfidence": 35.0, "updatedScore": 1811.9668436796069, "updatedConfidence": 35.0, "teamId": 99999}, {"id": 78226473, "state": 2, "submissionId": 23674326, "reward": 1, "index": 1, "initialScore": 1758.8752276615342, "initialConfidence": 35.0, "updatedScore": 1755.1631579871816, "updatedConfidence": 35.0, "teamId": 99999}]}