{"id": 31490068, "competitionId": 30067, "createTime": {"seconds": 1637482653}, "endTime": {"seconds": 1637482653}, "agents": [{"id": 78074734, "state": 2, "submissionId": 23825329, "reward": 180018, "index": 0, "initialScore": 1824.831636878504, "initialConfidence": 35.0, "updatedScore": 1819.0905583661893, "updatedConfidence": 35.0, "teamId": 99999}, {"id": 78074735, "state": 2, "submissionId": 23760238, "reward": 240024, "index": 1, "initialScore": 1752.702342728425, "initialConfidence": 35.0, "updatedScore": 1758.443421240739, "updatedConfidence": 35.0, "teamId": 99999}]}