{"id": 30489095, "competitionId": 30067, "createTime": {"seconds": 1636672195}, "endTime": {"seconds": 1636672195}, "agents": [{"id": 76072788, "state": 2, "submissionId": 23692494, "reward": 530033, "index": 0, "initialScore": 1537.3435599834, "initialConfidence": 36.72011731767133, "updatedScore": 1541.7505745801182, "updatedConfidence": 36.40335901812806, "teamId": 99999}, {"id": 76072789, "state": 2, "submissionId": 23607314, "reward": 0, "index": 1, "initialScore": 1507.240555909583, "initialConfidence": 35.0, "updatedScore": 1503.2367551508685, "updatedConfidence": 35.0, "teamId": 99999}]}