{"id": 30982928, "competitionId": 30067, "createTime": {"seconds": 1637086509}, "endTime": {"seconds": 1637086509}, "agents": [{"id": 77060454, "state": 2, "submissionId": 23825143, "reward": 560053, "index": 0, "initialScore": 1617.1558107468834, "initialConfidence": 43.7072783175942, "updatedScore": 1623.68587905534, "updatedConfidence": 43.166188109920775, "teamId": 99999}, {"id": 77060455, "state": 2, "submissionId": 23765677, "reward": 20003, "index": 1, "initialScore": 1600.1498821961668, "initialConfidence": 35.0, "updatedScore": 1595.962464481711, "updatedConfidence": 35.0, "teamId": 99999}]}