{"id": 30981729, "competitionId": 30067, "createTime": {"seconds": 1637085550}, "endTime": {"seconds": 1637085550}, "agents": [{"id": 77058056, "state": 2, "submissionId": 23516158, "reward": 360036, "index": 0, "initialScore": 1407.6804948167064, "initialConfidence": 35.0, "updatedScore": 1404.7287427568738, "updatedConfidence": 35.0, "teamId": 99999}, {"id": 77058057, "state": 2, "submissionId": 23825370, "reward": 1890179, "index": 1, "initialScore": 1508.7707771870175, "initialConfidence": 48.8500709466483, "updatedScore": 1514.5208611175055, "updatedConfidence": 48.2158074459664, "teamId": 99999}]}