{"id": 30983814, "competitionId": 30067, "createTime": {"seconds": 1637087236}, "endTime": {"seconds": 1637087236}, "agents": [{"id": 77062226, "state": 2, "submissionId": 23825370, "reward": 3040063, "index": 0, "initialScore": 1531.1780015348988, "initialConfidence": 45.15472517186835, "updatedScore": 1537.8073936996448, "updatedConfidence": 44.57236835921797, "teamId": 99999}, {"id": 77062227, "state": 2, "submissionId": 23565325, "reward": 1040104, "index": 1, "initialScore": 1501.3696393644652, "initialConfidence": 35.0, "updatedScore": 1497.386702771186, "updatedConfidence": 35.0, "teamId": 99999}]}