{"id": 30989565, "competitionId": 30067, "createTime": {"seconds": 1637092033}, "endTime": {"seconds": 1637092033}, "agents": [{"id": 77073728, "state": 2, "submissionId": 23825143, "reward": 2550243, "index": 0, "initialScore": 1630.9066743014034, "initialConfidence": 42.61561555774023, "updatedScore": 1638.113195443852, "updatedConfidence": 42.08028051970354, "teamId": 99999}, {"id": 77073729, "state": 2, "submissionId": 23472924, "reward": 290032, "index": 1, "initialScore": 1654.9181757179872, "initialConfidence": 35.0, "updatedScore": 1650.0571913788265, "updatedConfidence": 35.0, "teamId": 99999}]}