{"id": 31005799, "competitionId": 30067, "createTime": {"seconds": 1637105058}, "endTime": {"seconds": 1637105058}, "agents": [{"id": 77106196, "state": 2, "submissionId": 23825266, "reward": 1120108, "index": 0, "initialScore": 1592.730953707389, "initialConfidence": 40.60425543260993, "updatedScore": 1598.1889763688548, "updatedConfidence": 40.17516319476671, "teamId": 99999}, {"id": 77106197, "state": 2, "submissionId": 23627329, "reward": 160023, "index": 1, "initialScore": 1566.654180421143, "initialConfidence": 35.0, "updatedScore": 1562.5988306209088, "updatedConfidence": 35.0, "teamId": 99999}]}