{"id": 28617301, "competitionId": 30067, "createTime": {"seconds": 1634741738}, "endTime": {"seconds": 1634741738}, "agents": [{"id": 72331202, "state": 2, "submissionId": 23297953, "reward": 640027, "index": 0, "initialScore": 1605.9684887936558, "initialConfidence": 35.0, "updatedScore": 1608.610559000965, "updatedConfidence": 35.0, "teamId": 99999}, {"id": 72331203, "state": 2, "submissionId": 23315267, "reward": 2, "index": 1, "initialScore": 1479.9076128142435, "initialConfidence": 36.62000026195919, "updatedScore": 1477.0153020671376, "updatedConfidence": 36.36465286302653, "teamId": 99999}]}