{"id": 29455891, "competitionId": 30067, "createTime": {"seconds": 1635670553}, "endTime": {"seconds": 1635670553}, "agents": [{"id": 74006382, "state": 2, "submissionId": 23323058, "reward": 180018, "index": 0, "initialScore": 1725.214115296861, "initialConfidence": 35.0, "updatedScore": 1723.063252523096, "updatedConfidence": 35.0, "teamId": 99999}, {"id": 74006383, "state": 2, "submissionId": 23297953, "reward": 490022, "index": 1, "initialScore": 1892.1838276902783, "initialConfidence": 35.0, "updatedScore": 1894.334690464044, "updatedConfidence": 35.0, "teamId": 99999}]}