{"id": 30979060, "competitionId": 30067, "createTime": {"seconds": 1637083134}, "endTime": {"seconds": 1637083134}, "agents": [{"id": 77052718, "state": 2, "submissionId": 23825266, "reward": 2290223, "index": 0, "initialScore": 1433.2451185061125, "initialConfidence": 56.36519165723869, "updatedScore": 1442.3391211189007, "updatedConfidence": 55.313644265001926, "teamId": 99999}, {"id": 77052719, "state": 2, "submissionId": 23515134, "reward": 360036, "index": 1, "initialScore": 1373.7113782193285, "initialConfidence": 35.0, "updatedScore": 1370.2049158118289, "updatedConfidence": 35.0, "teamId": 99999}]}