{"id": 29355877, "competitionId": 30067, "createTime": {"seconds": 1635567505}, "endTime": {"seconds": 1635567505}, "agents": [{"id": 73806354, "state": 2, "submissionId": 23297953, "reward": 480021, "index": 0, "initialScore": 1880.915864134172, "initialConfidence": 35.0, "updatedScore": 1882.7422301580737, "updatedConfidence": 35.0, "teamId": 99999}, {"id": 73806355, "state": 2, "submissionId": 23243815, "reward": 40004, "index": 1, "initialScore": 1683.9680824806287, "initialConfidence": 35.0, "updatedScore": 1682.141716456727, "updatedConfidence": 35.0, "teamId": 99999}]}