{"id": 31951466, "competitionId": 30067, "createTime": {"seconds": 1637818600}, "endTime": {"seconds": 1637818600}, "agents": [{"id": 78997530, "state": 2, "submissionId": 23281649, "reward": 1050052, "index": 0, "initialScore": 1993.7353336164256, "initialConfidence": 35.0, "updatedScore": 1995.9162565492916, "updatedConfidence": 35.0, "teamId": 99999}, {"id": 78997531, "state": 2, "submissionId": 23769678, "reward": 90009, "index": 1, "initialScore": 1829.405029374824, "initialConfidence": 35.0, "updatedScore": 1827.2241064419584, "updatedConfidence": 35.0, "teamId": 99999}]}