{"id": 32007031, "competitionId": 30067, "createTime": {"seconds": 1637857243}, "endTime": {"seconds": 1637857243}, "agents": [{"id": 79108660, "state": 2, "submissionId": 23692494, "reward": 190002, "index": 0, "initialScore": 2004.8804548710991, "initialConfidence": 35.0, "updatedScore": 2007.3421078544852, "updatedConfidence": 35.0, "teamId": 99999}, {"id": 79108661, "state": 2, "submissionId": 23825143, "reward": 70001, "index": 1, "initialScore": 1864.263623201281, "initialConfidence": 35.0, "updatedScore": 1861.801970217895, "updatedConfidence": 35.0, "teamId": 99999}]}