{"id": 30976077, "competitionId": 30067, "createTime": {"seconds": 1637080734}, "endTime": {"seconds": 1637080734}, "agents": [{"id": 77046752, "state": 2, "submissionId": 23727499, "reward": 0, "index": 0, "initialScore": 1243.683294622386, "initialConfidence": 35.0, "updatedScore": 1240.133636685997, "updatedConfidence": 35.0, "teamId": 99999}, {"id": 77046753, "state": 2, "submissionId": 23825370, "reward": 280017, "index": 1, "initialScore": 1294.3641174783452, "initialConfidence": 78.41741049552141, "updatedScore": 1312.1827925851924, "updatedConfidence": 75.67081980832275, "teamId": 99999}]}