{"id": 31697895, "competitionId": 30067, "createTime": {"seconds": 1637638057}, "endTime": {"seconds": 1637638057}, "agents": [{"id": 78490388, "state": 2, "submissionId": 23760238, "reward": 1160116, "index": 0, "initialScore": 1738.124486509303, "initialConfidence": 35.0, "updatedScore": 1734.518904800412, "updatedConfidence": 35.0, "teamId": 99999}, {"id": 78490389, "state": 2, "submissionId": 23825370, "reward": 1280121, "index": 1, "initialScore": 1794.605364498154, "initialConfidence": 35.0, "updatedScore": 1798.2109462070453, "updatedConfidence": 35.0, "teamId": 99999}]}