{"id": 31413720, "competitionId": 30067, "createTime": {"seconds": 1637425056}, "endTime": {"seconds": 1637425056}, "agents": [{"id": 77922038, "state": 2, "submissionId": 23825224, "reward": 1170115, "index": 0, "initialScore": 1846.165887626036, "initialConfidence": 35.0, "updatedScore": 1843.8105389511352, "updatedConfidence": 35.0, "teamId": 99999}, {"id": 77922039, "state": 2, "submissionId": 23297953, "reward": 1810058, "index": 1, "initialScore": 1995.5743779818963, "initialConfidence": 35.0, "updatedScore": 1997.929726656797, "updatedConfidence": 35.0, "teamId": 99999}]}