{"id": 28842322, "competitionId": 30067, "createTime": {"seconds": 1635005782}, "endTime": {"seconds": 1635005782}, "agents": [{"id": 72781244, "state": 2, "submissionId": 23297953, "reward": 690019, "index": 0, "initialScore": 1738.9909519120506, "initialConfidence": 35.0, "updatedScore": 1742.5845170113398, "updatedConfidence": 35.0, "teamId": 99999}, {"id": 72781245, "state": 2, "submissionId": 23302588, "reward": 20002, "index": 1, "initialScore": 1681.7025277122282, "initialConfidence": 35.0, "updatedScore": 1678.108962612939, "updatedConfidence": 35.0, "teamId": 99999}]}