{"id": 28412225, "competitionId": 30067, "createTime": {"seconds": 1634488292}, "endTime": {"seconds": 1634488292}, "agents": [{"id": 71921050, "state": 2, "submissionId": 23094770, "reward": 0, "index": 0, "initialScore": 1279.730622447763, "initialConfidence": 35.0, "updatedScore": 1275.07165375757, "updatedConfidence": 35.0, "teamId": 99999}, {"id": 71921051, "state": 2, "submissionId": 23281649, "reward": 50018, "index": 1, "initialScore": 1258.8756578885716, "initialConfidence": 68.72409026812326, "updatedScore": 1276.838361432085, "updatedConfidence": 66.5987355768554, "teamId": 99999}]}