{"id": 28682329, "competitionId": 30067, "createTime": {"seconds": 1634819306}, "endTime": {"seconds": 1634819306}, "agents": [{"id": 72461258, "state": 2, "submissionId": 23281649, "reward": 70007, "index": 0, "initialScore": 1714.5894061832787, "initialConfidence": 35.0, "updatedScore": 1709.6524021195116, "updatedConfidence": 35.0, "teamId": 99999}, {"id": 72461259, "state": 2, "submissionId": 23176680, "reward": 160016, "index": 1, "initialScore": 1688.0419100136426, "initialConfidence": 35.0, "updatedScore": 1692.9789140774096, "updatedConfidence": 35.0, "teamId": 99999}]}