{"id": 30022870, "competitionId": 30067, "createTime": {"seconds": 1636254791}, "endTime": {"seconds": 1636254791}, "agents": [{"id": 75140338, "state": 2, "submissionId": 23281649, "reward": 90010, "index": 0, "initialScore": 1941.6770433883264, "initialConfidence": 35.0, "updatedScore": 1943.544085083044, "updatedConfidence": 35.0, "teamId": 99999}, {"id": 75140339, "state": 2, "submissionId": 23554433, "reward": 0, "index": 1, "initialScore": 1748.6513313441512, "initialConfidence": 35.0, "updatedScore": 1746.7842896494342, "updatedConfidence": 35.0, "teamId": 99999}]}