{"id": 29054008, "competitionId": 30067, "createTime": {"seconds": 1635242839}, "endTime": {"seconds": 1635242839}, "agents": [{"id": 73204616, "state": 2, "submissionId": 23297953, "reward": 460020, "index": 0, "initialScore": 1810.7071133387603, "initialConfidence": 35.0, "updatedScore": 1813.7532063167885, "updatedConfidence": 35.0, "teamId": 99999}, {"id": 73204617, "state": 2, "submissionId": 23323058, "reward": 160016, "index": 1, "initialScore": 1715.1168078220155, "initialConfidence": 35.0, "updatedScore": 1712.0707148439874, "updatedConfidence": 35.0, "teamId": 99999}]}