{"id": 29037048, "competitionId": 30067, "createTime": {"seconds": 1635224355}, "endTime": {"seconds": 1635224355}, "agents": [{"id": 73170696, "state": 2, "submissionId": 23281649, "reward": 200014, "index": 0, "initialScore": 1818.4268698257083, "initialConfidence": 35.0, "updatedScore": 1820.73119590079, "updatedConfidence": 35.0, "teamId": 99999}, {"id": 73170697, "state": 2, "submissionId": 23254381, "reward": 40004, "index": 1, "initialScore": 1664.720027688508, "initialConfidence": 35.0, "updatedScore": 1662.4157016134266, "updatedConfidence": 35.0, "teamId": 99999}]}