{"id": 31038827, "competitionId": 30067, "createTime": {"seconds": 1637131761}, "endTime": {"seconds": 1637131761}, "agents": [{"id": 77172252, "state": 2, "submissionId": 23825143, "reward": 640061, "index": 0, "initialScore": 1666.6639916969905, "initialConfidence": 38.27899925340643, "updatedScore": 1673.062980061658, "updatedConfidence": 37.87395199533636, "teamId": 99999}, {"id": 77172253, "state": 2, "submissionId": 23572011, "reward": 10001, "index": 1, "initialScore": 1717.834694220447, "initialConfidence": 35.0, "updatedScore": 1712.4850332657038, "updatedConfidence": 35.0, "teamId": 99999}]}