{"id": 31086700, "competitionId": 30067, "createTime": {"seconds": 1637169985}, "endTime": {"seconds": 1637169985}, "agents": [{"id": 77267998, "state": 2, "submissionId": 23554491, "reward": 140012, "index": 0, "initialScore": 1772.2263393403036, "initialConfidence": 35.0, "updatedScore": 1768.8284829960726, "updatedConfidence": 35.0, "teamId": 99999}, {"id": 77267999, "state": 2, "submissionId": 23692494, "reward": 170006, "index": 1, "initialScore": 1842.8541035404087, "initialConfidence": 35.0, "updatedScore": 1846.25195988464, "updatedConfidence": 35.0, "teamId": 99999}]}