{"id": 30978769, "competitionId": 30067, "createTime": {"seconds": 1637082894}, "endTime": {"seconds": 1637082894}, "agents": [{"id": 77052136, "state": 2, "submissionId": 23317223, "reward": 0, "index": 0, "initialScore": 1460.5075952572902, "initialConfidence": 35.0, "updatedScore": 1457.2503397517692, "updatedConfidence": 35.0, "teamId": 99999}, {"id": 77052137, "state": 2, "submissionId": 23825143, "reward": 550012, "index": 1, "initialScore": 1538.3106623037077, "initialConfidence": 53.70331990274292, "updatedScore": 1545.9792962332376, "updatedConfidence": 52.822893387917205, "teamId": 99999}]}