{"id": 31843240, "competitionId": 30067, "createTime": {"seconds": 1637742458}, "endTime": {"seconds": 1637742458}, "agents": [{"id": 78781078, "state": 2, "submissionId": 23825143, "reward": 1690045, "index": 0, "initialScore": 1845.8805304751547, "initialConfidence": 35.0, "updatedScore": 1848.3920627958964, "updatedConfidence": 35.0, "teamId": 99999}, {"id": 78781079, "state": 2, "submissionId": 23883224, "reward": 1050054, "index": 1, "initialScore": 1709.3165485262346, "initialConfidence": 35.0, "updatedScore": 1706.8050162054928, "updatedConfidence": 35.0, "teamId": 99999}]}