{"id": 30921739, "competitionId": 30067, "createTime": {"seconds": 1637036545}, "endTime": {"seconds": 1637036545}, "agents": [{"id": 76938076, "state": 2, "submissionId": 23281649, "reward": 50005, "index": 0, "initialScore": 1953.466532871326, "initialConfidence": 35.0, "updatedScore": 1955.7059298906704, "updatedConfidence": 35.0, "teamId": 99999}, {"id": 76938077, "state": 2, "submissionId": 23554491, "reward": 30003, "index": 1, "initialScore": 1794.2115319419809, "initialConfidence": 35.0, "updatedScore": 1791.9721349226368, "updatedConfidence": 35.0, "teamId": 99999}]}