{"id": 28486096, "competitionId": 30067, "createTime": {"seconds": 1634580750}, "endTime": {"seconds": 1634580750}, "agents": [{"id": 72068792, "state": 2, "submissionId": 23175169, "reward": 40005, "index": 0, "initialScore": 1444.3318479701102, "initialConfidence": 35.0, "updatedScore": 1439.7535879253244, "updatedConfidence": 35.0, "teamId": 99999}, {"id": 72068793, "state": 2, "submissionId": 23297953, "reward": 1290032, "index": 1, "initialScore": 1436.578149656753, "initialConfidence": 45.4560562768372, "updatedScore": 1444.3004711192027, "updatedConfidence": 44.82455058321632, "teamId": 99999}]}