{"id": 30796521, "competitionId": 30067, "createTime": {"seconds": 1636932971}, "endTime": {"seconds": 1636932971}, "agents": [{"id": 76687640, "state": 2, "submissionId": 23554433, "reward": 130005, "index": 0, "initialScore": 1780.7829361123488, "initialConfidence": 35.0, "updatedScore": 1790.0460250280803, "updatedConfidence": 35.0, "teamId": 99999}, {"id": 76687641, "state": 2, "submissionId": 23297953, "reward": 3, "index": 1, "initialScore": 2043.8216208086603, "initialConfidence": 35.0, "updatedScore": 2034.5585318929288, "updatedConfidence": 35.0, "teamId": 99999}]}