{"id": 30983226, "competitionId": 30067, "createTime": {"seconds": 1637086749}, "endTime": {"seconds": 1637086749}, "agents": [{"id": 77061050, "state": 2, "submissionId": 23825266, "reward": 1210120, "index": 0, "initialScore": 1558.478470741631, "initialConfidence": 44.35331417213116, "updatedScore": 1563.4390299592746, "updatedConfidence": 43.86477296643997, "teamId": 99999}, {"id": 77061051, "state": 2, "submissionId": 23775009, "reward": 80008, "index": 1, "initialScore": 1467.0393529665398, "initialConfidence": 35.0, "updatedScore": 1463.9503766848693, "updatedConfidence": 35.0, "teamId": 99999}]}