{"id": 30909743, "competitionId": 30067, "createTime": {"seconds": 1637026707}, "endTime": {"seconds": 1637026707}, "agents": [{"id": 76914084, "state": 2, "submissionId": 23297953, "reward": 690028, "index": 0, "initialScore": 2046.7446600407443, "initialConfidence": 35.0, "updatedScore": 2048.0972239143134, "updatedConfidence": 35.0, "teamId": 99999}, {"id": 76914085, "state": 2, "submissionId": 23554491, "reward": 230017, "index": 1, "initialScore": 1799.502337699186, "initialConfidence": 35.0, "updatedScore": 1798.1497738256169, "updatedConfidence": 35.0, "teamId": 99999}]}