{"id": 31978941, "competitionId": 30067, "createTime": {"seconds": 1637837797}, "endTime": {"seconds": 1637837797}, "agents": [{"id": 79052480, "state": 2, "submissionId": 23889524, "reward": 350035, "index": 0, "initialScore": 1816.741814690664, "initialConfidence": 35.0, "updatedScore": 1812.8838040147496, "updatedConfidence": 35.0, "teamId": 99999}, {"id": 79052481, "state": 2, "submissionId": 23825143, "reward": 500051, "index": 1, "initialScore": 1856.5422288710135, "initialConfidence": 35.0, "updatedScore": 1860.400239546928, "updatedConfidence": 35.0, "teamId": 99999}]}