{"id": 29284164, "competitionId": 30067, "createTime": {"seconds": 1635491538}, "endTime": {"seconds": 1635491538}, "agents": [{"id": 73662928, "state": 2, "submissionId": 23281649, "reward": 960054, "index": 0, "initialScore": 1867.2728561297256, "initialConfidence": 35.0, "updatedScore": 1869.1312498812808, "updatedConfidence": 35.0, "teamId": 99999}, {"id": 73662929, "state": 2, "submissionId": 23228794, "reward": 60008, "index": 1, "initialScore": 1673.417607365915, "initialConfidence": 35.0, "updatedScore": 1671.5592136143598, "updatedConfidence": 35.0, "teamId": 99999}]}