{"id": 31097398, "competitionId": 30067, "createTime": {"seconds": 1637178621}, "endTime": {"seconds": 1637178621}, "agents": [{"id": 77289394, "state": 2, "submissionId": 23554433, "reward": 30001, "index": 0, "initialScore": 1779.5960472843406, "initialConfidence": 35.0, "updatedScore": 1778.2669010133454, "updatedConfidence": 35.0, "teamId": 99999}, {"id": 77289395, "state": 2, "submissionId": 23297953, "reward": 470014, "index": 1, "initialScore": 2057.4638632170754, "initialConfidence": 35.0, "updatedScore": 2058.7930094880708, "updatedConfidence": 35.0, "teamId": 99999}]}