{"id": 29070961, "competitionId": 30067, "createTime": {"seconds": 1635261381}, "endTime": {"seconds": 1635261381}, "agents": [{"id": 73238522, "state": 2, "submissionId": 23323058, "reward": 490049, "index": 0, "initialScore": 1713.75473144868, "initialConfidence": 35.0, "updatedScore": 1710.8060453750525, "updatedConfidence": 35.0, "teamId": 99999}, {"id": 73238523, "state": 2, "submissionId": 23297953, "reward": 1030054, "index": 1, "initialScore": 1816.5117277282625, "initialConfidence": 35.0, "updatedScore": 1819.4604138018897, "updatedConfidence": 35.0, "teamId": 99999}]}