{"id": 29122470, "competitionId": 30067, "createTime": {"seconds": 1635317903}, "endTime": {"seconds": 1635317903}, "agents": [{"id": 73341540, "state": 2, "submissionId": 23176680, "reward": 0, "index": 0, "initialScore": 1665.648603527534, "initialConfidence": 35.0, "updatedScore": 1663.3854350443385, "updatedConfidence": 35.0, "teamId": 99999}, {"id": 73341541, "state": 2, "submissionId": 23297953, "reward": 100012, "index": 1, "initialScore": 1822.861913666789, "initialConfidence": 35.0, "updatedScore": 1825.1250821499848, "updatedConfidence": 35.0, "teamId": 99999}]}