{"id": 28850759, "competitionId": 30067, "createTime": {"seconds": 1635015382}, "endTime": {"seconds": 1635015382}, "agents": [{"id": 72798118, "state": 2, "submissionId": 23323058, "reward": 80008, "index": 0, "initialScore": 1688.3975467132027, "initialConfidence": 35.0, "updatedScore": 1685.0477340531645, "updatedConfidence": 35.0, "teamId": 99999}, {"id": 72798119, "state": 2, "submissionId": 23281649, "reward": 290017, "index": 1, "initialScore": 1762.356452419776, "initialConfidence": 35.0, "updatedScore": 1765.7062650798143, "updatedConfidence": 35.0, "teamId": 99999}]}