{"id": 30980551, "competitionId": 30067, "createTime": {"seconds": 1637084590}, "endTime": {"seconds": 1637084590}, "agents": [{"id": 77055700, "state": 2, "submissionId": 22803974, "reward": 0, "index": 0, "initialScore": 1575.1097014050156, "initialConfidence": 35.0, "updatedScore": 1570.8931238545226, "updatedConfidence": 35.0, "teamId": 99999}, {"id": 77055701, "state": 2, "submissionId": 23825143, "reward": 330015, "index": 1, "initialScore": 1589.0840354523089, "initialConfidence": 48.61956607531993, "updatedScore": 1597.220695295205, "updatedConfidence": 47.87683530641466, "teamId": 99999}]}