{"id": 30532439, "competitionId": 30067, "createTime": {"seconds": 1636709665}, "endTime": {"seconds": 1636709665}, "agents": [{"id": 76159476, "state": 2, "submissionId": 23554491, "reward": 520004, "index": 0, "initialScore": 1760.0363092659463, "initialConfidence": 35.0, "updatedScore": 1758.3698087584685, "updatedConfidence": 35.0, "teamId": 99999}, {"id": 76159477, "state": 2, "submissionId": 23281649, "reward": 1570040, "index": 1, "initialScore": 1972.9340373587588, "initialConfidence": 35.0, "updatedScore": 1974.600537866237, "updatedConfidence": 35.0, "teamId": 99999}]}