{"id": 29549784, "competitionId": 30067, "createTime": {"seconds": 1635765590}, "endTime": {"seconds": 1635765590}, "agents": [{"id": 74194168, "state": 2, "submissionId": 23297953, "reward": 280019, "index": 0, "initialScore": 1911.3617303513104, "initialConfidence": 35.0, "updatedScore": 1912.9496683569137, "updatedConfidence": 35.0, "teamId": 99999}, {"id": 74194169, "state": 2, "submissionId": 23431781, "reward": 100010, "index": 1, "initialScore": 1690.2800060484046, "initialConfidence": 35.0, "updatedScore": 1688.692068042801, "updatedConfidence": 35.0, "teamId": 99999}]}