{"id": 28883711, "competitionId": 30067, "createTime": {"seconds": 1635052823}, "endTime": {"seconds": 1635052823}, "agents": [{"id": 72864022, "state": 2, "submissionId": 23281649, "reward": 1240076, "index": 0, "initialScore": 1774.102404530419, "initialConfidence": 35.0, "updatedScore": 1776.1930457256817, "updatedConfidence": 35.0, "teamId": 99999}, {"id": 72864023, "state": 2, "submissionId": 23097623, "reward": 230013, "index": 1, "initialScore": 1601.7803395402252, "initialConfidence": 35.0, "updatedScore": 1599.6896983449628, "updatedConfidence": 35.0, "teamId": 99999}]}