{"id": 31266487, "competitionId": 30067, "createTime": {"seconds": 1637311601}, "endTime": {"seconds": 1637311601}, "agents": [{"id": 77627572, "state": 2, "submissionId": 23692494, "reward": 550013, "index": 0, "initialScore": 1892.222928150288, "initialConfidence": 35.0, "updatedScore": 1895.4161491305172, "updatedConfidence": 35.0, "teamId": 99999}, {"id": 77627573, "state": 2, "submissionId": 23825224, "reward": 130006, "index": 1, "initialScore": 1807.2398444556516, "initialConfidence": 35.0, "updatedScore": 1804.0466234754224, "updatedConfidence": 35.0, "teamId": 99999}]}