{"id": 29930589, "competitionId": 30067, "createTime": {"seconds": 1636169076}, "endTime": {"seconds": 1636169076}, "agents": [{"id": 74955776, "state": 2, "submissionId": 23435377, "reward": 60021, "index": 0, "initialScore": 1727.7970937541256, "initialConfidence": 35.0, "updatedScore": 1726.1882540830193, "updatedConfidence": 35.0, "teamId": 99999}, {"id": 74955777, "state": 2, "submissionId": 23297953, "reward": 760044, "index": 1, "initialScore": 1946.67736803142, "initialConfidence": 35.0, "updatedScore": 1948.286207702526, "updatedConfidence": 35.0, "teamId": 99999}]}