{"id": 28409355, "competitionId": 30067, "createTime": {"seconds": 1634484691}, "endTime": {"seconds": 1634484691}, "agents": [{"id": 71915310, "state": 2, "submissionId": 22737888, "reward": 0, "index": 0, "initialScore": 905.2367811504026, "initialConfidence": 35.0, "updatedScore": 901.6129060680732, "updatedConfidence": 35.0, "teamId": 99999}, {"id": 71915311, "state": 2, "submissionId": 23281649, "reward": 230027, "index": 1, "initialScore": 927.2209258573544, "initialConfidence": 130.37458097058752, "updatedScore": 977.5041343213692, "updatedConfidence": 119.05653171764092, "teamId": 99999}]}