{"id": 31501689, "competitionId": 30067, "createTime": {"seconds": 1637491296}, "endTime": {"seconds": 1637491296}, "agents": [{"id": 78097976, "state": 2, "submissionId": 23770016, "reward": 490045, "index": 0, "initialScore": 1829.310267470266, "initialConfidence": 35.0, "updatedScore": 1826.3735266000344, "updatedConfidence": 35.0, "teamId": 99999}, {"id": 78097977, "state": 2, "submissionId": 23692494, "reward": 1000035, "index": 1, "initialScore": 1932.954465765954, "initialConfidence": 35.0, "updatedScore": 1935.8912066361856, "updatedConfidence": 35.0, "teamId": 99999}]}