{"id": 31477346, "competitionId": 30067, "createTime": {"seconds": 1637473055}, "endTime": {"seconds": 1637473055}, "agents": [{"id": 78049290, "state": 2, "submissionId": 23769678, "reward": 50000, "index": 0, "initialScore": 1820.313804752341, "initialConfidence": 35.0, "updatedScore": 1817.8289571563964, "updatedConfidence": 35.0, "teamId": 99999}, {"id": 78049291, "state": 2, "submissionId": 23281649, "reward": 300016, "index": 1, "initialScore": 1959.040446729061, "initialConfidence": 35.0, "updatedScore": 1961.5252943250052, "updatedConfidence": 35.0, "teamId": 99999}]}