{"id": 30417213, "competitionId": 30067, "createTime": {"seconds": 1636609763}, "endTime": {"seconds": 1636609763}, "agents": [{"id": 75929024, "state": 2, "submissionId": 22484526, "reward": 20002, "index": 0, "initialScore": 618.3715862975907, "initialConfidence": 35.0, "updatedScore": 616.4959756990929, "updatedConfidence": 35.0, "teamId": 99999}, {"id": 75929025, "state": 2, "submissionId": 23692494, "reward": 140005, "index": 1, "initialScore": 807.6874958303329, "initialConfidence": 155.0, "updatedScore": 844.4724302212802, "updatedConfidence": 142.44855588824203, "teamId": 99999}]}