{"id": 28917640, "competitionId": 30067, "createTime": {"seconds": 1635091218}, "endTime": {"seconds": 1635091218}, "agents": [{"id": 72931880, "state": 2, "submissionId": 23281649, "reward": 320012, "index": 0, "initialScore": 1786.4031800023615, "initialConfidence": 35.0, "updatedScore": 1788.680915121671, "updatedConfidence": 35.0, "teamId": 99999}, {"id": 72931881, "state": 2, "submissionId": 23055500, "reward": 250025, "index": 1, "initialScore": 1630.4349766818025, "initialConfidence": 35.0, "updatedScore": 1628.1572415624928, "updatedConfidence": 35.0, "teamId": 99999}]}