{"id": 28416242, "competitionId": 30067, "createTime": {"seconds": 1634493361}, "endTime": {"seconds": 1634493361}, "agents": [{"id": 71929084, "state": 2, "submissionId": 23281649, "reward": 10001, "index": 0, "initialScore": 1483.400128554223, "initialConfidence": 44.59090261999811, "updatedScore": 1474.3794880007752, "updatedConfidence": 43.94840066817513, "teamId": 99999}, {"id": 71929085, "state": 2, "submissionId": 23272786, "reward": 30003, "index": 1, "initialScore": 1417.45769200631, "initialConfidence": 38.43569649049784, "updatedScore": 1424.1598453675192, "updatedConfidence": 38.02499498263752, "teamId": 99999}]}