{"id": 30976976, "competitionId": 30067, "createTime": {"seconds": 1637081456}, "endTime": {"seconds": 1637081456}, "agents": [{"id": 77048550, "state": 2, "submissionId": 23825143, "reward": 480022, "index": 0, "initialScore": 1480.2187223400497, "initialConfidence": 60.372781112319686, "updatedScore": 1492.1979443231612, "updatedConfidence": 59.00238977321317, "teamId": 99999}, {"id": 77048551, "state": 2, "submissionId": 23260881, "reward": 0, "index": 1, "initialScore": 1457.11018143964, "initialConfidence": 35.0, "updatedScore": 1453.0841020288592, "updatedConfidence": 35.0, "teamId": 99999}]}