{"id": 31630282, "competitionId": 30067, "createTime": {"seconds": 1637586400}, "endTime": {"seconds": 1637586400}, "agents": [{"id": 78355162, "state": 2, "submissionId": 23825329, "reward": 1070107, "index": 0, "initialScore": 1853.2781791844088, "initialConfidence": 35.0, "updatedScore": 1856.9168416786556, "updatedConfidence": 35.0, "teamId": 99999}, {"id": 78355163, "state": 2, "submissionId": 23032370, "reward": 950095, "index": 1, "initialScore": 1799.013835443786, "initialConfidence": 35.0, "updatedScore": 1795.375172949539, "updatedConfidence": 35.0, "teamId": 99999}]}