{"id": 29761920, "competitionId": 30067, "createTime": {"seconds": 1636007437}, "endTime": {"seconds": 1636007437}, "agents": [{"id": 74618438, "state": 2, "submissionId": 23297953, "reward": 260006, "index": 0, "initialScore": 1936.586204737392, "initialConfidence": 35.0, "updatedScore": 1938.368713161988, "updatedConfidence": 35.0, "teamId": 99999}, {"id": 74618439, "state": 2, "submissionId": 23435377, "reward": 30006, "index": 1, "initialScore": 1735.3501503864688, "initialConfidence": 35.0, "updatedScore": 1733.567641961873, "updatedConfidence": 35.0, "teamId": 99999}]}