{"id": 30980839, "competitionId": 30067, "createTime": {"seconds": 1637084830}, "endTime": {"seconds": 1637084830}, "agents": [{"id": 77056276, "state": 2, "submissionId": 23825370, "reward": 510035, "index": 0, "initialScore": 1475.5466560959994, "initialConfidence": 52.11344339243976, "updatedScore": 1486.702238114946, "updatedConfidence": 51.1321991517966, "teamId": 99999}, {"id": 77056277, "state": 2, "submissionId": 23719507, "reward": 10001, "index": 1, "initialScore": 1512.7225974003468, "initialConfidence": 35.0, "updatedScore": 1507.6907347034612, "updatedConfidence": 35.0, "teamId": 99999}]}