{"id": 31883119, "competitionId": 30067, "createTime": {"seconds": 1637770541}, "endTime": {"seconds": 1637770541}, "agents": [{"id": 78860836, "state": 2, "submissionId": 23825370, "reward": 250010, "index": 0, "initialScore": 1819.4907107969204, "initialConfidence": 35.0, "updatedScore": 1813.720912718556, "updatedConfidence": 35.0, "teamId": 99999}, {"id": 78860837, "state": 2, "submissionId": 23674333, "reward": 580014, "index": 1, "initialScore": 1745.7807088318668, "initialConfidence": 35.0, "updatedScore": 1751.5505069102314, "updatedConfidence": 35.0, "teamId": 99999}]}