{"id": 30428432, "competitionId": 30067, "createTime": {"seconds": 1636619371}, "endTime": {"seconds": 1636619371}, "agents": [{"id": 75951462, "state": 2, "submissionId": 23422919, "reward": 0, "index": 0, "initialScore": 1566.1833335694068, "initialConfidence": 35.0, "updatedScore": 1559.5271495246272, "updatedConfidence": 35.0, "teamId": 99999}, {"id": 75951463, "state": 2, "submissionId": 23692494, "reward": 140015, "index": 1, "initialScore": 1441.5186274971054, "initialConfidence": 43.95313338414358, "updatedScore": 1452.0157173604891, "updatedConfidence": 43.29314072152673, "teamId": 99999}]}