{"id": 32119119, "competitionId": 30067, "createTime": {"seconds": 1637936050}, "endTime": {"seconds": 1637936050}, "agents": [{"id": 79332836, "state": 2, "submissionId": 23281649, "reward": 2090055, "index": 0, "initialScore": 1994.3679915478683, "initialConfidence": 35.0, "updatedScore": 1996.9612244384527, "updatedConfidence": 35.0, "teamId": 99999}, {"id": 79332837, "state": 2, "submissionId": 23825143, "reward": 1520025, "index": 1, "initialScore": 1864.3484970994944, "initialConfidence": 35.0, "updatedScore": 1861.7552642089104, "updatedConfidence": 35.0, "teamId": 99999}]}