{"id": 31351273, "competitionId": 30067, "createTime": {"seconds": 1637377370}, "endTime": {"seconds": 1637377370}, "agents": [{"id": 77797144, "state": 2, "submissionId": 23770016, "reward": 420042, "index": 0, "initialScore": 1817.0851693132945, "initialConfidence": 35.0, "updatedScore": 1825.467168927321, "updatedConfidence": 35.0, "teamId": 99999}, {"id": 77797145, "state": 2, "submissionId": 23297953, "reward": 380025, "index": 1, "initialScore": 2024.933570092284, "initialConfidence": 35.0, "updatedScore": 2016.5515704782572, "updatedConfidence": 35.0, "teamId": 99999}]}