{"id": 30978760, "competitionId": 30067, "createTime": {"seconds": 1637082894}, "endTime": {"seconds": 1637082894}, "agents": [{"id": 77052118, "state": 2, "submissionId": 23825370, "reward": 1460114, "index": 0, "initialScore": 1415.4666237842343, "initialConfidence": 58.56781917907618, "updatedScore": 1427.5191369468932, "updatedConfidence": 57.27542340365327, "teamId": 99999}, {"id": 77052119, "state": 2, "submissionId": 23620690, "reward": 200024, "index": 1, "initialScore": 1409.9448628437294, "initialConfidence": 35.0, "updatedScore": 1405.640631585396, "updatedConfidence": 35.0, "teamId": 99999}]}