{"id": 31789333, "competitionId": 30067, "createTime": {"seconds": 1637704062}, "endTime": {"seconds": 1637704062}, "agents": [{"id": 78673264, "state": 2, "submissionId": 23825266, "reward": 1640018, "index": 0, "initialScore": 1836.6516603365117, "initialConfidence": 35.0, "updatedScore": 1840.3721501489583, "updatedConfidence": 35.0, "teamId": 99999}, {"id": 78673265, "state": 2, "submissionId": 23032370, "reward": 1470071, "index": 1, "initialScore": 1787.8295065916411, "initialConfidence": 35.0, "updatedScore": 1784.109016779194, "updatedConfidence": 35.0, "teamId": 99999}]}