{"id": 31253530, "competitionId": 30067, "createTime": {"seconds": 1637301525}, "endTime": {"seconds": 1637301525}, "agents": [{"id": 77601658, "state": 2, "submissionId": 23297953, "reward": 1610076, "index": 0, "initialScore": 2043.6823946611116, "initialConfidence": 35.0, "updatedScore": 2045.0115409321063, "updatedConfidence": 35.0, "teamId": 99999}, {"id": 77601659, "state": 2, "submissionId": 23825329, "reward": 1490149, "index": 1, "initialScore": 1793.007735271075, "initialConfidence": 35.0, "updatedScore": 1791.67858900008, "updatedConfidence": 35.0, "teamId": 99999}]}