{"id": 31723655, "competitionId": 30067, "createTime": {"seconds": 1637656795}, "endTime": {"seconds": 1637656795}, "agents": [{"id": 78541908, "state": 2, "submissionId": 23825266, "reward": 1010092, "index": 0, "initialScore": 1838.1965633700595, "initialConfidence": 35.0, "updatedScore": 1841.6420805567957, "updatedConfidence": 35.0, "teamId": 99999}, {"id": 78541909, "state": 2, "submissionId": 23889524, "reward": 700070, "index": 1, "initialScore": 1770.850775131969, "initialConfidence": 35.0, "updatedScore": 1767.405257945233, "updatedConfidence": 35.0, "teamId": 99999}]}