{"id": 28433785, "competitionId": 30067, "createTime": {"seconds": 1634515444}, "endTime": {"seconds": 1634515444}, "agents": [{"id": 71964170, "state": 2, "submissionId": 23128925, "reward": 0, "index": 0, "initialScore": 1658.5274909080183, "initialConfidence": 35.0, "updatedScore": 1651.75668076415, "updatedConfidence": 35.0, "teamId": 99999}, {"id": 71964171, "state": 2, "submissionId": 23281649, "reward": 40004, "index": 1, "initialScore": 1529.9871189553337, "initialConfidence": 38.76599034023533, "updatedScore": 1538.2933941174742, "updatedConfidence": 38.30789814241755, "teamId": 99999}]}