{"id": 28411841, "competitionId": 30067, "createTime": {"seconds": 1634487813}, "endTime": {"seconds": 1634487813}, "agents": [{"id": 71920282, "state": 2, "submissionId": 23114543, "reward": 180022, "index": 0, "initialScore": 1250.8423386425598, "initialConfidence": 35.0, "updatedScore": 1246.887860926182, "updatedConfidence": 35.0, "teamId": 99999}, {"id": 71920283, "state": 2, "submissionId": 23281649, "reward": 610040, "index": 1, "initialScore": 1276.838361432085, "initialConfidence": 66.5987355768554, "updatedScore": 1291.1564489163657, "updatedConfidence": 64.79198199823621, "teamId": 99999}]}