{"id": 29742538, "competitionId": 30067, "createTime": {"seconds": 1635988719}, "endTime": {"seconds": 1635988719}, "agents": [{"id": 74579674, "state": 2, "submissionId": 23281649, "reward": 390022, "index": 0, "initialScore": 1926.4729760074165, "initialConfidence": 35.0, "updatedScore": 1928.3865581576367, "updatedConfidence": 35.0, "teamId": 99999}, {"id": 74579675, "state": 2, "submissionId": 23435377, "reward": 370038, "index": 1, "initialScore": 1737.872616226635, "initialConfidence": 35.0, "updatedScore": 1735.959034076414, "updatedConfidence": 35.0, "teamId": 99999}]}