{"id": 30419404, "competitionId": 30067, "createTime": {"seconds": 1636611683}, "endTime": {"seconds": 1636611683}, "agents": [{"id": 75933406, "state": 2, "submissionId": 23692494, "reward": 340005, "index": 0, "initialScore": 1040.792043017322, "initialConfidence": 96.01913215474949, "updatedScore": 1067.7045762727323, "updatedConfidence": 91.13660771107809, "teamId": 99999}, {"id": 75933407, "state": 2, "submissionId": 22855587, "reward": 0, "index": 1, "initialScore": 998.2838801078548, "initialConfidence": 35.0, "updatedScore": 994.708064502175, "updatedConfidence": 35.0, "teamId": 99999}]}