{"id": 31476311, "competitionId": 30067, "createTime": {"seconds": 1637472333}, "endTime": {"seconds": 1637472333}, "agents": [{"id": 78047220, "state": 2, "submissionId": 23770016, "reward": 370037, "index": 0, "initialScore": 1833.454649102719, "initialConfidence": 35.0, "updatedScore": 1831.160784429868, "updatedConfidence": 35.0, "teamId": 99999}, {"id": 78047221, "state": 2, "submissionId": 23297953, "reward": 520018, "index": 1, "initialScore": 1988.049390075298, "initialConfidence": 35.0, "updatedScore": 1990.343254748149, "updatedConfidence": 35.0, "teamId": 99999}]}