{"id": 31218461, "competitionId": 30067, "createTime": {"seconds": 1637274397}, "endTime": {"seconds": 1637274397}, "agents": [{"id": 77531520, "state": 2, "submissionId": 23760238, "reward": 300030, "index": 0, "initialScore": 1741.1561181733143, "initialConfidence": 35.0, "updatedScore": 1736.4904603606246, "updatedConfidence": 35.0, "teamId": 99999}, {"id": 77531521, "state": 2, "submissionId": 23825143, "reward": 770077, "index": 1, "initialScore": 1730.6526723105992, "initialConfidence": 35.0, "updatedScore": 1735.318330123289, "updatedConfidence": 35.0, "teamId": 99999}]}