{"id": 29521253, "competitionId": 30067, "createTime": {"seconds": 1635736793}, "endTime": {"seconds": 1635736793}, "agents": [{"id": 74137106, "state": 2, "submissionId": 23297953, "reward": 1490053, "index": 0, "initialScore": 1906.5264087770536, "initialConfidence": 35.0, "updatedScore": 1908.1646436728568, "updatedConfidence": 35.0, "teamId": 99999}, {"id": 74137107, "state": 5, "submissionId": 23143395, "reward": 0, "index": 1, "initialScore": 1690.7122962804856, "initialConfidence": 35.0, "updatedScore": 1689.074061384682, "updatedConfidence": 35.0, "teamId": 99999}]}