{"id": 29597513, "competitionId": 30067, "createTime": {"seconds": 1635818172}, "endTime": {"seconds": 1635818172}, "agents": [{"id": 74289624, "state": 2, "submissionId": 23323058, "reward": 510053, "index": 0, "initialScore": 1714.0109757312746, "initialConfidence": 35.0, "updatedScore": 1712.269698910104, "updatedConfidence": 35.0, "teamId": 99999}, {"id": 74289625, "state": 2, "submissionId": 23297953, "reward": 1290046, "index": 1, "initialScore": 1919.3372337614016, "initialConfidence": 35.0, "updatedScore": 1921.078510582572, "updatedConfidence": 35.0, "teamId": 99999}]}