{"id": 30425722, "competitionId": 30067, "createTime": {"seconds": 1636617204}, "endTime": {"seconds": 1636617204}, "agents": [{"id": 75946042, "state": 2, "submissionId": 23189542, "reward": 30003, "index": 0, "initialScore": 1337.4891926828825, "initialConfidence": 35.0, "updatedScore": 1333.5290059886177, "updatedConfidence": 35.0, "teamId": 99999}, {"id": 75946043, "state": 2, "submissionId": 23692494, "reward": 1690030, "index": 1, "initialScore": 1367.5390854197049, "initialConfidence": 50.64829784561263, "updatedScore": 1375.832039879396, "updatedConfidence": 49.83415841751847, "teamId": 99999}]}