{"id": 32133631, "competitionId": 30067, "createTime": {"seconds": 1637946134}, "endTime": {"seconds": 1637946134}, "agents": [{"id": 79361860, "state": 2, "submissionId": 23674317, "reward": 500007, "index": 0, "initialScore": 1755.0056850148185, "initialConfidence": 35.0, "updatedScore": 1761.1116573174288, "updatedConfidence": 35.0, "teamId": 99999}, {"id": 79361861, "state": 2, "submissionId": 23825370, "reward": 0, "index": 1, "initialScore": 1847.006300257972, "initialConfidence": 35.0, "updatedScore": 1840.9003279553613, "updatedConfidence": 35.0, "teamId": 99999}]}