{"id": 31038830, "competitionId": 30067, "createTime": {"seconds": 1637131762}, "endTime": {"seconds": 1637131762}, "agents": [{"id": 77172258, "state": 2, "submissionId": 23281649, "reward": 350018, "index": 0, "initialScore": 1965.340842285919, "initialConfidence": 35.0, "updatedScore": 1967.2241269716435, "updatedConfidence": 35.0, "teamId": 99999}, {"id": 77172259, "state": 2, "submissionId": 23642602, "reward": 110011, "index": 1, "initialScore": 1773.86701458761, "initialConfidence": 35.0, "updatedScore": 1771.9837299018857, "updatedConfidence": 35.0, "teamId": 99999}]}