{"id": 31144616, "competitionId": 30067, "createTime": {"seconds": 1637216032}, "endTime": {"seconds": 1637216032}, "agents": [{"id": 77383830, "state": 2, "submissionId": 23825143, "reward": 710018, "index": 0, "initialScore": 1710.6609388736676, "initialConfidence": 35.0, "updatedScore": 1714.043408861367, "updatedConfidence": 35.0, "teamId": 99999}, {"id": 77383831, "state": 2, "submissionId": 23486365, "reward": 0, "index": 1, "initialScore": 1638.968872705893, "initialConfidence": 35.0, "updatedScore": 1635.586402718194, "updatedConfidence": 35.0, "teamId": 99999}]}