{"id": 29310852, "competitionId": 30067, "createTime": {"seconds": 1635519441}, "endTime": {"seconds": 1635519441}, "agents": [{"id": 73716304, "state": 2, "submissionId": 23243815, "reward": 70002, "index": 0, "initialScore": 1695.657662659259, "initialConfidence": 35.0, "updatedScore": 1693.595413679404, "updatedConfidence": 35.0, "teamId": 99999}, {"id": 73716305, "state": 2, "submissionId": 23297953, "reward": 1290037, "index": 1, "initialScore": 1870.5341395554692, "initialConfidence": 35.0, "updatedScore": 1872.596388535324, "updatedConfidence": 35.0, "teamId": 99999}]}