{"id": 30012394, "competitionId": 30067, "createTime": {"seconds": 1636245188}, "endTime": {"seconds": 1636245188}, "agents": [{"id": 75119386, "state": 2, "submissionId": 23281649, "reward": 970042, "index": 0, "initialScore": 1939.579015028447, "initialConfidence": 35.0, "updatedScore": 1941.6770433883264, "updatedConfidence": 35.0, "teamId": 99999}, {"id": 75119387, "state": 2, "submissionId": 23554491, "reward": 470024, "index": 1, "initialScore": 1767.918258417085, "initialConfidence": 35.0, "updatedScore": 1765.8202300572057, "updatedConfidence": 35.0, "teamId": 99999}]}