{"id": 31034674, "competitionId": 30067, "createTime": {"seconds": 1637128403}, "endTime": {"seconds": 1637128403}, "agents": [{"id": 77163946, "state": 2, "submissionId": 23500452, "reward": 0, "index": 0, "initialScore": 1557.9822424063398, "initialConfidence": 35.0, "updatedScore": 1554.2470502784884, "updatedConfidence": 35.0, "teamId": 99999}, {"id": 77163947, "state": 2, "submissionId": 23825370, "reward": 100010, "index": 1, "initialScore": 1605.2010453640185, "initialConfidence": 39.06399592172342, "updatedScore": 1609.854014682203, "updatedConfidence": 38.695555379546384, "teamId": 99999}]}