{"id": 31592167, "competitionId": 30067, "createTime": {"seconds": 1637558520}, "endTime": {"seconds": 1637558520}, "agents": [{"id": 78278932, "state": 2, "submissionId": 23692494, "reward": 380010, "index": 0, "initialScore": 1943.92563947787, "initialConfidence": 35.0, "updatedScore": 1946.890780262747, "updatedConfidence": 35.0, "teamId": 99999}, {"id": 78278933, "state": 2, "submissionId": 23825329, "reward": 90008, "index": 1, "initialScore": 1842.3877444052512, "initialConfidence": 35.0, "updatedScore": 1839.422603620374, "updatedConfidence": 35.0, "teamId": 99999}]}