{"id": 30751610, "competitionId": 30067, "createTime": {"seconds": 1636895763}, "endTime": {"seconds": 1636895763}, "agents": [{"id": 76597818, "state": 2, "submissionId": 23642611, "reward": 60006, "index": 0, "initialScore": 1746.730921778874, "initialConfidence": 35.0, "updatedScore": 1745.401775507879, "updatedConfidence": 35.0, "teamId": 99999}, {"id": 76597819, "state": 2, "submissionId": 23297953, "reward": 340015, "index": 1, "initialScore": 2038.50503572468, "initialConfidence": 35.0, "updatedScore": 2039.834181995675, "updatedConfidence": 35.0, "teamId": 99999}]}