{"id": 30695942, "competitionId": 30067, "createTime": {"seconds": 1636848940}, "endTime": {"seconds": 1636848940}, "agents": [{"id": 76486482, "state": 2, "submissionId": 23297953, "reward": 980026, "index": 0, "initialScore": 2031.859304369704, "initialConfidence": 35.0, "updatedScore": 2033.1884506406996, "updatedConfidence": 35.0, "teamId": 99999}, {"id": 76486483, "state": 2, "submissionId": 23554433, "reward": 100003, "index": 1, "initialScore": 1764.0480198923942, "initialConfidence": 35.0, "updatedScore": 1762.718873621399, "updatedConfidence": 35.0, "teamId": 99999}]}