{"id": 28481243, "competitionId": 30067, "createTime": {"seconds": 1634574750}, "endTime": {"seconds": 1634574750}, "agents": [{"id": 72059086, "state": 2, "submissionId": 22669437, "reward": 0, "index": 0, "initialScore": 1048.344062828906, "initialConfidence": 35.0, "updatedScore": 1044.9554526339011, "updatedConfidence": 35.0, "teamId": 99999}, {"id": 72059087, "state": 2, "submissionId": 23297953, "reward": 260011, "index": 1, "initialScore": 1108.9322028970262, "initialConfidence": 85.02138454509969, "updatedScore": 1128.9281449944942, "updatedConfidence": 81.64166736795903, "teamId": 99999}]}