{"id": 31763565, "competitionId": 30067, "createTime": {"seconds": 1637685387}, "endTime": {"seconds": 1637685387}, "agents": [{"id": 78621728, "state": 2, "submissionId": 23674326, "reward": 240024, "index": 0, "initialScore": 1755.695820739632, "initialConfidence": 35.0, "updatedScore": 1752.428403745356, "updatedConfidence": 35.0, "teamId": 99999}, {"id": 78621729, "state": 2, "submissionId": 23825329, "reward": 370027, "index": 1, "initialScore": 1835.4228199494391, "initialConfidence": 35.0, "updatedScore": 1838.690236943715, "updatedConfidence": 35.0, "teamId": 99999}]}