{"id": 30972801, "competitionId": 30067, "createTime": {"seconds": 1637078094}, "endTime": {"seconds": 1637078094}, "agents": [{"id": 77040200, "state": 2, "submissionId": 23825266, "reward": 560039, "index": 0, "initialScore": 930.5269898374964, "initialConfidence": 140.0, "updatedScore": 986.327113039522, "updatedConfidence": 126.58531497093183, "teamId": 99999}, {"id": 77040201, "state": 3, "submissionId": 22650998, "reward": 0, "index": 1, "initialScore": 902.5032275366876, "initialConfidence": 35.0, "updatedScore": 899.015719836561, "updatedConfidence": 35.0, "teamId": 99999}]}