{"id": 31388563, "competitionId": 30067, "createTime": {"seconds": 1637405926}, "endTime": {"seconds": 1637405926}, "agents": [{"id": 77871724, "state": 2, "submissionId": 23601228, "reward": 0, "index": 0, "initialScore": 1649.532130452798, "initialConfidence": 35.0, "updatedScore": 1646.5833818672434, "updatedConfidence": 35.0, "teamId": 99999}, {"id": 77871725, "state": 2, "submissionId": 23825370, "reward": 160017, "index": 1, "initialScore": 1752.2844886957923, "initialConfidence": 35.0, "updatedScore": 1755.233237281347, "updatedConfidence": 35.0, "teamId": 99999}]}