{"id": 31514478, "competitionId": 30067, "createTime": {"seconds": 1637500895}, "endTime": {"seconds": 1637500895}, "agents": [{"id": 78123554, "state": 2, "submissionId": 23825224, "reward": 0, "index": 0, "initialScore": 1843.2686416820447, "initialConfidence": 35.0, "updatedScore": 1840.823910015596, "updatedConfidence": 35.0, "teamId": 99999}, {"id": 78123555, "state": 2, "submissionId": 23297953, "reward": 150012, "index": 1, "initialScore": 1985.270633329668, "initialConfidence": 35.0, "updatedScore": 1987.7153649961165, "updatedConfidence": 35.0, "teamId": 99999}]}