{"id": 29723103, "competitionId": 30067, "createTime": {"seconds": 1635969997}, "endTime": {"seconds": 1635969997}, "agents": [{"id": 74540804, "state": 2, "submissionId": 23308353, "reward": 160025, "index": 0, "initialScore": 1704.2450495023884, "initialConfidence": 35.0, "updatedScore": 1702.6384965465145, "updatedConfidence": 35.0, "teamId": 99999}, {"id": 74540805, "state": 2, "submissionId": 23281649, "reward": 560033, "index": 1, "initialScore": 1923.365299746124, "initialConfidence": 35.0, "updatedScore": 1924.9718527019972, "updatedConfidence": 35.0, "teamId": 99999}]}