{"id": 32063907, "competitionId": 30067, "createTime": {"seconds": 1637897381}, "endTime": {"seconds": 1637897381}, "agents": [{"id": 79222412, "state": 2, "submissionId": 23889524, "reward": 970110, "index": 0, "initialScore": 1826.3822522215853, "initialConfidence": 35.0, "updatedScore": 1831.0134323478087, "updatedConfidence": 35.0, "teamId": 99999}, {"id": 79222413, "state": 2, "submissionId": 23825370, "reward": 360059, "index": 1, "initialScore": 1834.819613159391, "initialConfidence": 35.0, "updatedScore": 1830.1884330331677, "updatedConfidence": 35.0, "teamId": 99999}]}