{"id": 31481829, "competitionId": 30067, "createTime": {"seconds": 1637476415}, "endTime": {"seconds": 1637476415}, "agents": [{"id": 78058256, "state": 2, "submissionId": 23642602, "reward": 30004, "index": 0, "initialScore": 1744.199187677655, "initialConfidence": 35.0, "updatedScore": 1740.6207978650127, "updatedConfidence": 35.0, "teamId": 99999}, {"id": 78058257, "state": 2, "submissionId": 23825143, "reward": 200005, "index": 1, "initialScore": 1802.5092678983483, "initialConfidence": 35.0, "updatedScore": 1806.0876577109905, "updatedConfidence": 35.0, "teamId": 99999}]}