{"id": 28986453, "competitionId": 30067, "createTime": {"seconds": 1635167846}, "endTime": {"seconds": 1635167846}, "agents": [{"id": 73069506, "state": 2, "submissionId": 23297953, "reward": 550013, "index": 0, "initialScore": 1786.30666846921, "initialConfidence": 35.0, "updatedScore": 1789.0644747705326, "updatedConfidence": 35.0, "teamId": 99999}, {"id": 73069507, "state": 2, "submissionId": 23308353, "reward": 10002, "index": 1, "initialScore": 1669.1404228099857, "initialConfidence": 35.0, "updatedScore": 1666.3826165086632, "updatedConfidence": 35.0, "teamId": 99999}]}