{"id": 30094508, "competitionId": 30067, "createTime": {"seconds": 1636320578}, "endTime": {"seconds": 1636320578}, "agents": [{"id": 75283614, "state": 2, "submissionId": 23281649, "reward": 320025, "index": 0, "initialScore": 1944.9403419145533, "initialConfidence": 35.0, "updatedScore": 1946.8934401838635, "updatedConfidence": 35.0, "teamId": 99999}, {"id": 75283615, "state": 2, "submissionId": 23554491, "reward": 150012, "index": 1, "initialScore": 1760.0474243034903, "initialConfidence": 35.0, "updatedScore": 1758.0943260341803, "updatedConfidence": 35.0, "teamId": 99999}]}