{"id": 31413729, "competitionId": 30067, "createTime": {"seconds": 1637425056}, "endTime": {"seconds": 1637425056}, "agents": [{"id": 77922056, "state": 2, "submissionId": 23608696, "reward": 1150115, "index": 0, "initialScore": 1773.6049803796457, "initialConfidence": 35.0, "updatedScore": 1769.595041525178, "updatedConfidence": 35.0, "teamId": 99999}, {"id": 77922057, "state": 2, "submissionId": 23825329, "reward": 1520150, "index": 1, "initialScore": 1803.609054703457, "initialConfidence": 35.0, "updatedScore": 1807.618993557925, "updatedConfidence": 35.0, "teamId": 99999}]}