{"id": 30741089, "competitionId": 30067, "createTime": {"seconds": 1636886886}, "endTime": {"seconds": 1636886886}, "agents": [{"id": 76576776, "state": 2, "submissionId": 23281649, "reward": 750059, "index": 0, "initialScore": 1982.9483001356111, "initialConfidence": 35.0, "updatedScore": 1973.97423432102, "updatedConfidence": 35.0, "teamId": 99999}, {"id": 76576777, "state": 2, "submissionId": 23642597, "reward": 1300059, "index": 1, "initialScore": 1746.6505150780747, "initialConfidence": 35.0, "updatedScore": 1755.6245808926662, "updatedConfidence": 35.0, "teamId": 99999}]}