{"id": 29319779, "competitionId": 30067, "createTime": {"seconds": 1635528797}, "endTime": {"seconds": 1635528797}, "agents": [{"id": 73734158, "state": 2, "submissionId": 23297953, "reward": 1070045, "index": 0, "initialScore": 1872.596388535324, "initialConfidence": 35.0, "updatedScore": 1874.7932006962649, "updatedConfidence": 35.0, "teamId": 99999}, {"id": 73734159, "state": 2, "submissionId": 23323058, "reward": 190021, "index": 1, "initialScore": 1709.6528083157054, "initialConfidence": 35.0, "updatedScore": 1707.4559961547648, "updatedConfidence": 35.0, "teamId": 99999}]}