{"id": 30420774, "competitionId": 30067, "createTime": {"seconds": 1636612884}, "endTime": {"seconds": 1636612884}, "agents": [{"id": 75936146, "state": 2, "submissionId": 23692494, "reward": 930073, "index": 0, "initialScore": 1154.9922650319245, "initialConfidence": 77.06153987159688, "updatedScore": 1170.4184792713838, "updatedConfidence": 74.58454428909818, "teamId": 99999}, {"id": 75936147, "state": 2, "submissionId": 23005722, "reward": 0, "index": 1, "initialScore": 1076.471498101691, "initialConfidence": 35.0, "updatedScore": 1073.2893522508546, "updatedConfidence": 35.0, "teamId": 99999}]}