{"id": 31439958, "competitionId": 30067, "createTime": {"seconds": 1637444972}, "endTime": {"seconds": 1637444972}, "agents": [{"id": 77974514, "state": 2, "submissionId": 23543917, "reward": 60004, "index": 0, "initialScore": 1690.185093127023, "initialConfidence": 35.0, "updatedScore": 1686.7266298838747, "updatedConfidence": 35.0, "teamId": 99999}, {"id": 77974515, "state": 2, "submissionId": 23825370, "reward": 310012, "index": 1, "initialScore": 1756.6432149643686, "initialConfidence": 35.0, "updatedScore": 1760.101678207517, "updatedConfidence": 35.0, "teamId": 99999}]}