{"id": 31750154, "competitionId": 30067, "createTime": {"seconds": 1637675788}, "endTime": {"seconds": 1637675788}, "agents": [{"id": 78594906, "state": 2, "submissionId": 23825266, "reward": 140009, "index": 0, "initialScore": 1844.528347496238, "initialConfidence": 35.0, "updatedScore": 1848.1999812299132, "updatedConfidence": 35.0, "teamId": 99999}, {"id": 78594907, "state": 2, "submissionId": 23032370, "reward": 2, "index": 1, "initialScore": 1792.4637278273328, "initialConfidence": 35.0, "updatedScore": 1788.7920940936574, "updatedConfidence": 35.0, "teamId": 99999}]}