{"id": 30521121, "competitionId": 30067, "createTime": {"seconds": 1636699829}, "endTime": {"seconds": 1636699829}, "agents": [{"id": 76136840, "state": 2, "submissionId": 23297953, "reward": 580015, "index": 0, "initialScore": 2021.1851992205088, "initialConfidence": 35.0, "updatedScore": 2022.514345491504, "updatedConfidence": 35.0, "teamId": 99999}, {"id": 76136841, "state": 2, "submissionId": 23323058, "reward": 20002, "index": 1, "initialScore": 1764.8934189025942, "initialConfidence": 35.0, "updatedScore": 1763.5642726315991, "updatedConfidence": 35.0, "teamId": 99999}]}