{"id": 31339658, "competitionId": 30067, "createTime": {"seconds": 1637368288}, "endTime": {"seconds": 1637368288}, "agents": [{"id": 77773914, "state": 2, "submissionId": 23500163, "reward": 60006, "index": 0, "initialScore": 1661.7740118352615, "initialConfidence": 35.0, "updatedScore": 1659.1761939554094, "updatedConfidence": 35.0, "teamId": 99999}, {"id": 77773915, "state": 2, "submissionId": 23825329, "reward": 250023, "index": 1, "initialScore": 1791.4295754261389, "initialConfidence": 35.0, "updatedScore": 1794.0273933059912, "updatedConfidence": 35.0, "teamId": 99999}]}