{"id": 31105397, "competitionId": 30067, "createTime": {"seconds": 1637184898}, "endTime": {"seconds": 1637184898}, "agents": [{"id": 77305392, "state": 2, "submissionId": 23825329, "reward": 400040, "index": 0, "initialScore": 1779.4245863244605, "initialConfidence": 35.737287412428415, "updatedScore": 1782.3427267678398, "updatedConfidence": 35.49233125068029, "teamId": 99999}, {"id": 77305393, "state": 2, "submissionId": 23457402, "reward": 0, "index": 1, "initialScore": 1665.4639761025132, "initialConfidence": 35.0, "updatedScore": 1662.6650005284098, "updatedConfidence": 35.0, "teamId": 99999}]}