{"id": 31910336, "competitionId": 30067, "createTime": {"seconds": 1637789800}, "endTime": {"seconds": 1637789800}, "agents": [{"id": 78915270, "state": 2, "submissionId": 23674349, "reward": 620054, "index": 0, "initialScore": 1726.1691815028205, "initialConfidence": 35.0, "updatedScore": 1723.248665189609, "updatedConfidence": 35.0, "teamId": 99999}, {"id": 78915271, "state": 2, "submissionId": 23825266, "reward": 1070101, "index": 1, "initialScore": 1831.021416694606, "initialConfidence": 35.0, "updatedScore": 1833.9419330078167, "updatedConfidence": 35.0, "teamId": 99999}]}