{"id": 32105261, "competitionId": 30067, "createTime": {"seconds": 1637926447}, "endTime": {"seconds": 1637926447}, "agents": [{"id": 79305120, "state": 2, "submissionId": 23825329, "reward": 1400137, "index": 0, "initialScore": 1859.1896353305076, "initialConfidence": 35.0, "updatedScore": 1856.7596196735687, "updatedConfidence": 35.0, "teamId": 99999}, {"id": 79305121, "state": 2, "submissionId": 23692494, "reward": 2920062, "index": 1, "initialScore": 2002.4005736601064, "initialConfidence": 35.0, "updatedScore": 2004.830589317045, "updatedConfidence": 35.0, "teamId": 99999}]}