{"id": 31965080, "competitionId": 30067, "createTime": {"seconds": 1637827964}, "endTime": {"seconds": 1637827964}, "agents": [{"id": 79024758, "state": 2, "submissionId": 23825329, "reward": 290024, "index": 0, "initialScore": 1833.446053394085, "initialConfidence": 35.0, "updatedScore": 1836.6883817936605, "updatedConfidence": 35.0, "teamId": 99999}, {"id": 79024759, "state": 2, "submissionId": 23674338, "reward": 30002, "index": 1, "initialScore": 1751.9484787099163, "initialConfidence": 35.0, "updatedScore": 1748.7061503103412, "updatedConfidence": 35.0, "teamId": 99999}]}