{"id": 30898186, "competitionId": 30067, "createTime": {"seconds": 1637017111}, "endTime": {"seconds": 1637017111}, "agents": [{"id": 76890970, "state": 2, "submissionId": 23692494, "reward": 1040025, "index": 0, "initialScore": 1755.6585164604835, "initialConfidence": 35.0, "updatedScore": 1760.0586129439812, "updatedConfidence": 35.0, "teamId": 99999}, {"id": 76890971, "state": 2, "submissionId": 23674317, "reward": 0, "index": 1, "initialScore": 1750.0757500830468, "initialConfidence": 35.0, "updatedScore": 1745.6756535995494, "updatedConfidence": 35.0, "teamId": 99999}]}