{"id": 31896893, "competitionId": 30067, "createTime": {"seconds": 1637780145}, "endTime": {"seconds": 1637780145}, "agents": [{"id": 78888384, "state": 2, "submissionId": 23825329, "reward": 1280128, "index": 0, "initialScore": 1818.7935068057768, "initialConfidence": 35.0, "updatedScore": 1822.2511513171328, "updatedConfidence": 35.0, "teamId": 99999}, {"id": 78888385, "state": 2, "submissionId": 23790156, "reward": 1070039, "index": 1, "initialScore": 1752.2792950700032, "initialConfidence": 35.0, "updatedScore": 1748.8216505586474, "updatedConfidence": 35.0, "teamId": 99999}]}