{"id": 30607847, "competitionId": 30067, "createTime": {"seconds": 1636774505}, "endTime": {"seconds": 1636774505}, "agents": [{"id": 76310292, "state": 2, "submissionId": 23554433, "reward": 210004, "index": 0, "initialScore": 1757.5420797664535, "initialConfidence": 35.0, "updatedScore": 1756.2129334954584, "updatedConfidence": 35.0, "teamId": 99999}, {"id": 76310293, "state": 2, "submissionId": 23297953, "reward": 900024, "index": 1, "initialScore": 2031.8183693884696, "initialConfidence": 35.0, "updatedScore": 2033.147515659465, "updatedConfidence": 35.0, "teamId": 99999}]}