{"id": 32035085, "competitionId": 30067, "createTime": {"seconds": 1637877176}, "endTime": {"seconds": 1637877176}, "agents": [{"id": 79164768, "state": 2, "submissionId": 23692494, "reward": 15, "index": 0, "initialScore": 2009.7577374777784, "initialConfidence": 35.0, "updatedScore": 2002.483164659422, "updatedConfidence": 35.0, "teamId": 99999}, {"id": 79164769, "state": 2, "submissionId": 23825266, "reward": 1540143, "index": 1, "initialScore": 1856.7813450690076, "initialConfidence": 35.0, "updatedScore": 1864.055917887364, "updatedConfidence": 35.0, "teamId": 99999}]}