{"id": 31088175, "competitionId": 30067, "createTime": {"seconds": 1637171186}, "endTime": {"seconds": 1637171186}, "agents": [{"id": 77270947, "state": 2, "submissionId": 23825266, "reward": 510048, "index": 0, "initialScore": 1648.1278352919237, "initialConfidence": 36.70730168488215, "updatedScore": 1652.7685325720868, "updatedConfidence": 36.38332449596929, "teamId": 99999}, {"id": 77270949, "state": 2, "submissionId": 23486372, "reward": 90008, "index": 1, "initialScore": 1631.6555861087145, "initialConfidence": 35.0, "updatedScore": 1627.4365386946668, "updatedConfidence": 35.0, "teamId": 99999}]}