{"id": 29429291, "competitionId": 30067, "createTime": {"seconds": 1635643136}, "endTime": {"seconds": 1635643136}, "agents": [{"id": 73953182, "state": 2, "submissionId": 23430612, "reward": 290029, "index": 0, "initialScore": 1685.622325387928, "initialConfidence": 35.0, "updatedScore": 1683.8516870643805, "updatedConfidence": 35.0, "teamId": 99999}, {"id": 73953183, "state": 2, "submissionId": 23281649, "reward": 490036, "index": 1, "initialScore": 1888.0299574917376, "initialConfidence": 35.0, "updatedScore": 1889.8005958152853, "updatedConfidence": 35.0, "teamId": 99999}]}