{"id": 31375889, "competitionId": 30067, "createTime": {"seconds": 1637396326}, "endTime": {"seconds": 1637396326}, "agents": [{"id": 77846376, "state": 2, "submissionId": 23825224, "reward": 610056, "index": 0, "initialScore": 1834.186322577796, "initialConfidence": 35.0, "updatedScore": 1841.8889486825235, "updatedConfidence": 35.0, "teamId": 99999}, {"id": 77846377, "state": 2, "submissionId": 23297953, "reward": 200017, "index": 1, "initialScore": 2008.6598573942024, "initialConfidence": 35.0, "updatedScore": 2000.957231289475, "updatedConfidence": 35.0, "teamId": 99999}]}