{"id": 30982030, "competitionId": 30067, "createTime": {"seconds": 1637085789}, "endTime": {"seconds": 1637085789}, "agents": [{"id": 77058658, "state": 2, "submissionId": 23825266, "reward": 620051, "index": 0, "initialScore": 1529.3992813101986, "initialConfidence": 46.844959568002736, "updatedScore": 1536.5426311746608, "updatedConfidence": 46.19568438514092, "teamId": 99999}, {"id": 77058659, "state": 2, "submissionId": 23318610, "reward": 10001, "index": 1, "initialScore": 1500.2639820022018, "initialConfidence": 35.0, "updatedScore": 1496.276375704865, "updatedConfidence": 35.0, "teamId": 99999}]}