{"id": 31439959, "competitionId": 30067, "createTime": {"seconds": 1637444972}, "endTime": {"seconds": 1637444972}, "agents": [{"id": 77974516, "state": 2, "submissionId": 23674317, "reward": 120011, "index": 0, "initialScore": 1774.110390557407, "initialConfidence": 35.0, "updatedScore": 1769.3859935715889, "updatedConfidence": 35.0, "teamId": 99999}, {"id": 77974517, "state": 2, "submissionId": 23825370, "reward": 280025, "index": 1, "initialScore": 1760.101678207517, "initialConfidence": 35.0, "updatedScore": 1764.826075193335, "updatedConfidence": 35.0, "teamId": 99999}]}