{"id": 30422150, "competitionId": 30067, "createTime": {"seconds": 1636614084}, "endTime": {"seconds": 1636614084}, "agents": [{"id": 75938898, "state": 2, "submissionId": 23090570, "reward": 30004, "index": 0, "initialScore": 1185.2296653805297, "initialConfidence": 35.0, "updatedScore": 1181.6394224708465, "updatedConfidence": 35.0, "teamId": 99999}, {"id": 75938899, "state": 2, "submissionId": 23692494, "reward": 2310048, "index": 1, "initialScore": 1236.5897485876828, "initialConfidence": 65.93524727901823, "updatedScore": 1249.3313208917716, "updatedConfidence": 64.25741365414335, "teamId": 99999}]}