{"id": 31592172, "competitionId": 30067, "createTime": {"seconds": 1637558520}, "endTime": {"seconds": 1637558520}, "agents": [{"id": 78278942, "state": 2, "submissionId": 23825329, "reward": 100008, "index": 0, "initialScore": 1839.409916967559, "initialConfidence": 35.0, "updatedScore": 1842.3877444052512, "updatedConfidence": 35.0, "teamId": 99999}, {"id": 78278943, "state": 2, "submissionId": 23642618, "reward": 0, "index": 1, "initialScore": 1738.8095749255729, "initialConfidence": 35.0, "updatedScore": 1735.8317474878806, "updatedConfidence": 35.0, "teamId": 99999}]}