{"id": 29420025, "competitionId": 30067, "createTime": {"seconds": 1635633771}, "endTime": {"seconds": 1635633771}, "agents": [{"id": 73934650, "state": 2, "submissionId": 23281649, "reward": 120007, "index": 0, "initialScore": 1886.3320309941737, "initialConfidence": 35.0, "updatedScore": 1888.0299574917376, "updatedConfidence": 35.0, "teamId": 99999}, {"id": 73934651, "state": 2, "submissionId": 23228794, "reward": 10001, "index": 1, "initialScore": 1676.641205481768, "initialConfidence": 35.0, "updatedScore": 1674.943278984204, "updatedConfidence": 35.0, "teamId": 99999}]}