{"id": 30978174, "competitionId": 30067, "createTime": {"seconds": 1637082414}, "endTime": {"seconds": 1637082414}, "agents": [{"id": 77050946, "state": 2, "submissionId": 23825143, "reward": 930088, "index": 0, "initialScore": 1524.5903724564355, "initialConfidence": 55.42264658106058, "updatedScore": 1529.9225151106502, "updatedConfidence": 54.65544041946856, "teamId": 99999}, {"id": 77050947, "state": 2, "submissionId": 23179634, "reward": 0, "index": 1, "initialScore": 1355.891933269579, "initialConfidence": 35.0, "updatedScore": 1353.765443355485, "updatedConfidence": 35.0, "teamId": 99999}]}