{"id": 29020271, "competitionId": 30067, "createTime": {"seconds": 1635205634}, "endTime": {"seconds": 1635205634}, "agents": [{"id": 73137142, "state": 2, "submissionId": 23308353, "reward": 110011, "index": 0, "initialScore": 1659.380249674927, "initialConfidence": 35.0, "updatedScore": 1657.0436254964166, "updatedConfidence": 35.0, "teamId": 99999}, {"id": 73137143, "state": 2, "submissionId": 23281649, "reward": 320018, "index": 1, "initialScore": 1810.3600451621755, "initialConfidence": 35.0, "updatedScore": 1812.6966693406855, "updatedConfidence": 35.0, "teamId": 99999}]}