{"id": 28744351, "competitionId": 30067, "createTime": {"seconds": 1634892921}, "endTime": {"seconds": 1634892921}, "agents": [{"id": 72585302, "state": 2, "submissionId": 23281649, "reward": 130014, "index": 0, "initialScore": 1739.5636014042293, "initialConfidence": 35.0, "updatedScore": 1742.7686535910325, "updatedConfidence": 35.0, "teamId": 99999}, {"id": 72585303, "state": 2, "submissionId": 23323058, "reward": 110011, "index": 1, "initialScore": 1655.4226970293105, "initialConfidence": 35.0, "updatedScore": 1652.2176448425075, "updatedConfidence": 35.0, "teamId": 99999}]}