{"id": 28480660, "competitionId": 30067, "createTime": {"seconds": 1634574029}, "endTime": {"seconds": 1634574029}, "agents": [{"id": 72057920, "state": 3, "submissionId": 22701987, "reward": 0, "index": 0, "initialScore": 993.2473746914576, "initialConfidence": 35.0, "updatedScore": 990.3332477415596, "updatedConfidence": 35.0, "teamId": 99999}, {"id": 72057921, "state": 2, "submissionId": 23297953, "reward": 260008, "index": 1, "initialScore": 1090.2858031035012, "initialConfidence": 88.53424875808831, "updatedScore": 1108.9322028970262, "updatedConfidence": 85.02138454509969, "teamId": 99999}]}