{"id": 30729392, "competitionId": 30067, "createTime": {"seconds": 1636877047}, "endTime": {"seconds": 1636877047}, "agents": [{"id": 76553382, "state": 2, "submissionId": 23297953, "reward": 570012, "index": 0, "initialScore": 2035.8467431826896, "initialConfidence": 35.0, "updatedScore": 2037.1758894536847, "updatedConfidence": 35.0, "teamId": 99999}, {"id": 76553383, "state": 2, "submissionId": 23542431, "reward": 220022, "index": 1, "initialScore": 1760.6268662381142, "initialConfidence": 35.0, "updatedScore": 1759.297719967119, "updatedConfidence": 35.0, "teamId": 99999}]}