{"id": 30968537, "competitionId": 30067, "createTime": {"seconds": 1637074501}, "endTime": {"seconds": 1637074501}, "agents": [{"id": 77031672, "state": 2, "submissionId": 23642597, "reward": 2, "index": 0, "initialScore": 1759.778967265877, "initialConfidence": 35.0, "updatedScore": 1755.906755368361, "updatedConfidence": 35.0, "teamId": 99999}, {"id": 77031673, "state": 2, "submissionId": 23692494, "reward": 430023, "index": 1, "initialScore": 1798.6562906762188, "initialConfidence": 35.0, "updatedScore": 1802.5285025737348, "updatedConfidence": 35.0, "teamId": 99999}]}