{"id": 30586319, "competitionId": 30067, "createTime": {"seconds": 1636755998}, "endTime": {"seconds": 1636755998}, "agents": [{"id": 76267236, "state": 2, "submissionId": 23297953, "reward": 140013, "index": 0, "initialScore": 2029.16007684648, "initialConfidence": 35.0, "updatedScore": 2030.4892231174747, "updatedConfidence": 35.0, "teamId": 99999}, {"id": 76267237, "state": 2, "submissionId": 23323058, "reward": 2, "index": 1, "initialScore": 1766.212623664402, "initialConfidence": 35.0, "updatedScore": 1764.8834773934068, "updatedConfidence": 35.0, "teamId": 99999}]}