{"id": 29062617, "competitionId": 30067, "createTime": {"seconds": 1635252202}, "endTime": {"seconds": 1635252202}, "agents": [{"id": 73221834, "state": 2, "submissionId": 23281649, "reward": 70007, "index": 0, "initialScore": 1825.835119976836, "initialConfidence": 35.0, "updatedScore": 1828.6158200189816, "updatedConfidence": 35.0, "teamId": 99999}, {"id": 73221835, "state": 2, "submissionId": 23323058, "reward": 50005, "index": 1, "initialScore": 1710.424144085731, "initialConfidence": 35.0, "updatedScore": 1707.6434440435853, "updatedConfidence": 35.0, "teamId": 99999}]}