{"id": 28414898, "competitionId": 30067, "createTime": {"seconds": 1634491682}, "endTime": {"seconds": 1634491682}, "agents": [{"id": 71926396, "state": 2, "submissionId": 23281649, "reward": 20004, "index": 0, "initialScore": 1452.5804110915258, "initialConfidence": 47.52041636215939, "updatedScore": 1459.670716073352, "updatedConfidence": 46.85435020443334, "teamId": 99999}, {"id": 71926397, "state": 2, "submissionId": 23214084, "reward": 1, "index": 1, "initialScore": 1414.3127758871635, "initialConfidence": 35.0, "updatedScore": 1410.4664991286168, "updatedConfidence": 35.0, "teamId": 99999}]}