{"id": 29782366, "competitionId": 30067, "createTime": {"seconds": 1636027116}, "endTime": {"seconds": 1636027116}, "agents": [{"id": 74659330, "state": 2, "submissionId": 23297953, "reward": 1120043, "index": 0, "initialScore": 1940.211642663933, "initialConfidence": 35.0, "updatedScore": 1941.9098765278804, "updatedConfidence": 35.0, "teamId": 99999}, {"id": 74659331, "state": 2, "submissionId": 23323058, "reward": 510051, "index": 1, "initialScore": 1730.5520018854124, "initialConfidence": 35.0, "updatedScore": 1728.853768021465, "updatedConfidence": 35.0, "teamId": 99999}]}