{"id": 31816410, "competitionId": 30067, "createTime": {"seconds": 1637723266}, "endTime": {"seconds": 1637723266}, "agents": [{"id": 78727418, "state": 2, "submissionId": 23825266, "reward": 1100093, "index": 0, "initialScore": 1834.9176496664568, "initialConfidence": 35.0, "updatedScore": 1832.50931207325, "updatedConfidence": 35.0, "teamId": 99999}, {"id": 78727419, "state": 2, "submissionId": 23692494, "reward": 1230058, "index": 1, "initialScore": 1979.9168858413689, "initialConfidence": 35.0, "updatedScore": 1982.325223434576, "updatedConfidence": 35.0, "teamId": 99999}]}