{"id": 28479969, "competitionId": 30067, "createTime": {"seconds": 1634573075}, "endTime": {"seconds": 1634573075}, "agents": [{"id": 72056538, "state": 2, "submissionId": 23058227, "reward": 0, "index": 0, "initialScore": 790.7952707413878, "initialConfidence": 35.0, "updatedScore": 788.1565793562144, "updatedConfidence": 35.0, "teamId": 99999}, {"id": 72056539, "state": 2, "submissionId": 23297953, "reward": 350022, "index": 1, "initialScore": 902.1323384268404, "initialConfidence": 127.07858189286426, "updatedScore": 936.9177567126108, "updatedConfidence": 118.05690359639496, "teamId": 99999}]}