{"id": 30983813, "competitionId": 30067, "createTime": {"seconds": 1637087235}, "endTime": {"seconds": 1637087235}, "agents": [{"id": 77062224, "state": 2, "submissionId": 23599016, "reward": 0, "index": 0, "initialScore": 1540.3926345777757, "initialConfidence": 35.0, "updatedScore": 1537.8778935896578, "updatedConfidence": 35.0, "teamId": 99999}, {"id": 77062225, "state": 2, "submissionId": 23825329, "reward": 1530145, "index": 1, "initialScore": 1676.188622095926, "initialConfidence": 44.03519653288046, "updatedScore": 1680.1693001062672, "updatedConfidence": 43.6062550867998, "teamId": 99999}]}