{"id": 30351414, "competitionId": 30067, "createTime": {"seconds": 1636551748}, "endTime": {"seconds": 1636551748}, "agents": [{"id": 75797426, "state": 2, "submissionId": 23297953, "reward": 1040029, "index": 0, "initialScore": 1998.123749580542, "initialConfidence": 35.0, "updatedScore": 1999.4851572235784, "updatedConfidence": 35.0, "teamId": 99999}, {"id": 75797427, "state": 2, "submissionId": 23323058, "reward": 350035, "index": 1, "initialScore": 1751.9148399280168, "initialConfidence": 35.0, "updatedScore": 1750.5534322849803, "updatedConfidence": 35.0, "teamId": 99999}]}