{"id": 30424626, "competitionId": 30067, "createTime": {"seconds": 1636616247}, "endTime": {"seconds": 1636616247}, "agents": [{"id": 75943850, "state": 2, "submissionId": 23202406, "reward": 0, "index": 0, "initialScore": 1203.0516775144429, "initialConfidence": 35.0, "updatedScore": 1200.46180694955, "updatedConfidence": 35.0, "teamId": 99999}, {"id": 75943851, "state": 2, "submissionId": 23692494, "reward": 560044, "index": 1, "initialScore": 1331.9323083312772, "initialConfidence": 54.2787610855836, "updatedScore": 1338.1610715755903, "updatedConfidence": 53.47266481408383, "teamId": 99999}]}