{"id": 31194227, "competitionId": 30067, "createTime": {"seconds": 1637255437}, "endTime": {"seconds": 1637255437}, "agents": [{"id": 77483052, "state": 2, "submissionId": 23760238, "reward": 810080, "index": 0, "initialScore": 1728.8385814835935, "initialConfidence": 35.0, "updatedScore": 1734.6132324751327, "updatedConfidence": 35.0, "teamId": 99999}, {"id": 77483053, "state": 2, "submissionId": 23825329, "reward": 790079, "index": 1, "initialScore": 1802.8153927165135, "initialConfidence": 35.0, "updatedScore": 1797.0407417249746, "updatedConfidence": 35.0, "teamId": 99999}]}