{"id": 28410681, "competitionId": 30067, "createTime": {"seconds": 1634486371}, "endTime": {"seconds": 1634486371}, "agents": [{"id": 71917962, "state": 2, "submissionId": 22726318, "reward": 0, "index": 0, "initialScore": 1130.6838452131665, "initialConfidence": 35.0, "updatedScore": 1126.703118024351, "updatedConfidence": 35.0, "teamId": 99999}, {"id": 71917963, "state": 2, "submissionId": 23281649, "reward": 70009, "index": 1, "initialScore": 1148.032956177388, "initialConfidence": 85.19751579871628, "updatedScore": 1171.620362580657, "updatedConfidence": 81.53078395488939, "teamId": 99999}]}