{"id": 31490147, "competitionId": 30067, "createTime": {"seconds": 1637482656}, "endTime": {"seconds": 1637482656}, "agents": [{"id": 78074892, "state": 2, "submissionId": 23760238, "reward": 50005, "index": 0, "initialScore": 1758.443421240739, "initialConfidence": 35.0, "updatedScore": 1754.541724105829, "updatedConfidence": 35.0, "teamId": 99999}, {"id": 78074893, "state": 2, "submissionId": 23825266, "reward": 1430136, "index": 1, "initialScore": 1795.4091374754569, "initialConfidence": 35.0, "updatedScore": 1799.310834610367, "updatedConfidence": 35.0, "teamId": 99999}]}