{"id": 30426820, "competitionId": 30067, "createTime": {"seconds": 1636618164}, "endTime": {"seconds": 1636618164}, "agents": [{"id": 75948238, "state": 2, "submissionId": 23625543, "reward": 1, "index": 0, "initialScore": 1490.649595511457, "initialConfidence": 35.0, "updatedScore": 1484.6444804354678, "updatedConfidence": 35.0, "teamId": 99999}, {"id": 75948239, "state": 2, "submissionId": 23692494, "reward": 410010, "index": 1, "initialScore": 1399.5695289350767, "initialConfidence": 47.60650972402977, "updatedScore": 1410.6796279663902, "updatedConfidence": 46.80131563424962, "teamId": 99999}]}