{"id": 31938328, "competitionId": 30067, "createTime": {"seconds": 1637809251}, "endTime": {"seconds": 1637809251}, "agents": [{"id": 78971254, "state": 2, "submissionId": 23825329, "reward": 2080201, "index": 0, "initialScore": 1826.8940950029712, "initialConfidence": 35.0, "updatedScore": 1830.2652397404136, "updatedConfidence": 35.0, "teamId": 99999}, {"id": 78971255, "state": 2, "submissionId": 23642618, "reward": 1720085, "index": 1, "initialScore": 1754.41712894376, "initialConfidence": 35.0, "updatedScore": 1751.0459842063176, "updatedConfidence": 35.0, "teamId": 99999}]}