{"id": 31710148, "competitionId": 30067, "createTime": {"seconds": 1637646957}, "endTime": {"seconds": 1637646957}, "agents": [{"id": 78514894, "state": 2, "submissionId": 23281649, "reward": 780031, "index": 0, "initialScore": 1968.8085424305507, "initialConfidence": 35.0, "updatedScore": 1971.5816410920115, "updatedConfidence": 35.0, "teamId": 99999}, {"id": 78514895, "state": 2, "submissionId": 23770016, "reward": 60007, "index": 1, "initialScore": 1852.815616714216, "initialConfidence": 35.0, "updatedScore": 1850.0425180527548, "updatedConfidence": 35.0, "teamId": 99999}]}