{"id": 31598036, "competitionId": 30067, "createTime": {"seconds": 1637562840}, "endTime": {"seconds": 1637562840}, "agents": [{"id": 78290670, "state": 2, "submissionId": 23825370, "reward": 720072, "index": 0, "initialScore": 1768.8885441994082, "initialConfidence": 35.0, "updatedScore": 1771.5460844752777, "updatedConfidence": 35.0, "teamId": 99999}, {"id": 78290671, "state": 2, "submissionId": 23600395, "reward": 520052, "index": 1, "initialScore": 1643.9420998635983, "initialConfidence": 35.0, "updatedScore": 1641.2845595877288, "updatedConfidence": 35.0, "teamId": 99999}]}