{"id": 31683203, "competitionId": 30067, "createTime": {"seconds": 1637627493}, "endTime": {"seconds": 1637627493}, "agents": [{"id": 78461004, "state": 2, "submissionId": 23692494, "reward": 3370063, "index": 0, "initialScore": 1963.671905961688, "initialConfidence": 35.0, "updatedScore": 1966.5424748541, "updatedConfidence": 35.0, "teamId": 99999}, {"id": 78461005, "state": 2, "submissionId": 23825329, "reward": 1320129, "index": 1, "initialScore": 1855.0786840322075, "initialConfidence": 35.0, "updatedScore": 1852.2081151397952, "updatedConfidence": 35.0, "teamId": 99999}]}