{"id": 28484343, "competitionId": 30067, "createTime": {"seconds": 1634578590}, "endTime": {"seconds": 1634578590}, "agents": [{"id": 72065286, "state": 2, "submissionId": 23297953, "reward": 920035, "index": 0, "initialScore": 1362.3926104542124, "initialConfidence": 52.27674365311525, "updatedScore": 1370.640249289272, "updatedConfidence": 51.41152379992163, "teamId": 99999}, {"id": 72065287, "state": 2, "submissionId": 22985411, "reward": 30004, "index": 1, "initialScore": 1315.133467246836, "initialConfidence": 35.0, "updatedScore": 1311.436473900337, "updatedConfidence": 35.0, "teamId": 99999}]}