{"id": 31938293, "competitionId": 30067, "createTime": {"seconds": 1637809250}, "endTime": {"seconds": 1637809250}, "agents": [{"id": 78971184, "state": 2, "submissionId": 23297953, "reward": 830032, "index": 0, "initialScore": 1965.2663913639856, "initialConfidence": 35.0, "updatedScore": 1968.2566731899328, "updatedConfidence": 35.0, "teamId": 99999}, {"id": 78971185, "state": 2, "submissionId": 23825224, "reward": 400042, "index": 1, "initialScore": 1865.584440600119, "initialConfidence": 35.0, "updatedScore": 1862.594158774172, "updatedConfidence": 35.0, "teamId": 99999}]}