{"id": 29446893, "competitionId": 30067, "createTime": {"seconds": 1635661369}, "endTime": {"seconds": 1635661369}, "agents": [{"id": 73988386, "state": 2, "submissionId": 23323058, "reward": 250036, "index": 0, "initialScore": 1723.8345623650944, "initialConfidence": 35.0, "updatedScore": 1721.6748391768524, "updatedConfidence": 35.0, "teamId": 99999}, {"id": 73988387, "state": 2, "submissionId": 23297953, "reward": 1750043, "index": 1, "initialScore": 1890.0241045020364, "initialConfidence": 35.0, "updatedScore": 1892.1838276902783, "updatedConfidence": 35.0, "teamId": 99999}]}