{"id": 29177263, "competitionId": 30067, "createTime": {"seconds": 1635378311}, "endTime": {"seconds": 1635378311}, "agents": [{"id": 73449126, "state": 2, "submissionId": 23128925, "reward": 70007, "index": 0, "initialScore": 1649.1420510819469, "initialConfidence": 35.0, "updatedScore": 1647.2280288351376, "updatedConfidence": 35.0, "teamId": 99999}, {"id": 73449127, "state": 2, "submissionId": 23297953, "reward": 1060039, "index": 1, "initialScore": 1837.700871603226, "initialConfidence": 35.0, "updatedScore": 1839.6148938500355, "updatedConfidence": 35.0, "teamId": 99999}]}