{"id": 28935130, "competitionId": 30067, "createTime": {"seconds": 1635110692}, "endTime": {"seconds": 1635110692}, "agents": [{"id": 72966860, "state": 2, "submissionId": 23010508, "reward": 310031, "index": 0, "initialScore": 1636.7640700413808, "initialConfidence": 35.0, "updatedScore": 1634.1774689759425, "updatedConfidence": 35.0, "teamId": 99999}, {"id": 72966861, "state": 2, "submissionId": 23297953, "reward": 740025, "index": 1, "initialScore": 1767.3105786577023, "initialConfidence": 35.0, "updatedScore": 1769.8971797231409, "updatedConfidence": 35.0, "teamId": 99999}]}