{"id": 30575644, "competitionId": 30067, "createTime": {"seconds": 1636746878}, "endTime": {"seconds": 1636746878}, "agents": [{"id": 76245886, "state": 2, "submissionId": 23323058, "reward": 630063, "index": 0, "initialScore": 1763.8899385305942, "initialConfidence": 35.0, "updatedScore": 1762.560792259599, "updatedConfidence": 35.0, "teamId": 99999}, {"id": 76245887, "state": 2, "submissionId": 23297953, "reward": 2120051, "index": 1, "initialScore": 2027.8309305754844, "initialConfidence": 35.0, "updatedScore": 2029.16007684648, "updatedConfidence": 35.0, "teamId": 99999}]}