{"id": 31452300, "competitionId": 30067, "createTime": {"seconds": 1637454330}, "endTime": {"seconds": 1637454330}, "agents": [{"id": 77999198, "state": 2, "submissionId": 23790137, "reward": 1, "index": 0, "initialScore": 1676.9234778631378, "initialConfidence": 35.0, "updatedScore": 1673.7711013997318, "updatedConfidence": 35.0, "teamId": 99999}, {"id": 77999199, "state": 2, "submissionId": 23825370, "reward": 1820165, "index": 1, "initialScore": 1764.826075193335, "initialConfidence": 35.0, "updatedScore": 1767.978451656741, "updatedConfidence": 35.0, "teamId": 99999}]}