{"id": 31578958, "competitionId": 30067, "createTime": {"seconds": 1637548687}, "endTime": {"seconds": 1637548687}, "agents": [{"id": 78252514, "state": 2, "submissionId": 23825329, "reward": 240019, "index": 0, "initialScore": 1836.3938240254224, "initialConfidence": 35.0, "updatedScore": 1839.409916967559, "updatedConfidence": 35.0, "teamId": 99999}, {"id": 78252515, "state": 2, "submissionId": 23642611, "reward": 10001, "index": 1, "initialScore": 1738.6089624510507, "initialConfidence": 35.0, "updatedScore": 1735.5928695089144, "updatedConfidence": 35.0, "teamId": 99999}]}