{"id": 31010807, "competitionId": 30067, "createTime": {"seconds": 1637109137}, "endTime": {"seconds": 1637109137}, "agents": [{"id": 77116212, "state": 2, "submissionId": 22908160, "reward": 0, "index": 0, "initialScore": 1494.45251060702, "initialConfidence": 35.0, "updatedScore": 1491.3664817952094, "updatedConfidence": 35.0, "teamId": 99999}, {"id": 77116213, "state": 2, "submissionId": 23825370, "reward": 510021, "index": 1, "initialScore": 1586.5513840662074, "initialConfidence": 40.60567508586923, "updatedScore": 1590.705105409947, "updatedConfidence": 40.22945669321085, "teamId": 99999}]}