{"id": 31578959, "competitionId": 30067, "createTime": {"seconds": 1637548687}, "endTime": {"seconds": 1637548687}, "agents": [{"id": 78252516, "state": 2, "submissionId": 23825224, "reward": 270016, "index": 0, "initialScore": 1846.0767199050656, "initialConfidence": 35.0, "updatedScore": 1843.7364975847013, "updatedConfidence": 35.0, "teamId": 99999}, {"id": 78252517, "state": 2, "submissionId": 23297953, "reward": 560019, "index": 1, "initialScore": 1996.75402409514, "initialConfidence": 35.0, "updatedScore": 1999.094246415504, "updatedConfidence": 35.0, "teamId": 99999}]}