{"id": 31554444, "competitionId": 30067, "createTime": {"seconds": 1637530680}, "endTime": {"seconds": 1637530680}, "agents": [{"id": 78203486, "state": 2, "submissionId": 23790156, "reward": 650037, "index": 0, "initialScore": 1735.0151802935752, "initialConfidence": 35.0, "updatedScore": 1731.1940207835382, "updatedConfidence": 35.0, "teamId": 99999}, {"id": 78203487, "state": 2, "submissionId": 23825370, "reward": 1650016, "index": 1, "initialScore": 1777.2182870240283, "initialConfidence": 35.0, "updatedScore": 1781.0394465340653, "updatedConfidence": 35.0, "teamId": 99999}]}