{"id": 29159228, "competitionId": 30067, "createTime": {"seconds": 1635356964}, "endTime": {"seconds": 1635356964}, "agents": [{"id": 73414056, "state": 2, "submissionId": 23281649, "reward": 260005, "index": 0, "initialScore": 1843.985720380092, "initialConfidence": 35.0, "updatedScore": 1846.7366062942097, "updatedConfidence": 35.0, "teamId": 99999}, {"id": 73414057, "state": 2, "submissionId": 23323058, "reward": 10002, "index": 1, "initialScore": 1726.287369804923, "initialConfidence": 35.0, "updatedScore": 1723.5364838908051, "updatedConfidence": 35.0, "teamId": 99999}]}