{"id": 31992515, "competitionId": 30067, "createTime": {"seconds": 1637847162}, "endTime": {"seconds": 1637847162}, "agents": [{"id": 79079628, "state": 2, "submissionId": 23883219, "reward": 70007, "index": 0, "initialScore": 1723.134926897112, "initialConfidence": 35.0, "updatedScore": 1729.877312891707, "updatedConfidence": 35.0, "teamId": 99999}, {"id": 79079629, "state": 2, "submissionId": 23825266, "reward": 30003, "index": 1, "initialScore": 1848.796783448996, "initialConfidence": 35.0, "updatedScore": 1842.0543974544005, "updatedConfidence": 35.0, "teamId": 99999}]}