{"id": 31265552, "competitionId": 30067, "createTime": {"seconds": 1637310881}, "endTime": {"seconds": 1637310881}, "agents": [{"id": 77625702, "state": 2, "submissionId": 23032370, "reward": 210019, "index": 0, "initialScore": 1832.3400981878397, "initialConfidence": 35.0, "updatedScore": 1836.1848830900483, "updatedConfidence": 35.0, "teamId": 99999}, {"id": 77625703, "state": 2, "submissionId": 23825329, "reward": 170017, "index": 1, "initialScore": 1791.67858900008, "initialConfidence": 35.0, "updatedScore": 1787.8338040978708, "updatedConfidence": 35.0, "teamId": 99999}]}