{"id": 30299242, "competitionId": 30067, "createTime": {"seconds": 1636505634}, "endTime": {"seconds": 1636505634}, "agents": [{"id": 75693082, "state": 2, "submissionId": 23554491, "reward": 210010, "index": 0, "initialScore": 1770.0129703998412, "initialConfidence": 35.0, "updatedScore": 1768.418182240617, "updatedConfidence": 35.0, "teamId": 99999}, {"id": 75693083, "state": 2, "submissionId": 23297953, "reward": 600016, "index": 1, "initialScore": 1990.3712310379155, "initialConfidence": 35.0, "updatedScore": 1991.9660191971395, "updatedConfidence": 35.0, "teamId": 99999}]}