{"id": 30979658, "competitionId": 30067, "createTime": {"seconds": 1637083869}, "endTime": {"seconds": 1637083869}, "agents": [{"id": 77053914, "state": 2, "submissionId": 23139746, "reward": 0, "index": 0, "initialScore": 1565.3465579921528, "initialConfidence": 35.0, "updatedScore": 1560.749432744086, "updatedConfidence": 35.0, "teamId": 99999}, {"id": 77053915, "state": 2, "submissionId": 23825143, "reward": 520027, "index": 1, "initialScore": 1554.5488651969329, "initialConfidence": 51.92355339204584, "updatedScore": 1564.6665013888323, "updatedConfidence": 50.98834910095126, "teamId": 99999}]}