{"id": 28485319, "competitionId": 30067, "createTime": {"seconds": 1634579791}, "endTime": {"seconds": 1634579791}, "agents": [{"id": 72067238, "state": 2, "submissionId": 23114522, "reward": 100010, "index": 0, "initialScore": 1423.0119479487232, "initialConfidence": 35.0, "updatedScore": 1418.2427374739607, "updatedConfidence": 35.0, "teamId": 99999}, {"id": 72067239, "state": 2, "submissionId": 23297953, "reward": 930043, "index": 1, "initialScore": 1402.8400980739275, "initialConfidence": 48.28574297178773, "updatedScore": 1411.9172214202583, "updatedConfidence": 47.51834434971699, "teamId": 99999}]}