{"id": 29194896, "competitionId": 30067, "createTime": {"seconds": 1635397085}, "endTime": {"seconds": 1635397085}, "agents": [{"id": 73484392, "state": 2, "submissionId": 23297953, "reward": 550012, "index": 0, "initialScore": 1841.6939976068852, "initialConfidence": 35.0, "updatedScore": 1843.6084703970987, "updatedConfidence": 35.0, "teamId": 99999}, {"id": 73484393, "state": 2, "submissionId": 23143395, "reward": 50010, "index": 1, "initialScore": 1653.1776965036497, "initialConfidence": 35.0, "updatedScore": 1651.2632237134364, "updatedConfidence": 35.0, "teamId": 99999}]}