{"id": 31776781, "competitionId": 30067, "createTime": {"seconds": 1637695004}, "endTime": {"seconds": 1637695004}, "agents": [{"id": 78648160, "state": 2, "submissionId": 23032370, "reward": 40006, "index": 0, "initialScore": 1789.152897393913, "initialConfidence": 35.0, "updatedScore": 1784.9578438593053, "updatedConfidence": 35.0, "teamId": 99999}, {"id": 78648161, "state": 2, "submissionId": 23825370, "reward": 720066, "index": 1, "initialScore": 1807.4447797011808, "initialConfidence": 35.0, "updatedScore": 1811.6398332357885, "updatedConfidence": 35.0, "teamId": 99999}]}