{"id": 28413372, "competitionId": 30067, "createTime": {"seconds": 1634489732}, "endTime": {"seconds": 1634489732}, "agents": [{"id": 71923344, "state": 2, "submissionId": 23186336, "reward": 20003, "index": 0, "initialScore": 1337.714391697639, "initialConfidence": 35.0, "updatedScore": 1333.9098073760806, "updatedConfidence": 35.0, "teamId": 99999}, {"id": 71923345, "state": 2, "submissionId": 23281649, "reward": 160016, "index": 1, "initialScore": 1377.0315496418473, "initialConfidence": 55.14473600579403, "updatedScore": 1386.4760556910855, "updatedConfidence": 54.11942255281308, "teamId": 99999}]}