{"id": 31578960, "competitionId": 30067, "createTime": {"seconds": 1637548687}, "endTime": {"seconds": 1637548687}, "agents": [{"id": 78252518, "state": 2, "submissionId": 23674317, "reward": 1710052, "index": 0, "initialScore": 1754.223763342751, "initialConfidence": 35.0, "updatedScore": 1750.636955308993, "updatedConfidence": 35.0, "teamId": 99999}, {"id": 78252519, "state": 2, "submissionId": 23825266, "reward": 2490055, "index": 1, "initialScore": 1811.9668436796069, "initialConfidence": 35.0, "updatedScore": 1815.5536517133648, "updatedConfidence": 35.0, "teamId": 99999}]}