{"id": 32077733, "competitionId": 30067, "createTime": {"seconds": 1637906984}, "endTime": {"seconds": 1637906984}, "agents": [{"id": 79250064, "state": 2, "submissionId": 23825329, "reward": 1160108, "index": 0, "initialScore": 1845.6225098147863, "initialConfidence": 35.0, "updatedScore": 1849.813304716973, "updatedConfidence": 35.0, "teamId": 99999}, {"id": 79250065, "state": 2, "submissionId": 23889524, "reward": 1120111, "index": 1, "initialScore": 1827.0638068105595, "initialConfidence": 35.0, "updatedScore": 1822.8730119083727, "updatedConfidence": 35.0, "teamId": 99999}]}