{"id": 28630032, "competitionId": 30067, "createTime": {"seconds": 1634757014}, "endTime": {"seconds": 1634757014}, "agents": [{"id": 72356664, "state": 2, "submissionId": 23297953, "reward": 820037, "index": 0, "initialScore": 1608.610559000965, "initialConfidence": 35.0, "updatedScore": 1612.2904520509244, "updatedConfidence": 35.0, "teamId": 99999}, {"id": 72356665, "state": 2, "submissionId": 23109751, "reward": 100004, "index": 1, "initialScore": 1557.0955099934909, "initialConfidence": 35.0, "updatedScore": 1553.4156169435314, "updatedConfidence": 35.0, "teamId": 99999}]}