{"id": 29831931, "competitionId": 30067, "createTime": {"seconds": 1636074797}, "endTime": {"seconds": 1636074797}, "agents": [{"id": 74758460, "state": 2, "submissionId": 23554491, "reward": 400040, "index": 0, "initialScore": 1741.6200768256424, "initialConfidence": 35.0, "updatedScore": 1739.633674197548, "updatedConfidence": 35.0, "teamId": 99999}, {"id": 74758461, "state": 2, "submissionId": 23281649, "reward": 540036, "index": 1, "initialScore": 1923.4226508883037, "initialConfidence": 35.0, "updatedScore": 1925.4090535163975, "updatedConfidence": 35.0, "teamId": 99999}]}