{"id": 31266345, "competitionId": 30067, "createTime": {"seconds": 1637311597}, "endTime": {"seconds": 1637311597}, "agents": [{"id": 77627288, "state": 2, "submissionId": 23825143, "reward": 320022, "index": 0, "initialScore": 1746.6989366194466, "initialConfidence": 35.0, "updatedScore": 1750.675171121079, "updatedConfidence": 35.0, "teamId": 99999}, {"id": 77627289, "state": 2, "submissionId": 23674349, "reward": 2, "index": 1, "initialScore": 1714.5364145097756, "initialConfidence": 35.0, "updatedScore": 1710.560180008143, "updatedConfidence": 35.0, "teamId": 99999}]}