{"id": 28687175, "competitionId": 30067, "createTime": {"seconds": 1634825063}, "endTime": {"seconds": 1634825063}, "agents": [{"id": 72470950, "state": 2, "submissionId": 23113401, "reward": 70009, "index": 0, "initialScore": 1621.0208030389697, "initialConfidence": 35.0, "updatedScore": 1617.8785842190557, "updatedConfidence": 35.0, "teamId": 99999}, {"id": 72470951, "state": 2, "submissionId": 23281649, "reward": 530022, "index": 1, "initialScore": 1709.6524021195116, "initialConfidence": 35.0, "updatedScore": 1712.7946209394256, "updatedConfidence": 35.0, "teamId": 99999}]}