{"id": 28842287, "competitionId": 30067, "createTime": {"seconds": 1635005781}, "endTime": {"seconds": 1635005781}, "agents": [{"id": 72781174, "state": 2, "submissionId": 23302588, "reward": 200019, "index": 0, "initialScore": 1685.091244963107, "initialConfidence": 35.0, "updatedScore": 1681.7025277122282, "updatedConfidence": 35.0, "teamId": 99999}, {"id": 72781175, "state": 2, "submissionId": 23281649, "reward": 410033, "index": 1, "initialScore": 1756.3508922864858, "initialConfidence": 35.0, "updatedScore": 1759.739609537365, "updatedConfidence": 35.0, "teamId": 99999}]}