{"id": 31643003, "competitionId": 30067, "createTime": {"seconds": 1637595786}, "endTime": {"seconds": 1637595786}, "agents": [{"id": 78380604, "state": 2, "submissionId": 23825329, "reward": 160022, "index": 0, "initialScore": 1851.443138275319, "initialConfidence": 35.0, "updatedScore": 1848.5163755304893, "updatedConfidence": 35.0, "teamId": 99999}, {"id": 78380605, "state": 2, "submissionId": 23692494, "reward": 630019, "index": 1, "initialScore": 1955.829870467834, "initialConfidence": 35.0, "updatedScore": 1958.7566332126637, "updatedConfidence": 35.0, "teamId": 99999}]}