{"id": 31265558, "competitionId": 30067, "createTime": {"seconds": 1637310881}, "endTime": {"seconds": 1637310881}, "agents": [{"id": 77625714, "state": 2, "submissionId": 23513419, "reward": 260026, "index": 0, "initialScore": 1673.0538230952982, "initialConfidence": 35.0, "updatedScore": 1669.0430227379156, "updatedConfidence": 35.0, "teamId": 99999}, {"id": 77625715, "state": 2, "submissionId": 23825370, "reward": 1660145, "index": 1, "initialScore": 1703.0028342042551, "initialConfidence": 35.0, "updatedScore": 1707.0136345616377, "updatedConfidence": 35.0, "teamId": 99999}]}