{"id": 31414878, "competitionId": 30067, "createTime": {"seconds": 1637426013}, "endTime": {"seconds": 1637426013}, "agents": [{"id": 77924354, "state": 2, "submissionId": 23674317, "reward": 30006, "index": 0, "initialScore": 1785.1989396905176, "initialConfidence": 35.0, "updatedScore": 1782.7438485279215, "updatedConfidence": 35.0, "teamId": 99999}, {"id": 77924355, "state": 2, "submissionId": 23692494, "reward": 720026, "index": 1, "initialScore": 1926.3522892821427, "initialConfidence": 35.0, "updatedScore": 1928.8073804447388, "updatedConfidence": 35.0, "teamId": 99999}]}