{"id": 31057856, "competitionId": 30067, "createTime": {"seconds": 1637146915}, "endTime": {"seconds": 1637146915}, "agents": [{"id": 77210310, "state": 2, "submissionId": 23825266, "reward": 1730169, "index": 0, "initialScore": 1631.494691520109, "initialConfidence": 37.80024194210581, "updatedScore": 1637.1611399702545, "updatedConfidence": 37.42482480306389, "teamId": 99999}, {"id": 77210311, "state": 2, "submissionId": 23516641, "reward": 30021, "index": 1, "initialScore": 1654.0709464159804, "initialConfidence": 35.0, "updatedScore": 1649.212942374765, "updatedConfidence": 35.0, "teamId": 99999}]}