{"id": 30707645, "competitionId": 30067, "createTime": {"seconds": 1636858778}, "endTime": {"seconds": 1636858778}, "agents": [{"id": 76509888, "state": 2, "submissionId": 23281649, "reward": 270019, "index": 0, "initialScore": 1978.2727060235268, "initialConfidence": 35.0, "updatedScore": 1979.907336058162, "updatedConfidence": 35.0, "teamId": 99999}, {"id": 76509889, "state": 2, "submissionId": 23554433, "reward": 20004, "index": 1, "initialScore": 1762.0844216529492, "initialConfidence": 35.0, "updatedScore": 1760.449791618314, "updatedConfidence": 35.0, "teamId": 99999}]}