{"id": 31145373, "competitionId": 30067, "createTime": {"seconds": 1637216747}, "endTime": {"seconds": 1637216747}, "agents": [{"id": 77385344, "state": 2, "submissionId": 23674317, "reward": 540038, "index": 0, "initialScore": 1795.0228614411394, "initialConfidence": 35.0, "updatedScore": 1792.8797860367793, "updatedConfidence": 35.0, "teamId": 99999}, {"id": 77385345, "state": 2, "submissionId": 23281649, "reward": 910030, "index": 1, "initialScore": 1962.6797883711693, "initialConfidence": 35.0, "updatedScore": 1964.8228637755292, "updatedConfidence": 35.0, "teamId": 99999}]}