{"id": 30134940, "competitionId": 30067, "createTime": {"seconds": 1636357360}, "endTime": {"seconds": 1636357360}, "agents": [{"id": 75364478, "state": 2, "submissionId": 23281649, "reward": 620031, "index": 0, "initialScore": 1952.2758196253928, "initialConfidence": 35.0, "updatedScore": 1954.2340111257931, "updatedConfidence": 35.0, "teamId": 99999}, {"id": 75364479, "state": 2, "submissionId": 23554491, "reward": 200008, "index": 1, "initialScore": 1767.857511396404, "initialConfidence": 35.0, "updatedScore": 1765.8993198960034, "updatedConfidence": 35.0, "teamId": 99999}]}