{"id": 29861759, "competitionId": 30067, "createTime": {"seconds": 1636103382}, "endTime": {"seconds": 1636103382}, "agents": [{"id": 74818116, "state": 2, "submissionId": 23323058, "reward": 630064, "index": 0, "initialScore": 1736.0181788450209, "initialConfidence": 35.0, "updatedScore": 1734.045408473179, "updatedConfidence": 35.0, "teamId": 99999}, {"id": 74818117, "state": 2, "submissionId": 23281649, "reward": 1020060, "index": 1, "initialScore": 1919.08198089398, "initialConfidence": 35.0, "updatedScore": 1921.0547512658216, "updatedConfidence": 35.0, "teamId": 99999}]}