{"id": 29036945, "competitionId": 30067, "createTime": {"seconds": 1635224118}, "endTime": {"seconds": 1635224118}, "agents": [{"id": 73170490, "state": 2, "submissionId": 23297953, "reward": 520038, "index": 0, "initialScore": 1804.3149074854268, "initialConfidence": 35.0, "updatedScore": 1807.5461127453304, "updatedConfidence": 35.0, "teamId": 99999}, {"id": 73170491, "state": 2, "submissionId": 23323058, "reward": 10001, "index": 1, "initialScore": 1722.0301618326096, "initialConfidence": 35.0, "updatedScore": 1718.7989565727062, "updatedConfidence": 35.0, "teamId": 99999}]}