{"id": 30977864, "competitionId": 30067, "createTime": {"seconds": 1637082174}, "endTime": {"seconds": 1637082174}, "agents": [{"id": 77050326, "state": 2, "submissionId": 23825266, "reward": 490043, "index": 0, "initialScore": 1386.1296098102223, "initialConfidence": 61.638177770586175, "updatedScore": 1400.3729287879717, "updatedConfidence": 60.09626583291713, "teamId": 99999}, {"id": 77050327, "state": 2, "submissionId": 23486675, "reward": 1, "index": 1, "initialScore": 1399.9641975012953, "initialConfidence": 35.0, "updatedScore": 1395.3717129189895, "updatedConfidence": 35.0, "teamId": 99999}]}