{"id": 30674787, "competitionId": 30067, "createTime": {"seconds": 1636831174}, "endTime": {"seconds": 1636831174}, "agents": [{"id": 76444172, "state": 2, "submissionId": 23642575, "reward": 280019, "index": 0, "initialScore": 1733.1029594576878, "initialConfidence": 35.0, "updatedScore": 1731.691048457264, "updatedConfidence": 35.0, "teamId": 99999}, {"id": 76444173, "state": 2, "submissionId": 23281649, "reward": 420013, "index": 1, "initialScore": 1973.4917750929744, "initialConfidence": 35.0, "updatedScore": 1974.9036860933984, "updatedConfidence": 35.0, "teamId": 99999}]}