{"id": 29087785, "competitionId": 30067, "createTime": {"seconds": 1635279857}, "endTime": {"seconds": 1635279857}, "agents": [{"id": 73272170, "state": 2, "submissionId": 23323058, "reward": 630063, "index": 0, "initialScore": 1717.173893913034, "initialConfidence": 35.0, "updatedScore": 1714.2445434916654, "updatedConfidence": 35.0, "teamId": 99999}, {"id": 73272171, "state": 2, "submissionId": 23297953, "reward": 1400056, "index": 1, "initialScore": 1821.3679354109315, "initialConfidence": 35.0, "updatedScore": 1824.2972858323, "updatedConfidence": 35.0, "teamId": 99999}]}