{"id": 30469243, "competitionId": 30067, "createTime": {"seconds": 1636654918}, "endTime": {"seconds": 1636654918}, "agents": [{"id": 76033084, "state": 2, "submissionId": 23281649, "reward": 520023, "index": 0, "initialScore": 1973.1081136619955, "initialConfidence": 35.0, "updatedScore": 1974.8489374222024, "updatedConfidence": 35.0, "teamId": 99999}, {"id": 76033085, "state": 2, "submissionId": 23554433, "reward": 210014, "index": 1, "initialScore": 1767.736586135502, "initialConfidence": 35.0, "updatedScore": 1765.995762375295, "updatedConfidence": 35.0, "teamId": 99999}]}