{"id": 30718093, "competitionId": 30067, "createTime": {"seconds": 1636867654}, "endTime": {"seconds": 1636867654}, "agents": [{"id": 76530784, "state": 2, "submissionId": 23554433, "reward": 570043, "index": 0, "initialScore": 1760.449791618314, "initialConfidence": 35.0, "updatedScore": 1759.120645347319, "updatedConfidence": 35.0, "teamId": 99999}, {"id": 76530785, "state": 2, "submissionId": 23297953, "reward": 1490049, "index": 1, "initialScore": 2034.5175969116945, "initialConfidence": 35.0, "updatedScore": 2035.8467431826896, "updatedConfidence": 35.0, "teamId": 99999}]}