{"id": 30976966, "competitionId": 30067, "createTime": {"seconds": 1637081455}, "endTime": {"seconds": 1637081455}, "agents": [{"id": 77048530, "state": 2, "submissionId": 23216048, "reward": 20002, "index": 0, "initialScore": 1327.1925793552402, "initialConfidence": 35.0, "updatedScore": 1323.1568780784546, "updatedConfidence": 35.0, "teamId": 99999}, {"id": 77048531, "state": 2, "submissionId": 23825370, "reward": 1380130, "index": 1, "initialScore": 1346.2881592903336, "initialConfidence": 70.8047146007044, "updatedScore": 1362.8042506546874, "updatedConfidence": 68.62900776856628, "teamId": 99999}]}