{"id": 31684504, "competitionId": 30067, "createTime": {"seconds": 1637628452}, "endTime": {"seconds": 1637628452}, "agents": [{"id": 78463606, "state": 2, "submissionId": 23825370, "reward": 400033, "index": 0, "initialScore": 1790.9718884090832, "initialConfidence": 35.0, "updatedScore": 1794.605364498154, "updatedConfidence": 35.0, "teamId": 99999}, {"id": 78463607, "state": 2, "submissionId": 23608696, "reward": 60006, "index": 1, "initialScore": 1736.3606697828886, "initialConfidence": 35.0, "updatedScore": 1732.727193693818, "updatedConfidence": 35.0, "teamId": 99999}]}