{"id": 30971010, "competitionId": 30067, "createTime": {"seconds": 1637076657}, "endTime": {"seconds": 1637076657}, "agents": [{"id": 77036618, "state": 2, "submissionId": 23825143, "reward": 350020, "index": 0, "initialScore": 600.0, "initialConfidence": 200.0, "updatedScore": 728.4435451381253, "updatedConfidence": 185.0, "teamId": 99999}, {"id": 77036619, "state": 2, "submissionId": 22596778, "reward": 0, "index": 1, "initialScore": 664.1747541808296, "initialConfidence": 35.0, "updatedScore": 660.2411706109746, "updatedConfidence": 35.0, "teamId": 99999}]}