{"id": 28517017, "competitionId": 30067, "createTime": {"seconds": 1634619519}, "endTime": {"seconds": 1634619519}, "agents": [{"id": 72130634, "state": 2, "submissionId": 23297953, "reward": 220023, "index": 0, "initialScore": 1518.4985223097308, "initialConfidence": 38.810184468617614, "updatedScore": 1523.2027436061337, "updatedConfidence": 38.44470446184322, "teamId": 99999}, {"id": 72130635, "state": 2, "submissionId": 23125408, "reward": 0, "index": 1, "initialScore": 1477.221467727759, "initialConfidence": 35.0, "updatedScore": 1473.3955782639955, "updatedConfidence": 35.0, "teamId": 99999}]}