{"id": 31883194, "competitionId": 30067, "createTime": {"seconds": 1637770543}, "endTime": {"seconds": 1637770543}, "agents": [{"id": 78860986, "state": 2, "submissionId": 23642618, "reward": 730022, "index": 0, "initialScore": 1758.1181582935649, "initialConfidence": 35.0, "updatedScore": 1755.130214152928, "updatedConfidence": 35.0, "teamId": 99999}, {"id": 78860987, "state": 2, "submissionId": 23825143, "reward": 970009, "index": 1, "initialScore": 1857.972340731896, "initialConfidence": 35.0, "updatedScore": 1860.9602848725328, "updatedConfidence": 35.0, "teamId": 99999}]}