{"id": 28609034, "competitionId": 30067, "createTime": {"seconds": 1634731897}, "endTime": {"seconds": 1634731897}, "agents": [{"id": 72314668, "state": 2, "submissionId": 23055500, "reward": 10001, "index": 0, "initialScore": 1644.68788874791, "initialConfidence": 35.0, "updatedScore": 1639.449394187358, "updatedConfidence": 35.0, "teamId": 99999}, {"id": 72314669, "state": 2, "submissionId": 23297953, "reward": 420013, "index": 1, "initialScore": 1600.7299942331038, "initialConfidence": 35.0, "updatedScore": 1605.9684887936558, "updatedConfidence": 35.0, "teamId": 99999}]}