{"id": 28526325, "competitionId": 30067, "createTime": {"seconds": 1634631036}, "endTime": {"seconds": 1634631036}, "agents": [{"id": 72149250, "state": 2, "submissionId": 23281649, "reward": 270001, "index": 0, "initialScore": 1634.1053104305104, "initialConfidence": 35.0, "updatedScore": 1637.822120072605, "updatedConfidence": 35.0, "teamId": 99999}, {"id": 72149251, "state": 2, "submissionId": 23126405, "reward": 0, "index": 1, "initialScore": 1585.0396112152494, "initialConfidence": 35.0, "updatedScore": 1581.3228015731547, "updatedConfidence": 35.0, "teamId": 99999}]}