{"id": 30997653, "competitionId": 30067, "createTime": {"seconds": 1637098575}, "endTime": {"seconds": 1637098575}, "agents": [{"id": 77089904, "state": 2, "submissionId": 23825143, "reward": 1350122, "index": 0, "initialScore": 1633.2489373812184, "initialConfidence": 41.64368779686348, "updatedScore": 1637.411145371879, "updatedConfidence": 41.24829729619606, "teamId": 99999}, {"id": 77089905, "state": 2, "submissionId": 23744527, "reward": 20002, "index": 1, "initialScore": 1530.474549582195, "initialConfidence": 35.0, "updatedScore": 1527.5344536342632, "updatedConfidence": 35.0, "teamId": 99999}]}