{"id": 31062595, "competitionId": 30067, "createTime": {"seconds": 1637150754}, "endTime": {"seconds": 1637150754}, "agents": [{"id": 77219788, "state": 2, "submissionId": 23281649, "reward": 690018, "index": 0, "initialScore": 1969.3696985944136, "initialConfidence": 35.0, "updatedScore": 1971.0827403940627, "updatedConfidence": 35.0, "teamId": 99999}, {"id": 77219789, "state": 2, "submissionId": 23825329, "reward": 360035, "index": 1, "initialScore": 1761.1424786077253, "initialConfidence": 37.462813627632976, "updatedScore": 1759.1798747188864, "updatedConfidence": 37.25013126498155, "teamId": 99999}]}