{"id": 30910878, "competitionId": 30067, "createTime": {"seconds": 1637027665}, "endTime": {"seconds": 1637027665}, "agents": [{"id": 76916354, "state": 2, "submissionId": 23642597, "reward": 30003, "index": 0, "initialScore": 1763.6906534160971, "initialConfidence": 35.0, "updatedScore": 1763.921702495742, "updatedConfidence": 35.0, "teamId": 99999}, {"id": 76916355, "state": 2, "submissionId": 23692494, "reward": 30003, "index": 1, "initialScore": 1772.6492273607746, "initialConfidence": 35.0, "updatedScore": 1772.4181782811297, "updatedConfidence": 35.0, "teamId": 99999}]}