{"id": 30972798, "competitionId": 30067, "createTime": {"seconds": 1637078093}, "endTime": {"seconds": 1637078093}, "agents": [{"id": 77040194, "state": 2, "submissionId": 23825329, "reward": 430041, "index": 0, "initialScore": 958.8648244385084, "initialConfidence": 155.0, "updatedScore": 1028.4166456944638, "updatedConfidence": 140.0, "teamId": 99999}, {"id": 77040195, "state": 2, "submissionId": 23024434, "reward": 0, "index": 1, "initialScore": 945.6972988076378, "initialConfidence": 35.0, "updatedScore": 942.1509520422458, "updatedConfidence": 35.0, "teamId": 99999}]}