{"id": 31711372, "competitionId": 30067, "createTime": {"seconds": 1637647916}, "endTime": {"seconds": 1637647916}, "agents": [{"id": 78517342, "state": 2, "submissionId": 23825370, "reward": 870085, "index": 0, "initialScore": 1798.2109462070453, "initialConfidence": 35.0, "updatedScore": 1801.896108772112, "updatedConfidence": 35.0, "teamId": 99999}, {"id": 78517343, "state": 2, "submissionId": 23542431, "reward": 100012, "index": 1, "initialScore": 1747.0462245205058, "initialConfidence": 35.0, "updatedScore": 1743.361061955439, "updatedConfidence": 35.0, "teamId": 99999}]}