{"id": 31193311, "competitionId": 30067, "createTime": {"seconds": 1637254721}, "endTime": {"seconds": 1637254721}, "agents": [{"id": 77481220, "state": 2, "submissionId": 23297953, "reward": 1070030, "index": 0, "initialScore": 2036.5185640056256, "initialConfidence": 35.0, "updatedScore": 2038.0033719944367, "updatedConfidence": 35.0, "teamId": 99999}, {"id": 77481221, "state": 2, "submissionId": 23825329, "reward": 620062, "index": 1, "initialScore": 1804.300200705325, "initialConfidence": 35.0, "updatedScore": 1802.8153927165135, "updatedConfidence": 35.0, "teamId": 99999}]}