{"id": 28479107, "competitionId": 30067, "createTime": {"seconds": 1634572109}, "endTime": {"seconds": 1634572109}, "agents": [{"id": 72054814, "state": 2, "submissionId": 23297953, "reward": 160039, "index": 0, "initialScore": 600.0, "initialConfidence": 200.0, "updatedScore": 683.4831577553023, "updatedConfidence": 185.0, "teamId": 99999}, {"id": 72054815, "state": 2, "submissionId": 23134361, "reward": 0, "index": 1, "initialScore": 509.30345539670026, "initialConfidence": 35.0, "updatedScore": 506.74678369044415, "updatedConfidence": 35.0, "teamId": 99999}]}