{"id": 31181451, "competitionId": 30067, "createTime": {"seconds": 1637245102}, "endTime": {"seconds": 1637245102}, "agents": [{"id": 77457500, "state": 2, "submissionId": 23770016, "reward": 630034, "index": 0, "initialScore": 1791.1717397753832, "initialConfidence": 35.0, "updatedScore": 1789.03243287742, "updatedConfidence": 35.0, "teamId": 99999}, {"id": 77457501, "state": 2, "submissionId": 23281649, "reward": 1090062, "index": 1, "initialScore": 1959.161743381347, "initialConfidence": 35.0, "updatedScore": 1961.3010502793104, "updatedConfidence": 35.0, "teamId": 99999}]}