{"id": 31132783, "competitionId": 30067, "createTime": {"seconds": 1637206673}, "endTime": {"seconds": 1637206673}, "agents": [{"id": 77360164, "state": 2, "submissionId": 23516641, "reward": 80013, "index": 0, "initialScore": 1661.1633425948494, "initialConfidence": 35.0, "updatedScore": 1657.395983345317, "updatedConfidence": 35.0, "teamId": 99999}, {"id": 77360165, "state": 2, "submissionId": 23825143, "reward": 1970192, "index": 1, "initialScore": 1706.893579624135, "initialConfidence": 35.0, "updatedScore": 1710.6609388736676, "updatedConfidence": 35.0, "teamId": 99999}]}