{"id": 28482602, "competitionId": 30067, "createTime": {"seconds": 1634576430}, "endTime": {"seconds": 1634576430}, "agents": [{"id": 72061804, "state": 2, "submissionId": 23297953, "reward": 120016, "index": 0, "initialScore": 1219.741293266551, "initialConfidence": 68.59061609612304, "updatedScore": 1235.615962460879, "updatedConfidence": 66.58375099635589, "teamId": 99999}, {"id": 72061805, "state": 2, "submissionId": 22885052, "reward": 0, "index": 1, "initialScore": 1206.4278265745754, "initialConfidence": 35.0, "updatedScore": 1202.2943891712853, "updatedConfidence": 35.0, "teamId": 99999}]}