{"id": 28777608, "competitionId": 30067, "createTime": {"seconds": 1634931351}, "endTime": {"seconds": 1634931351}, "agents": [{"id": 72651816, "state": 2, "submissionId": 23128925, "reward": 110015, "index": 0, "initialScore": 1634.0410718545622, "initialConfidence": 35.0, "updatedScore": 1631.3040425982635, "updatedConfidence": 35.0, "teamId": 99999}, {"id": 72651817, "state": 2, "submissionId": 23281649, "reward": 510043, "index": 1, "initialScore": 1752.8069913143613, "initialConfidence": 35.0, "updatedScore": 1755.54402057066, "updatedConfidence": 35.0, "teamId": 99999}]}