{"id": 31364598, "competitionId": 30067, "createTime": {"seconds": 1637387690}, "endTime": {"seconds": 1637387690}, "agents": [{"id": 77823794, "state": 2, "submissionId": 23825266, "reward": 930093, "index": 0, "initialScore": 1751.6431932860164, "initialConfidence": 35.0, "updatedScore": 1754.842661694618, "updatedConfidence": 35.0, "teamId": 99999}, {"id": 77823795, "state": 2, "submissionId": 23500163, "reward": 600065, "index": 1, "initialScore": 1667.1050135969033, "initialConfidence": 35.0, "updatedScore": 1663.9055451883016, "updatedConfidence": 35.0, "teamId": 99999}]}