{"id": 30981439, "competitionId": 30067, "createTime": {"seconds": 1637085309}, "endTime": {"seconds": 1637085309}, "agents": [{"id": 77057476, "state": 2, "submissionId": 23825143, "reward": 180013, "index": 0, "initialScore": 1605.5390117439194, "initialConfidence": 47.15035147845854, "updatedScore": 1610.675479562988, "updatedConfidence": 46.59124708782517, "teamId": 99999}, {"id": 77057477, "state": 2, "submissionId": 23625553, "reward": 0, "index": 1, "initialScore": 1494.9979084070155, "initialConfidence": 35.0, "updatedScore": 1492.1676193564913, "updatedConfidence": 35.0, "teamId": 99999}]}