{"id": 30972507, "competitionId": 30067, "createTime": {"seconds": 1637077856}, "endTime": {"seconds": 1637077856}, "agents": [{"id": 77039612, "state": 2, "submissionId": 23825143, "reward": 890087, "index": 0, "initialScore": 1066.6965515745578, "initialConfidence": 125.0, "updatedScore": 1125.3205357019838, "updatedConfidence": 113.76953421672528, "teamId": 99999}, {"id": 77039613, "state": 2, "submissionId": 22672389, "reward": 10001, "index": 1, "initialScore": 1117.4625249076116, "initialConfidence": 35.0, "updatedScore": 1112.8664045520215, "updatedConfidence": 35.0, "teamId": 99999}]}