{"id": 29732569, "competitionId": 30067, "createTime": {"seconds": 1635979118}, "endTime": {"seconds": 1635979118}, "agents": [{"id": 74559736, "state": 2, "submissionId": 23281649, "reward": 450019, "index": 0, "initialScore": 1924.9718527019972, "initialConfidence": 35.0, "updatedScore": 1926.4729760074165, "updatedConfidence": 35.0, "teamId": 99999}, {"id": 74559737, "state": 2, "submissionId": 23486319, "reward": 110011, "index": 1, "initialScore": 1694.5470622294583, "initialConfidence": 35.0, "updatedScore": 1693.0459389240395, "updatedConfidence": 35.0, "teamId": 99999}]}