{"id": 30427094, "competitionId": 30067, "createTime": {"seconds": 1636618403}, "endTime": {"seconds": 1636618403}, "agents": [{"id": 75948786, "state": 2, "submissionId": 23081800, "reward": 3, "index": 0, "initialScore": 1348.7127208449049, "initialConfidence": 35.0, "updatedScore": 1345.3381373494954, "updatedConfidence": 35.0, "teamId": 99999}, {"id": 75948787, "state": 2, "submissionId": 23692494, "reward": 1690036, "index": 1, "initialScore": 1419.4095884957574, "initialConfidence": 46.09443457420553, "updatedScore": 1425.2626228526174, "updatedConfidence": 45.52240457776295, "teamId": 99999}]}