{"id": 31242517, "competitionId": 30067, "createTime": {"seconds": 1637293118}, "endTime": {"seconds": 1637293118}, "agents": [{"id": 77579632, "state": 2, "submissionId": 23825370, "reward": 460046, "index": 0, "initialScore": 1701.7842637379886, "initialConfidence": 35.0, "updatedScore": 1698.3161839261886, "updatedConfidence": 35.0, "teamId": 99999}, {"id": 77579633, "state": 2, "submissionId": 23642611, "reward": 560027, "index": 1, "initialScore": 1767.5840513365545, "initialConfidence": 35.0, "updatedScore": 1771.0521311483544, "updatedConfidence": 35.0, "teamId": 99999}]}