{"id": 30898756, "competitionId": 30067, "createTime": {"seconds": 1637017591}, "endTime": {"seconds": 1637017591}, "agents": [{"id": 76892110, "state": 2, "submissionId": 23554491, "reward": 450032, "index": 0, "initialScore": 1801.7679385417937, "initialConfidence": 35.0, "updatedScore": 1799.502337699186, "updatedConfidence": 35.0, "teamId": 99999}, {"id": 76892111, "state": 2, "submissionId": 23281649, "reward": 1390051, "index": 1, "initialScore": 1958.773024174798, "initialConfidence": 35.0, "updatedScore": 1961.0386250174056, "updatedConfidence": 35.0, "teamId": 99999}]}