{"id": 31168449, "competitionId": 30067, "createTime": {"seconds": 1637235015}, "endTime": {"seconds": 1637235015}, "agents": [{"id": 77431496, "state": 2, "submissionId": 23297953, "reward": 260020, "index": 0, "initialScore": 2044.302505569461, "initialConfidence": 35.0, "updatedScore": 2045.661536002305, "updatedConfidence": 35.0, "teamId": 99999}, {"id": 77431497, "state": 2, "submissionId": 23608696, "reward": 50005, "index": 1, "initialScore": 1797.8162411446397, "initialConfidence": 35.0, "updatedScore": 1796.4572107117954, "updatedConfidence": 35.0, "teamId": 99999}]}