{"id": 29550071, "competitionId": 30067, "createTime": {"seconds": 1635765831}, "endTime": {"seconds": 1635765831}, "agents": [{"id": 74194742, "state": 2, "submissionId": 23281649, "reward": 120003, "index": 0, "initialScore": 1903.714467629558, "initialConfidence": 35.0, "updatedScore": 1905.2428023525797, "updatedConfidence": 35.0, "teamId": 99999}, {"id": 74194743, "state": 2, "submissionId": 23381067, "reward": 1, "index": 1, "initialScore": 1676.2538940612767, "initialConfidence": 35.0, "updatedScore": 1674.7255593382552, "updatedConfidence": 35.0, "teamId": 99999}]}