{"id": 30979065, "competitionId": 30067, "createTime": {"seconds": 1637083134}, "endTime": {"seconds": 1637083134}, "agents": [{"id": 77052728, "state": 2, "submissionId": 23825143, "reward": 430026, "index": 0, "initialScore": 1545.9792962332376, "initialConfidence": 52.822893387917205, "updatedScore": 1554.5488651969329, "updatedConfidence": 51.92355339204584, "teamId": 99999}, {"id": 77052729, "state": 2, "submissionId": 23468048, "reward": 10002, "index": 1, "initialScore": 1503.2628776182146, "initialConfidence": 35.0, "updatedScore": 1499.5006012506883, "updatedConfidence": 35.0, "teamId": 99999}]}