{"id": 29150378, "competitionId": 30067, "createTime": {"seconds": 1635347170}, "endTime": {"seconds": 1635347170}, "agents": [{"id": 73396356, "state": 2, "submissionId": 23281649, "reward": 1200040, "index": 0, "initialScore": 1841.30667719109, "initialConfidence": 35.0, "updatedScore": 1843.985720380092, "updatedConfidence": 35.0, "teamId": 99999}, {"id": 73396357, "state": 2, "submissionId": 23323058, "reward": 600060, "index": 1, "initialScore": 1718.041790382692, "initialConfidence": 35.0, "updatedScore": 1715.36274719369, "updatedConfidence": 35.0, "teamId": 99999}]}