{"id": 30973095, "competitionId": 30067, "createTime": {"seconds": 1637078334}, "endTime": {"seconds": 1637078334}, "agents": [{"id": 77040788, "state": 2, "submissionId": 23825370, "reward": 2940085, "index": 0, "initialScore": 891.1983179034257, "initialConfidence": 155.0, "updatedScore": 967.521215654862, "updatedConfidence": 140.0, "teamId": 99999}, {"id": 77040789, "state": 2, "submissionId": 22919266, "reward": 0, "index": 1, "initialScore": 909.0210371512128, "initialConfidence": 35.0, "updatedScore": 905.1294429890688, "updatedConfidence": 35.0, "teamId": 99999}]}