{"id": 31869574, "competitionId": 30067, "createTime": {"seconds": 1637760945}, "endTime": {"seconds": 1637760945}, "agents": [{"id": 78833746, "state": 2, "submissionId": 23281649, "reward": 2730087, "index": 0, "initialScore": 1998.1544081233403, "initialConfidence": 35.0, "updatedScore": 2000.214565937076, "updatedConfidence": 35.0, "teamId": 99999}, {"id": 78833747, "state": 2, "submissionId": 23825329, "reward": 2160216, "index": 1, "initialScore": 1823.088985298204, "initialConfidence": 35.0, "updatedScore": 1821.0288274844688, "updatedConfidence": 35.0, "teamId": 99999}]}