{"id": 30979651, "competitionId": 30067, "createTime": {"seconds": 1637083869}, "endTime": {"seconds": 1637083869}, "agents": [{"id": 77053900, "state": 2, "submissionId": 23825370, "reward": 2040198, "index": 0, "initialScore": 1447.2483641927058, "initialConfidence": 55.06533967457359, "updatedScore": 1456.0423454891547, "updatedConfidence": 54.07686805682456, "teamId": 99999}, {"id": 77053901, "state": 2, "submissionId": 23403378, "reward": 190037, "index": 1, "initialScore": 1390.6721754641271, "initialConfidence": 35.0, "updatedScore": 1387.1194227392607, "updatedConfidence": 35.0, "teamId": 99999}]}