{"id": 29474970, "competitionId": 30067, "createTime": {"seconds": 1635689991}, "endTime": {"seconds": 1635689991}, "agents": [{"id": 74044540, "state": 2, "submissionId": 23323058, "reward": 0, "index": 0, "initialScore": 1725.7027462525975, "initialConfidence": 35.0, "updatedScore": 1723.592527391933, "updatedConfidence": 35.0, "teamId": 99999}, {"id": 74044541, "state": 2, "submissionId": 23297953, "reward": 330011, "index": 1, "initialScore": 1896.2751359994177, "initialConfidence": 35.0, "updatedScore": 1898.3853548600823, "updatedConfidence": 35.0, "teamId": 99999}]}