{"id": 31843202, "competitionId": 30067, "createTime": {"seconds": 1637742457}, "endTime": {"seconds": 1637742457}, "agents": [{"id": 78781002, "state": 2, "submissionId": 23825143, "reward": 30001, "index": 0, "initialScore": 1848.3920627958964, "initialConfidence": 35.0, "updatedScore": 1845.876594412606, "updatedConfidence": 35.0, "teamId": 99999}, {"id": 78781003, "state": 2, "submissionId": 23692494, "reward": 410009, "index": 1, "initialScore": 1984.6381143911756, "initialConfidence": 35.0, "updatedScore": 1987.1535827744656, "updatedConfidence": 35.0, "teamId": 99999}]}