{"id": 30968514, "competitionId": 30067, "createTime": {"seconds": 1637074499}, "endTime": {"seconds": 1637074499}, "agents": [{"id": 77031626, "state": 2, "submissionId": 23692494, "reward": 1130018, "index": 0, "initialScore": 1805.6723205967555, "initialConfidence": 35.0, "updatedScore": 1809.0954073214568, "updatedConfidence": 35.0, "teamId": 99999}, {"id": 77031627, "state": 2, "submissionId": 23542431, "reward": 320032, "index": 1, "initialScore": 1736.784715210642, "initialConfidence": 35.0, "updatedScore": 1733.3616284859409, "updatedConfidence": 35.0, "teamId": 99999}]}