{"id": 29568903, "competitionId": 30067, "createTime": {"seconds": 1635784654}, "endTime": {"seconds": 1635784654}, "agents": [{"id": 74232406, "state": 2, "submissionId": 23143395, "reward": 0, "index": 0, "initialScore": 1682.5956919107057, "initialConfidence": 35.0, "updatedScore": 1681.1098070902822, "updatedConfidence": 35.0, "teamId": 99999}, {"id": 74232407, "state": 2, "submissionId": 23297953, "reward": 280006, "index": 1, "initialScore": 1914.6952938612303, "initialConfidence": 35.0, "updatedScore": 1916.1811786816536, "updatedConfidence": 35.0, "teamId": 99999}]}