{"id": 31451116, "competitionId": 30067, "createTime": {"seconds": 1637453373}, "endTime": {"seconds": 1637453373}, "agents": [{"id": 77996830, "state": 2, "submissionId": 23692494, "reward": 3310074, "index": 0, "initialScore": 1916.7691720750825, "initialConfidence": 35.0, "updatedScore": 1920.3308625746176, "updatedConfidence": 35.0, "teamId": 99999}, {"id": 77996831, "state": 2, "submissionId": 23825224, "reward": 1350094, "index": 1, "initialScore": 1857.33244216876, "initialConfidence": 35.0, "updatedScore": 1853.770751669224, "updatedConfidence": 35.0, "teamId": 99999}]}