{"id": 29762294, "competitionId": 30067, "createTime": {"seconds": 1636007684}, "endTime": {"seconds": 1636007684}, "agents": [{"id": 74619186, "state": 2, "submissionId": 23281649, "reward": 2, "index": 0, "initialScore": 1930.1803902235508, "initialConfidence": 35.0, "updatedScore": 1921.9626113534207, "updatedConfidence": 35.0, "teamId": 99999}, {"id": 74619187, "state": 2, "submissionId": 23554491, "reward": 110011, "index": 1, "initialScore": 1729.1347106917417, "initialConfidence": 37.58492148702013, "updatedScore": 1738.6111602836295, "updatedConfidence": 37.14039477993552, "teamId": 99999}]}