{"id": 30730496, "competitionId": 30067, "createTime": {"seconds": 1636878006}, "endTime": {"seconds": 1636878006}, "agents": [{"id": 76555590, "state": 2, "submissionId": 23642575, "reward": 0, "index": 0, "initialScore": 1731.065028505796, "initialConfidence": 35.0, "updatedScore": 1725.3858502416192, "updatedConfidence": 35.0, "teamId": 99999}, {"id": 76555591, "state": 2, "submissionId": 23692494, "reward": 60008, "index": 1, "initialScore": 1662.3528548429765, "initialConfidence": 35.0, "updatedScore": 1668.0320331071532, "updatedConfidence": 35.0, "teamId": 99999}]}