{"id": 31401209, "competitionId": 30067, "createTime": {"seconds": 1637415527}, "endTime": {"seconds": 1637415527}, "agents": [{"id": 77897016, "state": 2, "submissionId": 23825143, "reward": 100008, "index": 0, "initialScore": 1780.036745754867, "initialConfidence": 35.0, "updatedScore": 1774.6409930089085, "updatedConfidence": 35.0, "teamId": 99999}, {"id": 77897017, "state": 2, "submissionId": 23674326, "reward": 200012, "index": 1, "initialScore": 1727.1558619693092, "initialConfidence": 35.0, "updatedScore": 1732.5516147152678, "updatedConfidence": 35.0, "teamId": 99999}]}