{"id": 31528780, "competitionId": 30067, "createTime": {"seconds": 1637511487}, "endTime": {"seconds": 1637511487}, "agents": [{"id": 78152158, "state": 2, "submissionId": 23825329, "reward": 470050, "index": 0, "initialScore": 1826.921836318064, "initialConfidence": 35.0, "updatedScore": 1829.6378051627723, "updatedConfidence": 35.0, "teamId": 99999}, {"id": 78152159, "state": 2, "submissionId": 23572011, "reward": 110008, "index": 1, "initialScore": 1706.5278304282945, "initialConfidence": 35.0, "updatedScore": 1703.811861583586, "updatedConfidence": 35.0, "teamId": 99999}]}