{"id": 28592757, "competitionId": 30067, "createTime": {"seconds": 1634712221}, "endTime": {"seconds": 1634712221}, "agents": [{"id": 72282114, "state": 2, "submissionId": 23176680, "reward": 340034, "index": 0, "initialScore": 1660.6654742148414, "initialConfidence": 35.0, "updatedScore": 1656.4190268004882, "updatedConfidence": 35.0, "teamId": 99999}, {"id": 72282115, "state": 2, "submissionId": 23281649, "reward": 760041, "index": 1, "initialScore": 1675.746708312817, "initialConfidence": 35.0, "updatedScore": 1679.9931557271702, "updatedConfidence": 35.0, "teamId": 99999}]}