{"id": 30641725, "competitionId": 30067, "createTime": {"seconds": 1636803101}, "endTime": {"seconds": 1636803101}, "agents": [{"id": 76378048, "state": 2, "submissionId": 23554433, "reward": 430038, "index": 0, "initialScore": 1763.6395732628075, "initialConfidence": 35.0, "updatedScore": 1762.0029031923527, "updatedConfidence": 35.0, "teamId": 99999}, {"id": 76378049, "state": 2, "submissionId": 23281649, "reward": 690031, "index": 1, "initialScore": 1979.6160464446527, "initialConfidence": 35.0, "updatedScore": 1981.252716515108, "updatedConfidence": 35.0, "teamId": 99999}]}