{"id": 28512078, "competitionId": 30067, "createTime": {"seconds": 1634613516}, "endTime": {"seconds": 1634613516}, "agents": [{"id": 72120756, "state": 2, "submissionId": 23282298, "reward": 10001, "index": 0, "initialScore": 1490.6457927524796, "initialConfidence": 35.079698788770386, "updatedScore": 1486.450154845527, "updatedConfidence": 35.0, "teamId": 99999}, {"id": 72120757, "state": 2, "submissionId": 23297953, "reward": 460006, "index": 1, "initialScore": 1509.2113651848645, "initialConfidence": 39.554309086084906, "updatedScore": 1514.5456216839953, "updatedConfidence": 39.15195653861866, "teamId": 99999}]}