{"id": 28480272, "competitionId": 30067, "createTime": {"seconds": 1634573550}, "endTime": {"seconds": 1634573550}, "agents": [{"id": 72057144, "state": 2, "submissionId": 23297953, "reward": 200020, "index": 0, "initialScore": 952.8729539720612, "initialConfidence": 112.9560080204506, "updatedScore": 974.9553169203124, "updatedConfidence": 107.144649574327, "teamId": 99999}, {"id": 72057145, "state": 2, "submissionId": 22542364, "reward": 0, "index": 1, "initialScore": 787.0812336349344, "initialConfidence": 35.0, "updatedScore": 784.9611013410147, "updatedConfidence": 35.0, "teamId": 99999}]}