{"id": 31339822, "competitionId": 30067, "createTime": {"seconds": 1637368522}, "endTime": {"seconds": 1637368522}, "agents": [{"id": 77774242, "state": 2, "submissionId": 23692494, "reward": 420018, "index": 0, "initialScore": 1904.7557140117776, "initialConfidence": 35.0, "updatedScore": 1908.138613362408, "updatedConfidence": 35.0, "teamId": 99999}, {"id": 77774243, "state": 2, "submissionId": 23825224, "reward": 40001, "index": 1, "initialScore": 1833.0933796759716, "initialConfidence": 35.0, "updatedScore": 1829.7104803253408, "updatedConfidence": 35.0, "teamId": 99999}]}