{"id": 31438831, "competitionId": 30067, "createTime": {"seconds": 1637444016}, "endTime": {"seconds": 1637444016}, "agents": [{"id": 77972260, "state": 2, "submissionId": 23297953, "reward": 570018, "index": 0, "initialScore": 1990.69337477058, "initialConfidence": 35.0, "updatedScore": 1993.277075361069, "updatedConfidence": 35.0, "teamId": 99999}, {"id": 77972261, "state": 2, "submissionId": 23825224, "reward": 380035, "index": 1, "initialScore": 1859.9161427592487, "initialConfidence": 35.0, "updatedScore": 1857.33244216876, "updatedConfidence": 35.0, "teamId": 99999}]}