{"id": 31507473, "competitionId": 30067, "createTime": {"seconds": 1637495617}, "endTime": {"seconds": 1637495617}, "agents": [{"id": 78109544, "state": 2, "submissionId": 23825143, "reward": 2140205, "index": 0, "initialScore": 1809.40979299068, "initialConfidence": 35.0, "updatedScore": 1813.042657179356, "updatedConfidence": 35.0, "teamId": 99999}, {"id": 78109545, "state": 2, "submissionId": 23674317, "reward": 990089, "index": 1, "initialScore": 1754.7576340522348, "initialConfidence": 35.0, "updatedScore": 1751.1247698635589, "updatedConfidence": 35.0, "teamId": 99999}]}