{"id": 32133473, "competitionId": 30067, "createTime": {"seconds": 1637946129}, "endTime": {"seconds": 1637946129}, "agents": [{"id": 79361544, "state": 2, "submissionId": 23281649, "reward": 450013, "index": 0, "initialScore": 1996.9612244384527, "initialConfidence": 35.0, "updatedScore": 1999.4233435986648, "updatedConfidence": 35.0, "teamId": 99999}, {"id": 79361545, "state": 2, "submissionId": 23825266, "reward": 70004, "index": 1, "initialScore": 1856.3824790459944, "initialConfidence": 35.0, "updatedScore": 1853.9203598857828, "updatedConfidence": 35.0, "teamId": 99999}]}