{"id": 31121094, "competitionId": 30067, "createTime": {"seconds": 1637197548}, "endTime": {"seconds": 1637197548}, "agents": [{"id": 77336786, "state": 2, "submissionId": 23616766, "reward": 10002, "index": 0, "initialScore": 1615.0193121697982, "initialConfidence": 35.0, "updatedScore": 1611.2659876959608, "updatedConfidence": 35.0, "teamId": 99999}, {"id": 77336787, "state": 2, "submissionId": 23825266, "reward": 150000, "index": 1, "initialScore": 1661.5558330132894, "initialConfidence": 35.78604773540541, "updatedScore": 1665.4796387317865, "updatedConfidence": 35.501237514517484, "teamId": 99999}]}