{"id": 28633082, "competitionId": 30067, "createTime": {"seconds": 1634760614}, "endTime": {"seconds": 1634760614}, "agents": [{"id": 72362764, "state": 2, "submissionId": 23297953, "reward": 350007, "index": 0, "initialScore": 1612.2904520509244, "initialConfidence": 35.0, "updatedScore": 1617.3946511246131, "updatedConfidence": 35.0, "teamId": 99999}, {"id": 72362765, "state": 2, "submissionId": 23034455, "reward": 0, "index": 1, "initialScore": 1648.5441580462698, "initialConfidence": 35.0, "updatedScore": 1643.4399589725808, "updatedConfidence": 35.0, "teamId": 99999}]}