{"id": 30521655, "competitionId": 30067, "createTime": {"seconds": 1636700309}, "endTime": {"seconds": 1636700309}, "agents": [{"id": 76137908, "state": 2, "submissionId": 23554433, "reward": 20002, "index": 0, "initialScore": 1765.533442635471, "initialConfidence": 35.0, "updatedScore": 1763.7955310679924, "updatedConfidence": 35.0, "teamId": 99999}, {"id": 76137909, "state": 2, "submissionId": 23281649, "reward": 250015, "index": 1, "initialScore": 1971.1961257912803, "initialConfidence": 35.0, "updatedScore": 1972.9340373587588, "updatedConfidence": 35.0, "teamId": 99999}]}