{"id": 31605077, "competitionId": 30067, "createTime": {"seconds": 1637567886}, "endTime": {"seconds": 1637567886}, "agents": [{"id": 78304752, "state": 2, "submissionId": 23825266, "reward": 430043, "index": 0, "initialScore": 1820.628785643544, "initialConfidence": 35.0, "updatedScore": 1824.0457078475984, "updatedConfidence": 35.0, "teamId": 99999}, {"id": 78304753, "state": 2, "submissionId": 23608696, "reward": 270027, "index": 1, "initialScore": 1751.3165864717469, "initialConfidence": 35.0, "updatedScore": 1747.8996642676923, "updatedConfidence": 35.0, "teamId": 99999}]}