{"id": 32077799, "competitionId": 30067, "createTime": {"seconds": 1637907217}, "endTime": {"seconds": 1637907217}, "agents": [{"id": 79250196, "state": 2, "submissionId": 23542431, "reward": 1, "index": 0, "initialScore": 1721.6239135810251, "initialConfidence": 35.0, "updatedScore": 1718.7908716401028, "updatedConfidence": 35.0, "teamId": 99999}, {"id": 79250197, "state": 2, "submissionId": 23825370, "reward": 450022, "index": 1, "initialScore": 1833.05023728509, "initialConfidence": 35.0, "updatedScore": 1835.8832792260123, "updatedConfidence": 35.0, "teamId": 99999}]}