{"id": 30979056, "competitionId": 30067, "createTime": {"seconds": 1637083134}, "endTime": {"seconds": 1637083134}, "agents": [{"id": 77052710, "state": 2, "submissionId": 23700147, "reward": 30005, "index": 0, "initialScore": 1347.234147559826, "initialConfidence": 35.0, "updatedScore": 1353.0346648003872, "updatedConfidence": 35.0, "teamId": 99999}, {"id": 77052711, "state": 2, "submissionId": 23825370, "reward": 0, "index": 1, "initialScore": 1432.5942508999517, "initialConfidence": 60.14275012899097, "updatedScore": 1415.4666237842343, "updatedConfidence": 58.56781917907618, "teamId": 99999}]}