{"id": 32091559, "competitionId": 30067, "createTime": {"seconds": 1637916817}, "endTime": {"seconds": 1637916817}, "agents": [{"id": 79277716, "state": 2, "submissionId": 23825329, "reward": 580054, "index": 0, "initialScore": 1849.813304716973, "initialConfidence": 35.0, "updatedScore": 1852.9321153083963, "updatedConfidence": 35.0, "teamId": 99999}, {"id": 79277717, "state": 2, "submissionId": 23883228, "reward": 230022, "index": 1, "initialScore": 1759.497189249469, "initialConfidence": 35.0, "updatedScore": 1756.3783786580457, "updatedConfidence": 35.0, "teamId": 99999}]}