{"id": 31553165, "competitionId": 30067, "createTime": {"seconds": 1637529721}, "endTime": {"seconds": 1637529721}, "agents": [{"id": 78200928, "state": 2, "submissionId": 23825266, "reward": 1430138, "index": 0, "initialScore": 1804.5872300863973, "initialConfidence": 35.0, "updatedScore": 1808.254774005254, "updatedConfidence": 35.0, "teamId": 99999}, {"id": 78200929, "state": 2, "submissionId": 23642611, "reward": 70011, "index": 1, "initialScore": 1752.2502605607365, "initialConfidence": 35.0, "updatedScore": 1748.5827166418794, "updatedConfidence": 35.0, "teamId": 99999}]}