{"id": 31037972, "competitionId": 30067, "createTime": {"seconds": 1637131043}, "endTime": {"seconds": 1637131043}, "agents": [{"id": 77170542, "state": 2, "submissionId": 23825143, "reward": 10000, "index": 0, "initialScore": 1672.8077542583387, "initialConfidence": 38.6868014930074, "updatedScore": 1666.6639916969905, "updatedConfidence": 38.27899925340643, "teamId": 99999}, {"id": 77170543, "state": 2, "submissionId": 23465854, "reward": 160016, "index": 1, "initialScore": 1640.0011804895023, "initialConfidence": 35.0, "updatedScore": 1645.0297546765844, "updatedConfidence": 35.0, "teamId": 99999}]}