{"id": 31610858, "competitionId": 30067, "createTime": {"seconds": 1637572203}, "endTime": {"seconds": 1637572203}, "agents": [{"id": 78316314, "state": 2, "submissionId": 23542431, "reward": 160017, "index": 0, "initialScore": 1730.7942922255504, "initialConfidence": 35.0, "updatedScore": 1726.9508927898496, "updatedConfidence": 35.0, "teamId": 99999}, {"id": 78316315, "state": 2, "submissionId": 23825370, "reward": 750065, "index": 1, "initialScore": 1771.5460844752777, "initialConfidence": 35.0, "updatedScore": 1775.3894839109785, "updatedConfidence": 35.0, "teamId": 99999}]}