{"id": 31750140, "competitionId": 30067, "createTime": {"seconds": 1637675788}, "endTime": {"seconds": 1637675788}, "agents": [{"id": 78594878, "state": 2, "submissionId": 23297953, "reward": 960035, "index": 0, "initialScore": 1987.6146716508265, "initialConfidence": 35.0, "updatedScore": 1990.2263354858087, "updatedConfidence": 35.0, "teamId": 99999}, {"id": 78594879, "state": 2, "submissionId": 23825224, "reward": 490042, "index": 1, "initialScore": 1859.056019173851, "initialConfidence": 35.0, "updatedScore": 1856.4443553388685, "updatedConfidence": 35.0, "teamId": 99999}]}