{"id": 28926406, "competitionId": 30067, "createTime": {"seconds": 1635101088}, "endTime": {"seconds": 1635101088}, "agents": [{"id": 72949412, "state": 2, "submissionId": 23323058, "reward": 470048, "index": 0, "initialScore": 1716.6383665536753, "initialConfidence": 35.0, "updatedScore": 1713.2609559401126, "updatedConfidence": 35.0, "teamId": 99999}, {"id": 72949413, "state": 2, "submissionId": 23281649, "reward": 1000058, "index": 1, "initialScore": 1788.680915121671, "initialConfidence": 35.0, "updatedScore": 1792.0583257352337, "updatedConfidence": 35.0, "teamId": 99999}]}