{"id": 30498757, "competitionId": 30067, "createTime": {"seconds": 1636680593}, "endTime": {"seconds": 1636680593}, "agents": [{"id": 76092112, "state": 2, "submissionId": 23519194, "reward": 20003, "index": 0, "initialScore": 1476.310417603492, "initialConfidence": 35.0, "updatedScore": 1472.839732577526, "updatedConfidence": 35.0, "teamId": 99999}, {"id": 76092113, "state": 2, "submissionId": 23692494, "reward": 2220048, "index": 1, "initialScore": 1541.7505745801182, "initialConfidence": 36.40335901812806, "updatedScore": 1545.505160360037, "updatedConfidence": 36.11473577053691, "teamId": 99999}]}