{"id": 31697955, "competitionId": 30067, "createTime": {"seconds": 1637638288}, "endTime": {"seconds": 1637638288}, "agents": [{"id": 78490508, "state": 2, "submissionId": 23883228, "reward": 130019, "index": 0, "initialScore": 1731.7060545361242, "initialConfidence": 35.0, "updatedScore": 1728.5060011404742, "updatedConfidence": 35.0, "teamId": 99999}, {"id": 78490509, "state": 2, "submissionId": 23825143, "reward": 1690160, "index": 1, "initialScore": 1816.202597250195, "initialConfidence": 35.0, "updatedScore": 1819.4026506458447, "updatedConfidence": 35.0, "teamId": 99999}]}