{"id": 31829802, "competitionId": 30067, "createTime": {"seconds": 1637732861}, "endTime": {"seconds": 1637732861}, "agents": [{"id": 78754202, "state": 2, "submissionId": 23770016, "reward": 320013, "index": 0, "initialScore": 1829.3436270593656, "initialConfidence": 35.0, "updatedScore": 1827.0307361027665, "updatedConfidence": 35.0, "teamId": 99999}, {"id": 78754203, "state": 2, "submissionId": 23692494, "reward": 1600040, "index": 1, "initialScore": 1982.325223434576, "initialConfidence": 35.0, "updatedScore": 1984.6381143911756, "updatedConfidence": 35.0, "teamId": 99999}]}