{"id": 29167637, "competitionId": 30067, "createTime": {"seconds": 1635366081}, "endTime": {"seconds": 1635366081}, "agents": [{"id": 73430874, "state": 2, "submissionId": 23297953, "reward": 390020, "index": 0, "initialScore": 1834.8826003334127, "initialConfidence": 35.0, "updatedScore": 1837.700871603226, "updatedConfidence": 35.0, "teamId": 99999}, {"id": 73430875, "state": 2, "submissionId": 23323058, "reward": 80008, "index": 1, "initialScore": 1722.3357740782649, "initialConfidence": 35.0, "updatedScore": 1719.5175028084516, "updatedConfidence": 35.0, "teamId": 99999}]}