{"id": 31086252, "competitionId": 30067, "createTime": {"seconds": 1637169743}, "endTime": {"seconds": 1637169743}, "agents": [{"id": 77267102, "state": 2, "submissionId": 23825143, "reward": 1430030, "index": 0, "initialScore": 1695.579872691569, "initialConfidence": 35.18796959591981, "updatedScore": 1699.825697412851, "updatedConfidence": 35.0, "teamId": 99999}, {"id": 77267103, "state": 2, "submissionId": 23790168, "reward": 990033, "index": 1, "initialScore": 1677.6684196888818, "initialConfidence": 35.0, "updatedScore": 1673.4678351067848, "updatedConfidence": 35.0, "teamId": 99999}]}