{"id": 32021291, "competitionId": 30067, "createTime": {"seconds": 1637867574}, "endTime": {"seconds": 1637867574}, "agents": [{"id": 79137180, "state": 2, "submissionId": 23889524, "reward": 1, "index": 0, "initialScore": 1821.8341871332093, "initialConfidence": 35.0, "updatedScore": 1817.97874875781, "updatedConfidence": 35.0, "teamId": 99999}, {"id": 79137181, "state": 2, "submissionId": 23825143, "reward": 540053, "index": 1, "initialScore": 1861.801970217895, "initialConfidence": 35.0, "updatedScore": 1865.657408593294, "updatedConfidence": 35.0, "teamId": 99999}]}