{"id": 30422698, "competitionId": 30067, "createTime": {"seconds": 1636614564}, "endTime": {"seconds": 1636614564}, "agents": [{"id": 75939994, "state": 2, "submissionId": 23533944, "reward": 10003, "index": 0, "initialScore": 1203.2058769145085, "initialConfidence": 35.0, "updatedScore": 1199.7002511818189, "updatedConfidence": 35.0, "teamId": 99999}, {"id": 75939995, "state": 2, "submissionId": 23692494, "reward": 70009, "index": 1, "initialScore": 1261.3687833785611, "initialConfidence": 62.704175842611626, "updatedScore": 1272.6205933141011, "updatedConfidence": 61.27018239781627, "teamId": 99999}]}