{"id": 28484547, "competitionId": 30067, "createTime": {"seconds": 1634578830}, "endTime": {"seconds": 1634578830}, "agents": [{"id": 72065694, "state": 2, "submissionId": 23297953, "reward": 820016, "index": 0, "initialScore": 1370.640249289272, "initialConfidence": 51.41152379992163, "updatedScore": 1379.5106339126914, "updatedConfidence": 50.54633429201631, "teamId": 99999}, {"id": 72065695, "state": 2, "submissionId": 22947064, "reward": 10004, "index": 1, "initialScore": 1350.614711913712, "initialConfidence": 35.0, "updatedScore": 1346.5036162036872, "updatedConfidence": 35.0, "teamId": 99999}]}