{"id": 31965034, "competitionId": 30067, "createTime": {"seconds": 1637827962}, "endTime": {"seconds": 1637827962}, "agents": [{"id": 79024666, "state": 2, "submissionId": 23790177, "reward": 830023, "index": 0, "initialScore": 1737.0001227129226, "initialConfidence": 35.0, "updatedScore": 1734.2700053063002, "updatedConfidence": 35.0, "teamId": 99999}, {"id": 79024667, "state": 2, "submissionId": 23825143, "reward": 1070023, "index": 1, "initialScore": 1856.2996297161096, "initialConfidence": 35.0, "updatedScore": 1859.029747122732, "updatedConfidence": 35.0, "teamId": 99999}]}