{"id": 30797174, "competitionId": 30067, "createTime": {"seconds": 1636933684}, "endTime": {"seconds": 1636933684}, "agents": [{"id": 76688946, "state": 2, "submissionId": 23692494, "reward": 480017, "index": 0, "initialScore": 1687.576650924341, "initialConfidence": 35.0, "updatedScore": 1693.1101315527242, "updatedConfidence": 35.0, "teamId": 99999}, {"id": 76688947, "state": 2, "submissionId": 23642575, "reward": 190016, "index": 1, "initialScore": 1748.1894693159786, "initialConfidence": 35.0, "updatedScore": 1742.6559886875957, "updatedConfidence": 35.0, "teamId": 99999}]}