{"id": 28408973, "competitionId": 30067, "createTime": {"seconds": 1634484213}, "endTime": {"seconds": 1634484213}, "agents": [{"id": 71914546, "state": 2, "submissionId": 23271216, "reward": 0, "index": 0, "initialScore": 726.4508040346384, "initialConfidence": 38.394734476491415, "updatedScore": 722.6994551104644, "updatedConfidence": 38.1685933631666, "teamId": 99999}, {"id": 71914547, "state": 2, "submissionId": 23281649, "reward": 140016, "index": 1, "initialScore": 770.8236039102595, "initialConfidence": 170.0, "updatedScore": 844.3667097373216, "updatedConfidence": 155.0, "teamId": 99999}]}