{"id": 30734925, "competitionId": 30067, "createTime": {"seconds": 1636881611}, "endTime": {"seconds": 1636881611}, "agents": [{"id": 76564448, "state": 2, "submissionId": 23692494, "reward": 240007, "index": 0, "initialScore": 1668.0320331071532, "initialConfidence": 35.0, "updatedScore": 1673.190559686322, "updatedConfidence": 35.0, "teamId": 99999}, {"id": 76564449, "state": 2, "submissionId": 23572018, "reward": 110011, "index": 1, "initialScore": 1707.4119777747237, "initialConfidence": 35.0, "updatedScore": 1702.2534511955548, "updatedConfidence": 35.0, "teamId": 99999}]}