{"id": 30973106, "competitionId": 30067, "createTime": {"seconds": 1637078334}, "endTime": {"seconds": 1637078334}, "agents": [{"id": 77040810, "state": 2, "submissionId": 23825143, "reward": 590041, "index": 0, "initialScore": 1157.1636558348268, "initialConfidence": 106.60028655901162, "updatedScore": 1204.5831148635623, "updatedConfidence": 98.98662793963634, "teamId": 99999}, {"id": 77040811, "state": 2, "submissionId": 23721248, "reward": 0, "index": 1, "initialScore": 1229.95302262549, "initialConfidence": 35.0, "updatedScore": 1224.841198073499, "updatedConfidence": 35.0, "teamId": 99999}]}