{"id": 29079361, "competitionId": 30067, "createTime": {"seconds": 1635270737}, "endTime": {"seconds": 1635270737}, "agents": [{"id": 73255322, "state": 2, "submissionId": 23297953, "reward": 310016, "index": 0, "initialScore": 1819.4604138018897, "initialConfidence": 35.0, "updatedScore": 1821.3679354109315, "updatedConfidence": 35.0, "teamId": 99999}, {"id": 73255323, "state": 2, "submissionId": 23143395, "reward": 60015, "index": 1, "initialScore": 1630.2874408169462, "initialConfidence": 35.0, "updatedScore": 1628.3799192079043, "updatedConfidence": 35.0, "teamId": 99999}]}