{"id": 31315566, "competitionId": 30067, "createTime": {"seconds": 1637349775}, "endTime": {"seconds": 1637349775}, "agents": [{"id": 77725730, "state": 2, "submissionId": 23770123, "reward": 10000, "index": 0, "initialScore": 1791.3286790675531, "initialConfidence": 35.0, "updatedScore": 1788.9178730095432, "updatedConfidence": 35.0, "teamId": 99999}, {"id": 77725731, "state": 2, "submissionId": 23281649, "reward": 150015, "index": 1, "initialScore": 1936.1238340763548, "initialConfidence": 35.0, "updatedScore": 1938.5346401343647, "updatedConfidence": 35.0, "teamId": 99999}]}