{"id": 29694523, "competitionId": 30067, "createTime": {"seconds": 1635941999}, "endTime": {"seconds": 1635941999}, "agents": [{"id": 74483644, "state": 2, "submissionId": 23435377, "reward": 540060, "index": 0, "initialScore": 1727.5731142357704, "initialConfidence": 35.0, "updatedScore": 1725.679591368229, "updatedConfidence": 35.0, "teamId": 99999}, {"id": 74483645, "state": 2, "submissionId": 23281649, "reward": 860062, "index": 1, "initialScore": 1918.072872050712, "initialConfidence": 35.0, "updatedScore": 1919.9663949182527, "updatedConfidence": 35.0, "teamId": 99999}]}