{"id": 31618976, "competitionId": 30067, "createTime": {"seconds": 1637578232}, "endTime": {"seconds": 1637578232}, "agents": [{"id": 78332550, "state": 2, "submissionId": 23642611, "reward": 1090044, "index": 0, "initialScore": 1735.4540902477504, "initialConfidence": 35.0, "updatedScore": 1732.0462049372256, "updatedConfidence": 35.0, "teamId": 99999}, {"id": 78332551, "state": 2, "submissionId": 23825143, "reward": 1520022, "index": 1, "initialScore": 1805.3893979411769, "initialConfidence": 35.0, "updatedScore": 1808.7972832517012, "updatedConfidence": 35.0, "teamId": 99999}]}