{"id": 28825783, "competitionId": 30067, "createTime": {"seconds": 1634986822}, "endTime": {"seconds": 1634986822}, "agents": [{"id": 72748166, "state": 2, "submissionId": 23297953, "reward": 570012, "index": 0, "initialScore": 1732.5058621894382, "initialConfidence": 35.0, "updatedScore": 1735.9768323016824, "updatedConfidence": 35.0, "teamId": 99999}, {"id": 72748167, "state": 2, "submissionId": 23034455, "reward": 30003, "index": 1, "initialScore": 1666.903767168308, "initialConfidence": 35.0, "updatedScore": 1663.432797056064, "updatedConfidence": 35.0, "teamId": 99999}]}