{"id": 30165377, "competitionId": 30067, "createTime": {"seconds": 1636384958}, "endTime": {"seconds": 1636384958}, "agents": [{"id": 75425352, "state": 2, "submissionId": 23554433, "reward": 800057, "index": 0, "initialScore": 1763.3995733204608, "initialConfidence": 35.0, "updatedScore": 1761.6466901921629, "updatedConfidence": 35.0, "teamId": 99999}, {"id": 75425353, "state": 2, "submissionId": 23297953, "reward": 1490053, "index": 1, "initialScore": 1967.568576155023, "initialConfidence": 35.0, "updatedScore": 1969.321459283321, "updatedConfidence": 35.0, "teamId": 99999}]}