{"id": 31565936, "competitionId": 30067, "createTime": {"seconds": 1637539085}, "endTime": {"seconds": 1637539085}, "agents": [{"id": 78226470, "state": 2, "submissionId": 23297953, "reward": 790033, "index": 0, "initialScore": 1994.47432653474, "initialConfidence": 35.0, "updatedScore": 1996.75402409514, "updatedConfidence": 35.0, "teamId": 99999}, {"id": 78226471, "state": 2, "submissionId": 23825329, "reward": 450049, "index": 1, "initialScore": 1838.6735215858228, "initialConfidence": 35.0, "updatedScore": 1836.3938240254224, "updatedConfidence": 35.0, "teamId": 99999}]}