{"id": 32105437, "competitionId": 30067, "createTime": {"seconds": 1637926451}, "endTime": {"seconds": 1637926451}, "agents": [{"id": 79305472, "state": 2, "submissionId": 23297953, "reward": 990032, "index": 0, "initialScore": 1978.2691763091937, "initialConfidence": 35.0, "updatedScore": 1980.596275411548, "updatedConfidence": 35.0, "teamId": 99999}, {"id": 79305473, "state": 2, "submissionId": 23770016, "reward": 690069, "index": 1, "initialScore": 1826.487356690645, "initialConfidence": 35.0, "updatedScore": 1824.1602575882907, "updatedConfidence": 35.0, "teamId": 99999}]}