{"id": 28522776, "competitionId": 30067, "createTime": {"seconds": 1634626715}, "endTime": {"seconds": 1634626715}, "agents": [{"id": 72142152, "state": 2, "submissionId": 22803895, "reward": 420042, "index": 0, "initialScore": 1548.3276842644632, "initialConfidence": 35.0, "updatedScore": 1543.429175104188, "updatedConfidence": 35.0, "teamId": 99999}, {"id": 72142153, "state": 2, "submissionId": 23297953, "reward": 1750043, "index": 1, "initialScore": 1523.2027436061337, "initialConfidence": 38.44470446184322, "updatedScore": 1529.11292607272, "updatedConfidence": 38.04866278271196, "teamId": 99999}]}