{"id": 31843254, "competitionId": 30067, "createTime": {"seconds": 1637742458}, "endTime": {"seconds": 1637742458}, "agents": [{"id": 78781106, "state": 2, "submissionId": 23889524, "reward": 540053, "index": 0, "initialScore": 1803.5242453836192, "initialConfidence": 35.0, "updatedScore": 1808.377566587075, "updatedConfidence": 35.0, "teamId": 99999}, {"id": 78781107, "state": 2, "submissionId": 23825266, "reward": 50000, "index": 1, "initialScore": 1825.163523923516, "initialConfidence": 35.0, "updatedScore": 1820.31020272006, "updatedConfidence": 35.0, "teamId": 99999}]}