{"id": 31452126, "competitionId": 30067, "createTime": {"seconds": 1637454095}, "endTime": {"seconds": 1637454095}, "agents": [{"id": 77998850, "state": 2, "submissionId": 23825143, "reward": 50001, "index": 0, "initialScore": 1786.150454393451, "initialConfidence": 35.0, "updatedScore": 1791.498831739834, "updatedConfidence": 35.0, "teamId": 99999}, {"id": 77998851, "state": 2, "submissionId": 23032370, "reward": 30005, "index": 1, "initialScore": 1836.3540654284243, "initialConfidence": 35.0, "updatedScore": 1831.0056880820407, "updatedConfidence": 35.0, "teamId": 99999}]}