{"id": 30415106, "competitionId": 30067, "createTime": {"seconds": 1636607847}, "endTime": {"seconds": 1636607847}, "agents": [{"id": 75924810, "state": 2, "submissionId": 23554491, "reward": 60002, "index": 0, "initialScore": 1779.0607777056623, "initialConfidence": 35.0, "updatedScore": 1777.5374693076417, "updatedConfidence": 35.0, "teamId": 99999}, {"id": 75924811, "state": 2, "submissionId": 23297953, "reward": 370019, "index": 1, "initialScore": 2007.0663640441585, "initialConfidence": 35.0, "updatedScore": 2008.58967244218, "updatedConfidence": 35.0, "teamId": 99999}]}