{"id": 31039451, "competitionId": 30067, "createTime": {"seconds": 1637132244}, "endTime": {"seconds": 1637132244}, "agents": [{"id": 77173500, "state": 2, "submissionId": 23825143, "reward": 40004, "index": 0, "initialScore": 1678.7260667352327, "initialConfidence": 37.4970616781866, "updatedScore": 1673.9580222483316, "updatedConfidence": 37.15436335822709, "teamId": 99999}, {"id": 77173501, "state": 2, "submissionId": 23513419, "reward": 90009, "index": 1, "initialScore": 1699.1268131147367, "initialConfidence": 35.0, "updatedScore": 1703.2809606185624, "updatedConfidence": 35.0, "teamId": 99999}]}