{"id": 28479301, "competitionId": 30067, "createTime": {"seconds": 1634572350}, "endTime": {"seconds": 1634572350}, "agents": [{"id": 72055202, "state": 2, "submissionId": 22830721, "reward": 0, "index": 0, "initialScore": 463.0336668613348, "initialConfidence": 35.0, "updatedScore": 461.4020811105728, "updatedConfidence": 35.0, "teamId": 99999}, {"id": 72055203, "state": 2, "submissionId": 23297953, "reward": 180020, "index": 1, "initialScore": 683.4831577553023, "initialConfidence": 185.0, "updatedScore": 729.0676657714913, "updatedConfidence": 170.0, "teamId": 99999}]}