{"id": 31750135, "competitionId": 30067, "createTime": {"seconds": 1637675787}, "endTime": {"seconds": 1637675787}, "agents": [{"id": 78594868, "state": 2, "submissionId": 23770016, "reward": 1480135, "index": 0, "initialScore": 1856.009517955512, "initialConfidence": 35.0, "updatedScore": 1853.4688477221189, "updatedConfidence": 35.0, "teamId": 99999}, {"id": 78594869, "state": 2, "submissionId": 23297953, "reward": 2050084, "index": 1, "initialScore": 1990.2263354858087, "initialConfidence": 35.0, "updatedScore": 1992.7670057192024, "updatedConfidence": 35.0, "teamId": 99999}]}