{"id": 29186222, "competitionId": 30067, "createTime": {"seconds": 1635387941}, "endTime": {"seconds": 1635387941}, "agents": [{"id": 73467044, "state": 2, "submissionId": 23297953, "reward": 480016, "index": 0, "initialScore": 1839.6148938500355, "initialConfidence": 35.0, "updatedScore": 1841.6939976068852, "updatedConfidence": 35.0, "teamId": 99999}, {"id": 73467045, "state": 2, "submissionId": 23308353, "reward": 60006, "index": 1, "initialScore": 1666.257265841978, "initialConfidence": 35.0, "updatedScore": 1664.178162085128, "updatedConfidence": 35.0, "teamId": 99999}]}