{"id": 31326879, "competitionId": 30067, "createTime": {"seconds": 1637358447}, "endTime": {"seconds": 1637358447}, "agents": [{"id": 77748356, "state": 2, "submissionId": 23674317, "reward": 1090065, "index": 0, "initialScore": 1774.6253575834432, "initialConfidence": 35.0, "updatedScore": 1770.3770924713133, "updatedConfidence": 35.0, "teamId": 99999}, {"id": 77748357, "state": 2, "submissionId": 23825329, "reward": 1200120, "index": 1, "initialScore": 1789.5933522397172, "initialConfidence": 35.0, "updatedScore": 1793.8416173518472, "updatedConfidence": 35.0, "teamId": 99999}]}