{"id": 31816478, "competitionId": 30067, "createTime": {"seconds": 1637723499}, "endTime": {"seconds": 1637723499}, "agents": [{"id": 78727554, "state": 2, "submissionId": 23790168, "reward": 820031, "index": 0, "initialScore": 1773.5865416779045, "initialConfidence": 35.0, "updatedScore": 1770.1221583296042, "updatedConfidence": 35.0, "teamId": 99999}, {"id": 78727555, "state": 2, "submissionId": 23825143, "reward": 1030041, "index": 1, "initialScore": 1839.6392784034333, "initialConfidence": 35.0, "updatedScore": 1843.1036617517332, "updatedConfidence": 35.0, "teamId": 99999}]}