{"id": 30979950, "competitionId": 30067, "createTime": {"seconds": 1637084108}, "endTime": {"seconds": 1637084108}, "agents": [{"id": 77054498, "state": 2, "submissionId": 23359806, "reward": 130013, "index": 0, "initialScore": 1495.127728747323, "initialConfidence": 35.0, "updatedScore": 1490.150852077757, "updatedConfidence": 35.0, "teamId": 99999}, {"id": 77054499, "state": 2, "submissionId": 23825266, "reward": 840083, "index": 1, "initialScore": 1460.7965270394775, "initialConfidence": 53.32267021224901, "updatedScore": 1472.3481915797786, "updatedConfidence": 52.27790970785005, "teamId": 99999}]}