{"id": 31465223, "competitionId": 30067, "createTime": {"seconds": 1637463938}, "endTime": {"seconds": 1637463938}, "agents": [{"id": 78025044, "state": 2, "submissionId": 23760238, "reward": 800080, "index": 0, "initialScore": 1762.6603782446794, "initialConfidence": 35.0, "updatedScore": 1758.5708184903162, "updatedConfidence": 35.0, "teamId": 99999}, {"id": 78025045, "state": 2, "submissionId": 23825266, "reward": 1860179, "index": 1, "initialScore": 1787.5977884088186, "initialConfidence": 35.0, "updatedScore": 1791.6873481631817, "updatedConfidence": 35.0, "teamId": 99999}]}