{"id": 28825752, "competitionId": 30067, "createTime": {"seconds": 1634986821}, "endTime": {"seconds": 1634986821}, "agents": [{"id": 72748104, "state": 2, "submissionId": 23308353, "reward": 0, "index": 0, "initialScore": 1665.4674071742568, "initialConfidence": 35.0, "updatedScore": 1661.9661788655708, "updatedConfidence": 35.0, "teamId": 99999}, {"id": 72748105, "state": 2, "submissionId": 23297953, "reward": 730017, "index": 1, "initialScore": 1729.0046338807522, "initialConfidence": 35.0, "updatedScore": 1732.5058621894382, "updatedConfidence": 35.0, "teamId": 99999}]}