{"id": 28482408, "competitionId": 30067, "createTime": {"seconds": 1634576191}, "endTime": {"seconds": 1634576191}, "agents": [{"id": 72061416, "state": 2, "submissionId": 23102132, "reward": 10000, "index": 0, "initialScore": 1189.7542530901433, "initialConfidence": 35.0, "updatedScore": 1186.088337204707, "updatedConfidence": 35.0, "teamId": 99999}, {"id": 72061417, "state": 2, "submissionId": 23297953, "reward": 180007, "index": 1, "initialScore": 1235.615962460879, "initialConfidence": 66.58375099635589, "updatedScore": 1248.8832738439846, "updatedConfidence": 64.84057648723315, "teamId": 99999}]}