{"id": 28683792, "competitionId": 30067, "createTime": {"seconds": 1634820986}, "endTime": {"seconds": 1634820986}, "agents": [{"id": 72464184, "state": 2, "submissionId": 23297953, "reward": 1300044, "index": 0, "initialScore": 1650.7832202801983, "initialConfidence": 35.0, "updatedScore": 1654.9889436305843, "updatedConfidence": 35.0, "teamId": 99999}, {"id": 72464185, "state": 2, "submissionId": 22947606, "reward": 40004, "index": 1, "initialScore": 1633.1593193920803, "initialConfidence": 35.0, "updatedScore": 1628.9535960416945, "updatedConfidence": 35.0, "teamId": 99999}]}