{"id": 29374592, "competitionId": 30067, "createTime": {"seconds": 1635586942}, "endTime": {"seconds": 1635586942}, "agents": [{"id": 73843784, "state": 2, "submissionId": 23323058, "reward": 150015, "index": 0, "initialScore": 1706.2116212301355, "initialConfidence": 35.0, "updatedScore": 1704.2127689177407, "updatedConfidence": 35.0, "teamId": 99999}, {"id": 73843785, "state": 2, "submissionId": 23281649, "reward": 260010, "index": 1, "initialScore": 1886.8668187836265, "initialConfidence": 35.0, "updatedScore": 1888.8656710960213, "updatedConfidence": 35.0, "teamId": 99999}]}