{"id": 31764853, "competitionId": 30067, "createTime": {"seconds": 1637686346}, "endTime": {"seconds": 1637686346}, "agents": [{"id": 78624304, "state": 2, "submissionId": 23790168, "reward": 340011, "index": 0, "initialScore": 1760.138786563747, "initialConfidence": 35.0, "updatedScore": 1765.531307028957, "updatedConfidence": 35.0, "teamId": 99999}, {"id": 78624305, "state": 2, "submissionId": 23825370, "reward": 250017, "index": 1, "initialScore": 1812.8373001663904, "initialConfidence": 35.0, "updatedScore": 1807.4447797011808, "updatedConfidence": 35.0, "teamId": 99999}]}