{"id": 29646201, "competitionId": 30067, "createTime": {"seconds": 1635894688}, "endTime": {"seconds": 1635894688}, "agents": [{"id": 74387000, "state": 2, "submissionId": 23435377, "reward": 20003, "index": 0, "initialScore": 1709.3098290377934, "initialConfidence": 35.0, "updatedScore": 1707.6955764773918, "updatedConfidence": 35.0, "teamId": 99999}, {"id": 74387001, "state": 2, "submissionId": 23297953, "reward": 340004, "index": 1, "initialScore": 1927.622899130544, "initialConfidence": 35.0, "updatedScore": 1929.2371516909452, "updatedConfidence": 35.0, "teamId": 99999}]}