{"id": 31194055, "competitionId": 30067, "createTime": {"seconds": 1637255202}, "endTime": {"seconds": 1637255202}, "agents": [{"id": 77482708, "state": 2, "submissionId": 23825370, "reward": 600061, "index": 0, "initialScore": 1684.6786444464376, "initialConfidence": 35.0, "updatedScore": 1688.9688416424112, "updatedConfidence": 35.0, "teamId": 99999}, {"id": 77482709, "state": 2, "submissionId": 23472712, "reward": 1, "index": 1, "initialScore": 1672.317062955343, "initialConfidence": 35.0, "updatedScore": 1668.0268657593697, "updatedConfidence": 35.0, "teamId": 99999}]}