{"id": 31723624, "competitionId": 30067, "createTime": {"seconds": 1637656794}, "endTime": {"seconds": 1637656794}, "agents": [{"id": 78541846, "state": 2, "submissionId": 23889524, "reward": 190019, "index": 0, "initialScore": 1767.405257945233, "initialConfidence": 35.0, "updatedScore": 1765.6564593820387, "updatedConfidence": 35.0, "teamId": 99999}, {"id": 78541847, "state": 2, "submissionId": 23692494, "reward": 1830030, "index": 1, "initialScore": 1971.9809957379248, "initialConfidence": 35.0, "updatedScore": 1973.7297943011188, "updatedConfidence": 35.0, "teamId": 99999}]}