{"id": 29578636, "competitionId": 30067, "createTime": {"seconds": 1635794489}, "endTime": {"seconds": 1635794489}, "agents": [{"id": 74251872, "state": 2, "submissionId": 23303548, "reward": 0, "index": 0, "initialScore": 1700.8511224441909, "initialConfidence": 35.0, "updatedScore": 1699.1357972909411, "updatedConfidence": 35.0, "teamId": 99999}, {"id": 74251873, "state": 2, "submissionId": 23281649, "reward": 460022, "index": 1, "initialScore": 1908.7821329179365, "initialConfidence": 35.0, "updatedScore": 1910.4974580711864, "updatedConfidence": 35.0, "teamId": 99999}]}