{"id": 29141437, "competitionId": 30067, "createTime": {"seconds": 1635337356}, "endTime": {"seconds": 1635337356}, "agents": [{"id": 73378474, "state": 2, "submissionId": 23281649, "reward": 570042, "index": 0, "initialScore": 1839.317142784476, "initialConfidence": 35.0, "updatedScore": 1841.30667719109, "updatedConfidence": 35.0, "teamId": 99999}, {"id": 73378475, "state": 2, "submissionId": 23055500, "reward": 200020, "index": 1, "initialScore": 1657.803593988132, "initialConfidence": 35.0, "updatedScore": 1655.8140595815175, "updatedConfidence": 35.0, "teamId": 99999}]}