{"id": 28416052, "competitionId": 30067, "createTime": {"seconds": 1634493122}, "endTime": {"seconds": 1634493122}, "agents": [{"id": 71928704, "state": 2, "submissionId": 23250234, "reward": 0, "index": 0, "initialScore": 1466.6114811643004, "initialConfidence": 35.0, "updatedScore": 1462.3125440172253, "updatedConfidence": 35.0, "teamId": 99999}, {"id": 71928705, "state": 2, "submissionId": 23281649, "reward": 450024, "index": 1, "initialScore": 1476.2319643960898, "initialConfidence": 45.19511209200748, "updatedScore": 1483.400128554223, "updatedConfidence": 44.59090261999811, "teamId": 99999}]}