{"id": 29991742, "competitionId": 30067, "createTime": {"seconds": 1636225991}, "endTime": {"seconds": 1636225991}, "agents": [{"id": 75078082, "state": 2, "submissionId": 23543954, "reward": 10002, "index": 0, "initialScore": 1705.0727297314331, "initialConfidence": 35.0, "updatedScore": 1703.5782964005475, "updatedConfidence": 35.0, "teamId": 99999}, {"id": 75078083, "state": 2, "submissionId": 23281649, "reward": 360008, "index": 1, "initialScore": 1936.231462761908, "initialConfidence": 35.0, "updatedScore": 1937.725896092793, "updatedConfidence": 35.0, "teamId": 99999}]}