{"id": 31426473, "competitionId": 30067, "createTime": {"seconds": 1637434658}, "endTime": {"seconds": 1637434658}, "agents": [{"id": 77947544, "state": 2, "submissionId": 23674338, "reward": 400012, "index": 0, "initialScore": 1703.066099950738, "initialConfidence": 35.0, "updatedScore": 1708.569416894307, "updatedConfidence": 35.0, "teamId": 99999}, {"id": 77947545, "state": 2, "submissionId": 23825370, "reward": 130011, "index": 1, "initialScore": 1761.9919666997962, "initialConfidence": 35.0, "updatedScore": 1756.4886497562272, "updatedConfidence": 35.0, "teamId": 99999}]}