{"id": 31683216, "competitionId": 30067, "createTime": {"seconds": 1637627493}, "endTime": {"seconds": 1637627493}, "agents": [{"id": 78461030, "state": 2, "submissionId": 23889524, "reward": 860086, "index": 0, "initialScore": 1770.623389462149, "initialConfidence": 35.0, "updatedScore": 1767.3769769172893, "updatedConfidence": 35.0, "teamId": 99999}, {"id": 78461031, "state": 2, "submissionId": 23825329, "reward": 1470145, "index": 1, "initialScore": 1851.832271487348, "initialConfidence": 35.0, "updatedScore": 1855.0786840322075, "updatedConfidence": 35.0, "teamId": 99999}]}