{"id": 30447180, "competitionId": 30067, "createTime": {"seconds": 1636635720}, "endTime": {"seconds": 1636635720}, "agents": [{"id": 75988958, "state": 2, "submissionId": 23554433, "reward": 270004, "index": 0, "initialScore": 1775.6581753469875, "initialConfidence": 35.0, "updatedScore": 1774.206816162065, "updatedConfidence": 35.0, "teamId": 99999}, {"id": 75988959, "state": 2, "submissionId": 23297953, "reward": 1310051, "index": 1, "initialScore": 2011.5930745956305, "initialConfidence": 35.0, "updatedScore": 2013.044433780553, "updatedConfidence": 35.0, "teamId": 99999}]}