{"id": 31303049, "competitionId": 30067, "createTime": {"seconds": 1637339949}, "endTime": {"seconds": 1637339949}, "agents": [{"id": 77700696, "state": 2, "submissionId": 23281649, "reward": 120013, "index": 0, "initialScore": 1942.755277308897, "initialConfidence": 35.0, "updatedScore": 1936.1238340763548, "updatedConfidence": 35.0, "teamId": 99999}, {"id": 77700697, "state": 2, "submissionId": 23825224, "reward": 460030, "index": 1, "initialScore": 1822.8782992667452, "initialConfidence": 35.0, "updatedScore": 1829.509742499288, "updatedConfidence": 35.0, "teamId": 99999}]}