{"id": 28463615, "competitionId": 30067, "createTime": {"seconds": 1634552650}, "endTime": {"seconds": 1634552650}, "agents": [{"id": 72023830, "state": 2, "submissionId": 23274834, "reward": 1, "index": 0, "initialScore": 1501.7243352034834, "initialConfidence": 36.33247976098135, "updatedScore": 1498.0091491642445, "updatedConfidence": 36.04684584653248, "teamId": 99999}, {"id": 72023831, "state": 2, "submissionId": 23281649, "reward": 200008, "index": 1, "initialScore": 1568.59642510452, "initialConfidence": 36.22382436231699, "updatedScore": 1572.289423205558, "updatedConfidence": 35.9407521277751, "teamId": 99999}]}