{"id": 30685469, "competitionId": 30067, "createTime": {"seconds": 1636840060}, "endTime": {"seconds": 1636840060}, "agents": [{"id": 76465536, "state": 2, "submissionId": 23281649, "reward": 380024, "index": 0, "initialScore": 1974.9036860933984, "initialConfidence": 35.0, "updatedScore": 1976.6866723969931, "updatedConfidence": 35.0, "teamId": 99999}, {"id": 76465537, "state": 2, "submissionId": 23554433, "reward": 290029, "index": 1, "initialScore": 1773.7146991720324, "initialConfidence": 35.0, "updatedScore": 1771.9317128684374, "updatedConfidence": 35.0, "teamId": 99999}]}