{"id": 31338780, "competitionId": 30067, "createTime": {"seconds": 1637367568}, "endTime": {"seconds": 1637367568}, "agents": [{"id": 77772158, "state": 2, "submissionId": 23770016, "reward": 670064, "index": 0, "initialScore": 1822.1166126108508, "initialConfidence": 35.0, "updatedScore": 1820.3320357131204, "updatedConfidence": 35.0, "teamId": 99999}, {"id": 77772159, "state": 2, "submissionId": 23297953, "reward": 1020044, "index": 1, "initialScore": 2023.1489931945532, "initialConfidence": 35.0, "updatedScore": 2024.933570092284, "updatedConfidence": 35.0, "teamId": 99999}]}