{"id": 30022284, "competitionId": 30067, "createTime": {"seconds": 1636254310}, "endTime": {"seconds": 1636254310}, "agents": [{"id": 75139166, "state": 2, "submissionId": 23554491, "reward": 520054, "index": 0, "initialScore": 1765.8202300572057, "initialConfidence": 35.0, "updatedScore": 1773.9761795480133, "updatedConfidence": 35.0, "teamId": 99999}, {"id": 75139167, "state": 2, "submissionId": 23297953, "reward": 380033, "index": 1, "initialScore": 1962.65700377512, "initialConfidence": 35.0, "updatedScore": 1954.501054284312, "updatedConfidence": 35.0, "teamId": 99999}]}