{"id": 28995107, "competitionId": 30067, "createTime": {"seconds": 1635177445}, "endTime": {"seconds": 1635177445}, "agents": [{"id": 73086814, "state": 2, "submissionId": 23323058, "reward": 550057, "index": 0, "initialScore": 1724.5187050879872, "initialConfidence": 35.0, "updatedScore": 1721.169718450455, "updatedConfidence": 35.0, "teamId": 99999}, {"id": 73086815, "state": 2, "submissionId": 23281649, "reward": 1060035, "index": 1, "initialScore": 1798.5350874872636, "initialConfidence": 35.0, "updatedScore": 1801.8840741247957, "updatedConfidence": 35.0, "teamId": 99999}]}