{"id": 31829854, "competitionId": 30067, "createTime": {"seconds": 1637732862}, "endTime": {"seconds": 1637732862}, "agents": [{"id": 78754306, "state": 2, "submissionId": 23889524, "reward": 570055, "index": 0, "initialScore": 1793.3713569914844, "initialConfidence": 35.0, "updatedScore": 1798.4869022969744, "updatedConfidence": 35.0, "teamId": 99999}, {"id": 78754307, "state": 2, "submissionId": 23825266, "reward": 500059, "index": 1, "initialScore": 1830.2790692290057, "initialConfidence": 35.0, "updatedScore": 1825.163523923516, "updatedConfidence": 35.0, "teamId": 99999}]}