{"id": 31388564, "competitionId": 30067, "createTime": {"seconds": 1637405926}, "endTime": {"seconds": 1637405926}, "agents": [{"id": 77871726, "state": 2, "submissionId": 23608696, "reward": 580058, "index": 0, "initialScore": 1774.8466053360105, "initialConfidence": 35.0, "updatedScore": 1779.8440063880466, "updatedConfidence": 35.0, "teamId": 99999}, {"id": 77871727, "state": 2, "submissionId": 23825329, "reward": 440052, "index": 1, "initialScore": 1804.91546602384, "initialConfidence": 35.0, "updatedScore": 1799.9180649718037, "updatedConfidence": 35.0, "teamId": 99999}]}