{"id": 31194634, "competitionId": 30067, "createTime": {"seconds": 1637255680}, "endTime": {"seconds": 1637255680}, "agents": [{"id": 77483866, "state": 2, "submissionId": 23500158, "reward": 90004, "index": 0, "initialScore": 1665.3798250328784, "initialConfidence": 35.0, "updatedScore": 1661.9350865820763, "updatedConfidence": 35.0, "teamId": 99999}, {"id": 77483867, "state": 2, "submissionId": 23825143, "reward": 1390133, "index": 1, "initialScore": 1732.7790599904442, "initialConfidence": 35.0, "updatedScore": 1736.2237984412463, "updatedConfidence": 35.0, "teamId": 99999}]}