{"id": 30362876, "competitionId": 30067, "createTime": {"seconds": 1636561827}, "endTime": {"seconds": 1636561827}, "agents": [{"id": 75820350, "state": 2, "submissionId": 23281649, "reward": 260026, "index": 0, "initialScore": 1974.84568584674, "initialConfidence": 35.0, "updatedScore": 1966.623201712632, "updatedConfidence": 35.0, "teamId": 99999}, {"id": 75820351, "state": 2, "submissionId": 23554491, "reward": 290029, "index": 1, "initialScore": 1774.7585915778498, "initialConfidence": 35.0, "updatedScore": 1782.9810757119576, "updatedConfidence": 35.0, "teamId": 99999}]}