{"id": 31180612, "competitionId": 30067, "createTime": {"seconds": 1637244382}, "endTime": {"seconds": 1637244382}, "agents": [{"id": 77455822, "state": 2, "submissionId": 23600395, "reward": 120014, "index": 0, "initialScore": 1693.0074405343446, "initialConfidence": 35.0, "updatedScore": 1690.094561337267, "updatedConfidence": 35.0, "teamId": 99999}, {"id": 77455823, "state": 2, "submissionId": 23825329, "reward": 510050, "index": 1, "initialScore": 1798.4295186868248, "initialConfidence": 35.0, "updatedScore": 1801.3423978839023, "updatedConfidence": 35.0, "teamId": 99999}]}