{"id": 30979224, "competitionId": 30067, "createTime": {"seconds": 1637083138}, "endTime": {"seconds": 1637083138}, "agents": [{"id": 77053046, "state": 2, "submissionId": 23554491, "reward": 220004, "index": 0, "initialScore": 1796.5274911485908, "initialConfidence": 35.0, "updatedScore": 1795.1983448775957, "updatedConfidence": 35.0, "teamId": 99999}, {"id": 77053047, "state": 2, "submissionId": 23297953, "reward": 1060033, "index": 1, "initialScore": 2054.764635693849, "initialConfidence": 35.0, "updatedScore": 2056.0937819648443, "updatedConfidence": 35.0, "teamId": 99999}]}