{"id": 30973404, "competitionId": 30067, "createTime": {"seconds": 1637078574}, "endTime": {"seconds": 1637078574}, "agents": [{"id": 77041406, "state": 2, "submissionId": 23044268, "reward": 0, "index": 0, "initialScore": 1189.3940170987817, "initialConfidence": 35.0, "updatedScore": 1185.469672994606, "updatedConfidence": 35.0, "teamId": 99999}, {"id": 77041407, "state": 2, "submissionId": 23825143, "reward": 970036, "index": 1, "initialScore": 1204.5831148635623, "initialConfidence": 98.98662793963634, "updatedScore": 1235.97258988938, "updatedConfidence": 93.43794928847842, "teamId": 99999}]}