{"id": 30542831, "competitionId": 30067, "createTime": {"seconds": 1636718548}, "endTime": {"seconds": 1636718548}, "agents": [{"id": 76180260, "state": 2, "submissionId": 23297953, "reward": 1130042, "index": 0, "initialScore": 2023.843491762499, "initialConfidence": 35.0, "updatedScore": 2025.1726380334944, "updatedConfidence": 35.0, "teamId": 99999}, {"id": 76180261, "state": 2, "submissionId": 23554433, "reward": 350009, "index": 1, "initialScore": 1762.466384796997, "initialConfidence": 35.0, "updatedScore": 1761.1372385260022, "updatedConfidence": 35.0, "teamId": 99999}]}