{"id": 28511851, "competitionId": 30067, "createTime": {"seconds": 1634613275}, "endTime": {"seconds": 1634613275}, "agents": [{"id": 72120302, "state": 2, "submissionId": 23176680, "reward": 210021, "index": 0, "initialScore": 1668.273847833955, "initialConfidence": 35.0, "updatedScore": 1662.9517330770177, "updatedConfidence": 35.0, "teamId": 99999}, {"id": 72120303, "state": 2, "submissionId": 23281649, "reward": 620029, "index": 1, "initialScore": 1619.558377214777, "initialConfidence": 35.0, "updatedScore": 1624.8804919717145, "updatedConfidence": 35.0, "teamId": 99999}]}