{"id": 32049505, "competitionId": 30067, "createTime": {"seconds": 1637887300}, "endTime": {"seconds": 1637887300}, "agents": [{"id": 79193608, "state": 2, "submissionId": 23297953, "reward": 580015, "index": 0, "initialScore": 1977.2192085578597, "initialConfidence": 35.0, "updatedScore": 1979.7929133236732, "updatedConfidence": 35.0, "teamId": 99999}, {"id": 79193609, "state": 2, "submissionId": 23825329, "reward": 210030, "index": 1, "initialScore": 1845.6457632069369, "initialConfidence": 35.0, "updatedScore": 1843.0720584411229, "updatedConfidence": 35.0, "teamId": 99999}]}