{"id": 31951440, "competitionId": 30067, "createTime": {"seconds": 1637818599}, "endTime": {"seconds": 1637818599}, "agents": [{"id": 78997478, "state": 2, "submissionId": 23692494, "reward": 1840058, "index": 0, "initialScore": 1995.0234328005456, "initialConfidence": 35.0, "updatedScore": 1997.539374212136, "updatedConfidence": 35.0, "teamId": 99999}, {"id": 78997479, "state": 2, "submissionId": 23825143, "reward": 970095, "index": 1, "initialScore": 1858.8155711277, "initialConfidence": 35.0, "updatedScore": 1856.2996297161096, "updatedConfidence": 35.0, "teamId": 99999}]}