{"id": 28486483, "competitionId": 30067, "createTime": {"seconds": 1634581230}, "endTime": {"seconds": 1634581230}, "agents": [{"id": 72069566, "state": 2, "submissionId": 23297953, "reward": 130015, "index": 0, "initialScore": 1450.8788397415597, "initialConfidence": 44.25620442654181, "updatedScore": 1456.6817680165157, "updatedConfidence": 43.73064521644834, "teamId": 99999}, {"id": 72069567, "state": 2, "submissionId": 22959638, "reward": 0, "index": 1, "initialScore": 1397.4541489694902, "initialConfidence": 35.0, "updatedScore": 1393.824747904443, "updatedConfidence": 35.0, "teamId": 99999}]}