{"id": 30419678, "competitionId": 30067, "createTime": {"seconds": 1636611924}, "endTime": {"seconds": 1636611924}, "agents": [{"id": 75933954, "state": 2, "submissionId": 23187048, "reward": 0, "index": 0, "initialScore": 976.4110366872958, "initialConfidence": 35.0, "updatedScore": 973.8016279866016, "updatedConfidence": 35.0, "teamId": 99999}, {"id": 75933955, "state": 2, "submissionId": 23692494, "reward": 580037, "index": 1, "initialScore": 1099.5891339301063, "initialConfidence": 86.37162277275954, "updatedScore": 1115.4800222718115, "updatedConfidence": 83.28137976633565, "teamId": 99999}]}