{"id": 31131152, "competitionId": 30067, "createTime": {"seconds": 1637205471}, "endTime": {"seconds": 1637205471}, "agents": [{"id": 77356902, "state": 2, "submissionId": 23825370, "reward": 390033, "index": 0, "initialScore": 1648.643821654083, "initialConfidence": 35.42579878475183, "updatedScore": 1653.1145500882317, "updatedConfidence": 35.12985849297708, "teamId": 99999}, {"id": 77356903, "state": 2, "submissionId": 23469931, "reward": 130013, "index": 1, "initialScore": 1640.919212958476, "initialConfidence": 35.0, "updatedScore": 1636.5553100863422, "updatedConfidence": 35.0, "teamId": 99999}]}