{"id": 31776801, "competitionId": 30067, "createTime": {"seconds": 1637695005}, "endTime": {"seconds": 1637695005}, "agents": [{"id": 78648200, "state": 2, "submissionId": 23825266, "reward": 1020023, "index": 0, "initialScore": 1842.4375104590972, "initialConfidence": 35.0, "updatedScore": 1836.6516603365117, "updatedConfidence": 35.0, "teamId": 99999}, {"id": 78648201, "state": 2, "submissionId": 23790168, "reward": 1350025, "index": 1, "initialScore": 1767.8453007892251, "initialConfidence": 35.0, "updatedScore": 1773.6311509118111, "updatedConfidence": 35.0, "teamId": 99999}]}