{"id": 31062009, "competitionId": 30067, "createTime": {"seconds": 1637150273}, "endTime": {"seconds": 1637150273}, "agents": [{"id": 77218616, "state": 2, "submissionId": 23599919, "reward": 1, "index": 0, "initialScore": 1593.847996992137, "initialConfidence": 35.0, "updatedScore": 1589.7887723010776, "updatedConfidence": 35.0, "teamId": 99999}, {"id": 77218617, "state": 2, "submissionId": 23825370, "reward": 260021, "index": 1, "initialScore": 1620.1857739426314, "initialConfidence": 37.9503511357516, "updatedScore": 1624.9581933155698, "updatedConfidence": 37.59890931953231, "teamId": 99999}]}