{"id": 32161198, "competitionId": 30067, "createTime": {"seconds": 1637965567}, "endTime": {"seconds": 1637965567}, "agents": [{"id": 79416994, "state": 2, "submissionId": 23032370, "reward": 1740090, "index": 0, "initialScore": 1773.0979195034222, "initialConfidence": 35.0, "updatedScore": 1769.967690323824, "updatedConfidence": 35.0, "teamId": 99999}, {"id": 79416995, "state": 2, "submissionId": 23825143, "reward": 2110026, "index": 1, "initialScore": 1862.5915300166305, "initialConfidence": 35.0, "updatedScore": 1865.7217591962285, "updatedConfidence": 35.0, "teamId": 99999}]}