{"id": 31643016, "competitionId": 30067, "createTime": {"seconds": 1637595786}, "endTime": {"seconds": 1637595786}, "agents": [{"id": 78380630, "state": 2, "submissionId": 23642602, "reward": 40005, "index": 0, "initialScore": 1734.3485587869698, "initialConfidence": 35.0, "updatedScore": 1730.638749169021, "updatedConfidence": 35.0, "teamId": 99999}, {"id": 78380631, "state": 2, "submissionId": 23825370, "reward": 70006, "index": 1, "initialScore": 1783.8778162479373, "initialConfidence": 35.0, "updatedScore": 1787.5876258658864, "updatedConfidence": 35.0, "teamId": 99999}]}