{"id": 30983222, "competitionId": 30067, "createTime": {"seconds": 1637086749}, "endTime": {"seconds": 1637086749}, "agents": [{"id": 77061042, "state": 2, "submissionId": 23794439, "reward": 120012, "index": 0, "initialScore": 1483.976957446093, "initialConfidence": 35.0, "updatedScore": 1480.0950544949962, "updatedConfidence": 35.0, "teamId": 99999}, {"id": 77061043, "state": 2, "submissionId": 23825370, "reward": 1100109, "index": 1, "initialScore": 1520.16086553475, "initialConfidence": 46.24647539466088, "updatedScore": 1526.9383083741675, "updatedConfidence": 45.62898105641845, "teamId": 99999}]}