{"id": 31465038, "competitionId": 30067, "createTime": {"seconds": 1637463933}, "endTime": {"seconds": 1637463933}, "agents": [{"id": 78024674, "state": 2, "submissionId": 23825143, "reward": 720082, "index": 0, "initialScore": 1794.0716300023175, "initialConfidence": 35.0, "updatedScore": 1799.2495115299153, "updatedConfidence": 35.0, "teamId": 99999}, {"id": 78024675, "state": 2, "submissionId": 23032370, "reward": 720028, "index": 1, "initialScore": 1834.5621638978591, "initialConfidence": 35.0, "updatedScore": 1829.3842823702612, "updatedConfidence": 35.0, "teamId": 99999}]}