{"id": 31924217, "competitionId": 30067, "createTime": {"seconds": 1637799403}, "endTime": {"seconds": 1637799403}, "agents": [{"id": 78943032, "state": 2, "submissionId": 23825143, "reward": 450027, "index": 0, "initialScore": 1850.5045962549889, "initialConfidence": 35.0, "updatedScore": 1857.6740951922332, "updatedConfidence": 35.0, "teamId": 99999}, {"id": 78943033, "state": 2, "submissionId": 23281649, "reward": 1, "index": 1, "initialScore": 1998.14226397427, "initialConfidence": 35.0, "updatedScore": 1990.9727650370253, "updatedConfidence": 35.0, "teamId": 99999}]}