{"id": 30779904, "competitionId": 30067, "createTime": {"seconds": 1636919285}, "endTime": {"seconds": 1636919285}, "agents": [{"id": 76654406, "state": 2, "submissionId": 23692494, "reward": 8, "index": 0, "initialScore": 1691.5234598614286, "initialConfidence": 35.0, "updatedScore": 1687.27003450445, "updatedConfidence": 35.0, "teamId": 99999}, {"id": 76654407, "state": 2, "submissionId": 23600395, "reward": 130016, "index": 1, "initialScore": 1706.1700962710024, "initialConfidence": 35.0, "updatedScore": 1710.423521627981, "updatedConfidence": 35.0, "teamId": 99999}]}