{"id": 31326901, "competitionId": 30067, "createTime": {"seconds": 1637358448}, "endTime": {"seconds": 1637358448}, "agents": [{"id": 77748400, "state": 2, "submissionId": 23825266, "reward": 2040189, "index": 0, "initialScore": 1730.6576646836968, "initialConfidence": 35.0, "updatedScore": 1735.9900912413543, "updatedConfidence": 35.0, "teamId": 99999}, {"id": 77748401, "state": 2, "submissionId": 23674317, "reward": 780074, "index": 1, "initialScore": 1779.9577841411008, "initialConfidence": 35.0, "updatedScore": 1774.6253575834432, "updatedConfidence": 35.0, "teamId": 99999}]}