{"id": 31656447, "competitionId": 30067, "createTime": {"seconds": 1637605625}, "endTime": {"seconds": 1637605625}, "agents": [{"id": 78407492, "state": 2, "submissionId": 23889524, "reward": 50005, "index": 0, "initialScore": 1750.8038292104145, "initialConfidence": 35.0, "updatedScore": 1755.9875075123248, "updatedConfidence": 35.0, "teamId": 99999}, {"id": 78407493, "state": 2, "submissionId": 23825370, "reward": 0, "index": 1, "initialScore": 1791.6266610164264, "initialConfidence": 35.0, "updatedScore": 1786.442982714516, "updatedConfidence": 35.0, "teamId": 99999}]}