{"id": 31018815, "competitionId": 30067, "createTime": {"seconds": 1637115682}, "endTime": {"seconds": 1637115682}, "agents": [{"id": 77132228, "state": 2, "submissionId": 23825370, "reward": 330031, "index": 0, "initialScore": 1594.6969887824068, "initialConfidence": 39.86739321618437, "updatedScore": 1600.2192817302036, "updatedConfidence": 39.4520385843752, "teamId": 99999}, {"id": 77132229, "state": 2, "submissionId": 23035248, "reward": 0, "index": 1, "initialScore": 1581.1845958564277, "initialConfidence": 35.0, "updatedScore": 1576.9284171869265, "updatedConfidence": 35.0, "teamId": 99999}]}