{"id": 30797011, "competitionId": 30067, "createTime": {"seconds": 1636933448}, "endTime": {"seconds": 1636933448}, "agents": [{"id": 76688620, "state": 2, "submissionId": 23281649, "reward": 290016, "index": 0, "initialScore": 1960.6475113292208, "initialConfidence": 35.0, "updatedScore": 1962.5445530607356, "updatedConfidence": 35.0, "teamId": 99999}, {"id": 76688621, "state": 2, "submissionId": 23554491, "reward": 70007, "index": 1, "initialScore": 1770.481815815638, "initialConfidence": 35.0, "updatedScore": 1768.5847740841236, "updatedConfidence": 35.0, "teamId": 99999}]}