{"id": 29742122, "competitionId": 30067, "createTime": {"seconds": 1635988242}, "endTime": {"seconds": 1635988242}, "agents": [{"id": 74578842, "state": 2, "submissionId": 23435377, "reward": 40003, "index": 0, "initialScore": 1729.3651854984123, "initialConfidence": 35.0, "updatedScore": 1737.872616226635, "updatedConfidence": 35.0, "teamId": 99999}, {"id": 74578843, "state": 2, "submissionId": 23297953, "reward": 10001, "index": 1, "initialScore": 1943.286496756977, "initialConfidence": 35.0, "updatedScore": 1934.7790660287544, "updatedConfidence": 35.0, "teamId": 99999}]}