{"id": 30247570, "competitionId": 30067, "createTime": {"seconds": 1636459168}, "endTime": {"seconds": 1636459168}, "agents": [{"id": 75589738, "state": 2, "submissionId": 23297953, "reward": 210004, "index": 0, "initialScore": 1981.8777649243004, "initialConfidence": 35.0, "updatedScore": 1983.728237791691, "updatedConfidence": 35.0, "teamId": 99999}, {"id": 75589739, "state": 2, "submissionId": 23554491, "reward": 0, "index": 1, "initialScore": 1787.2606889778688, "initialConfidence": 35.0, "updatedScore": 1785.410216110478, "updatedConfidence": 35.0, "teamId": 99999}]}