{"id": 31541870, "competitionId": 30067, "createTime": {"seconds": 1637521323}, "endTime": {"seconds": 1637521323}, "agents": [{"id": 78178338, "state": 2, "submissionId": 23825370, "reward": 870087, "index": 0, "initialScore": 1781.3282350030963, "initialConfidence": 35.0, "updatedScore": 1777.2182870240283, "updatedConfidence": 35.0, "teamId": 99999}, {"id": 78178339, "state": 2, "submissionId": 23032370, "reward": 1150060, "index": 1, "initialScore": 1804.9753908681805, "initialConfidence": 35.0, "updatedScore": 1809.0853388472483, "updatedConfidence": 35.0, "teamId": 99999}]}