{"id": 30977274, "competitionId": 30067, "createTime": {"seconds": 1637081694}, "endTime": {"seconds": 1637081694}, "agents": [{"id": 77049146, "state": 2, "submissionId": 23514432, "reward": 0, "index": 0, "initialScore": 1413.7271006893236, "initialConfidence": 35.0, "updatedScore": 1410.492148504454, "updatedConfidence": 35.0, "teamId": 99999}, {"id": 77049147, "state": 2, "submissionId": 23825143, "reward": 210021, "index": 1, "initialScore": 1492.1979443231612, "initialConfidence": 59.00238977321317, "updatedScore": 1501.391234779203, "updatedConfidence": 57.84742635827849, "teamId": 99999}]}