{"id": 30185624, "competitionId": 30067, "createTime": {"seconds": 1636403265}, "endTime": {"seconds": 1636403265}, "agents": [{"id": 75465846, "state": 2, "submissionId": 23297953, "reward": 690025, "index": 0, "initialScore": 1971.262413747194, "initialConfidence": 35.0, "updatedScore": 1973.1397739959816, "updatedConfidence": 35.0, "teamId": 99999}, {"id": 75465847, "state": 2, "submissionId": 23554491, "reward": 70004, "index": 1, "initialScore": 1779.2234851554722, "initialConfidence": 35.0, "updatedScore": 1777.3461249066845, "updatedConfidence": 35.0, "teamId": 99999}]}