{"id": 31338779, "competitionId": 30067, "createTime": {"seconds": 1637367568}, "endTime": {"seconds": 1637367568}, "agents": [{"id": 77772156, "state": 2, "submissionId": 23825266, "reward": 950074, "index": 0, "initialScore": 1739.9537705671055, "initialConfidence": 35.0, "updatedScore": 1744.8097686633953, "updatedConfidence": 35.0, "teamId": 99999}, {"id": 77772157, "state": 2, "submissionId": 23642611, "reward": 580046, "index": 1, "initialScore": 1761.750590825469, "initialConfidence": 35.0, "updatedScore": 1756.8945927291795, "updatedConfidence": 35.0, "teamId": 99999}]}