{"id": 28667064, "competitionId": 30067, "createTime": {"seconds": 1634801307}, "endTime": {"seconds": 1634801307}, "agents": [{"id": 72430728, "state": 2, "submissionId": 22993987, "reward": 30002, "index": 0, "initialScore": 1604.5372969737157, "initialConfidence": 35.0, "updatedScore": 1600.659449323599, "updatedConfidence": 35.0, "teamId": 99999}, {"id": 72430729, "state": 2, "submissionId": 23297953, "reward": 270008, "index": 1, "initialScore": 1643.048723864366, "initialConfidence": 35.0, "updatedScore": 1646.9265715144827, "updatedConfidence": 35.0, "teamId": 99999}]}