{"id": 31085430, "competitionId": 30067, "createTime": {"seconds": 1637169025}, "endTime": {"seconds": 1637169025}, "agents": [{"id": 77265458, "state": 2, "submissionId": 23297953, "reward": 1350065, "index": 0, "initialScore": 2056.13471694608, "initialConfidence": 35.0, "updatedScore": 2057.4638632170754, "updatedConfidence": 35.0, "teamId": 99999}, {"id": 77265459, "state": 2, "submissionId": 23642575, "reward": 1240048, "index": 1, "initialScore": 1782.315229546224, "initialConfidence": 35.0, "updatedScore": 1780.986083275229, "updatedConfidence": 35.0, "teamId": 99999}]}