{"id": 29941133, "competitionId": 30067, "createTime": {"seconds": 1636178944}, "endTime": {"seconds": 1636178944}, "agents": [{"id": 74976866, "state": 2, "submissionId": 23281649, "reward": 1100040, "index": 0, "initialScore": 1935.7374711154384, "initialConfidence": 35.0, "updatedScore": 1937.87252810989, "updatedConfidence": 35.0, "teamId": 99999}, {"id": 74976867, "state": 2, "submissionId": 23554491, "reward": 520008, "index": 1, "initialScore": 1767.371437211371, "initialConfidence": 35.0, "updatedScore": 1765.236380216919, "updatedConfidence": 35.0, "teamId": 99999}]}