{"id": 31501692, "competitionId": 30067, "createTime": {"seconds": 1637491296}, "endTime": {"seconds": 1637491296}, "agents": [{"id": 78097982, "state": 2, "submissionId": 23297953, "reward": 350023, "index": 0, "initialScore": 1992.6187521521256, "initialConfidence": 35.0, "updatedScore": 1985.270633329668, "updatedConfidence": 35.0, "teamId": 99999}, {"id": 78097983, "state": 2, "submissionId": 23825224, "reward": 360036, "index": 1, "initialScore": 1835.920522859587, "initialConfidence": 35.0, "updatedScore": 1843.2686416820447, "updatedConfidence": 35.0, "teamId": 99999}]}