{"id": 30427369, "competitionId": 30067, "createTime": {"seconds": 1636618644}, "endTime": {"seconds": 1636618644}, "agents": [{"id": 75949336, "state": 2, "submissionId": 23342614, "reward": 100023, "index": 0, "initialScore": 1386.9777275798, "initialConfidence": 35.0, "updatedScore": 1383.1254300259525, "updatedConfidence": 35.0, "teamId": 99999}, {"id": 75949337, "state": 2, "submissionId": 23692494, "reward": 1370021, "index": 1, "initialScore": 1425.2626228526174, "initialConfidence": 45.52240457776295, "updatedScore": 1431.779418830317, "updatedConfidence": 44.935042585019374, "teamId": 99999}]}