{"id": 31924250, "competitionId": 30067, "createTime": {"seconds": 1637799404}, "endTime": {"seconds": 1637799404}, "agents": [{"id": 78943098, "state": 2, "submissionId": 23889524, "reward": 1490149, "index": 0, "initialScore": 1809.6760494927676, "initialConfidence": 35.0, "updatedScore": 1814.9971574784004, "updatedConfidence": 35.0, "teamId": 99999}, {"id": 78943099, "state": 2, "submissionId": 23825143, "reward": 1410049, "index": 1, "initialScore": 1858.3344153536784, "initialConfidence": 35.0, "updatedScore": 1853.0133073680452, "updatedConfidence": 35.0, "teamId": 99999}]}