{"id": 29752494, "competitionId": 30067, "createTime": {"seconds": 1635998319}, "endTime": {"seconds": 1635998319}, "agents": [{"id": 74599586, "state": 2, "submissionId": 23281649, "reward": 1010054, "index": 0, "initialScore": 1928.3865581576367, "initialConfidence": 35.0, "updatedScore": 1930.1803902235508, "updatedConfidence": 35.0, "teamId": 99999}, {"id": 74599587, "state": 2, "submissionId": 23554491, "reward": 820049, "index": 1, "initialScore": 1728.2070517197335, "initialConfidence": 38.09477514583826, "updatedScore": 1726.0819656553765, "updatedConfidence": 37.86491439650415, "teamId": 99999}]}