{"id": 28411445, "competitionId": 30067, "createTime": {"seconds": 1634487331}, "endTime": {"seconds": 1634487331}, "agents": [{"id": 71919490, "state": 2, "submissionId": 22806752, "reward": 0, "index": 0, "initialScore": 1152.948113257677, "initialConfidence": 35.0, "updatedScore": 1149.4394039284114, "updatedConfidence": 35.0, "teamId": 99999}, {"id": 71919491, "state": 2, "submissionId": 23281649, "reward": 8, "index": 1, "initialScore": 1207.3971936322098, "initialConfidence": 75.83547757045137, "updatedScore": 1223.8695661448646, "updatedConfidence": 73.35333164069237, "teamId": 99999}]}