{"id": 29636528, "competitionId": 30067, "createTime": {"seconds": 1635885162}, "endTime": {"seconds": 1635885162}, "agents": [{"id": 74367654, "state": 2, "submissionId": 23297953, "reward": 230014, "index": 0, "initialScore": 1926.0193390421127, "initialConfidence": 35.0, "updatedScore": 1927.622899130544, "updatedConfidence": 35.0, "teamId": 99999}, {"id": 74367655, "state": 2, "submissionId": 23303548, "reward": 60006, "index": 1, "initialScore": 1706.5846856001135, "initialConfidence": 35.0, "updatedScore": 1704.9811255116829, "updatedConfidence": 35.0, "teamId": 99999}]}