{"id": 29328982, "competitionId": 30067, "createTime": {"seconds": 1635538918}, "endTime": {"seconds": 1635538918}, "agents": [{"id": 73752564, "state": 2, "submissionId": 23008895, "reward": 0, "index": 0, "initialScore": 1672.054507629539, "initialConfidence": 35.0, "updatedScore": 1670.3148339031447, "updatedConfidence": 35.0, "teamId": 99999}, {"id": 73752565, "state": 2, "submissionId": 23281649, "reward": 140007, "index": 1, "initialScore": 1877.5409778967653, "initialConfidence": 35.0, "updatedScore": 1879.28065162316, "updatedConfidence": 35.0, "teamId": 99999}]}