{"id": 31710150, "competitionId": 30067, "createTime": {"seconds": 1637646958}, "endTime": {"seconds": 1637646958}, "agents": [{"id": 78514898, "state": 2, "submissionId": 23769678, "reward": 90005, "index": 0, "initialScore": 1815.7323528459692, "initialConfidence": 35.0, "updatedScore": 1813.6751613360689, "updatedConfidence": 35.0, "teamId": 99999}, {"id": 78514899, "state": 2, "submissionId": 23297953, "reward": 520021, "index": 1, "initialScore": 1991.0659857756184, "initialConfidence": 35.0, "updatedScore": 1993.123177285519, "updatedConfidence": 35.0, "teamId": 99999}]}