{"id": 32021460, "competitionId": 30067, "createTime": {"seconds": 1637867578}, "endTime": {"seconds": 1637867578}, "agents": [{"id": 79137518, "state": 2, "submissionId": 23642575, "reward": 970049, "index": 0, "initialScore": 1769.9636708743328, "initialConfidence": 35.0, "updatedScore": 1775.748514672788, "updatedConfidence": 35.0, "teamId": 99999}, {"id": 79137519, "state": 2, "submissionId": 23825329, "reward": 950095, "index": 1, "initialScore": 1844.500600750564, "initialConfidence": 35.0, "updatedScore": 1838.715756952109, "updatedConfidence": 35.0, "teamId": 99999}]}