{"id": 32007246, "competitionId": 30067, "createTime": {"seconds": 1637857481}, "endTime": {"seconds": 1637857481}, "agents": [{"id": 79109090, "state": 2, "submissionId": 23883228, "reward": 130010, "index": 0, "initialScore": 1770.5074027418416, "initialConfidence": 35.0, "updatedScore": 1766.8133021175988, "updatedConfidence": 35.0, "teamId": 99999}, {"id": 79109091, "state": 2, "submissionId": 23825370, "reward": 370034, "index": 1, "initialScore": 1821.0784438874664, "initialConfidence": 35.0, "updatedScore": 1824.7725445117092, "updatedConfidence": 35.0, "teamId": 99999}]}