{"id": 28801769, "competitionId": 30067, "createTime": {"seconds": 1634959191}, "endTime": {"seconds": 1634959191}, "agents": [{"id": 72700138, "state": 2, "submissionId": 22902119, "reward": 250026, "index": 0, "initialScore": 1584.1493468460149, "initialConfidence": 35.0, "updatedScore": 1582.1119150385414, "updatedConfidence": 35.0, "teamId": 99999}, {"id": 72700139, "state": 2, "submissionId": 23281649, "reward": 340036, "index": 1, "initialScore": 1761.2754127945343, "initialConfidence": 35.0, "updatedScore": 1763.312844602008, "updatedConfidence": 35.0, "teamId": 99999}]}