{"id": 28809766, "competitionId": 30067, "createTime": {"seconds": 1634968578}, "endTime": {"seconds": 1634968578}, "agents": [{"id": 72716132, "state": 2, "submissionId": 23323058, "reward": 330033, "index": 0, "initialScore": 1673.7116071936955, "initialConfidence": 35.0, "updatedScore": 1669.9339876376607, "updatedConfidence": 35.0, "teamId": 99999}, {"id": 72716133, "state": 2, "submissionId": 23297953, "reward": 840043, "index": 1, "initialScore": 1718.7673840037032, "initialConfidence": 35.0, "updatedScore": 1722.545003559738, "updatedConfidence": 35.0, "teamId": 99999}]}