{"id": 28809767, "competitionId": 30067, "createTime": {"seconds": 1634968578}, "endTime": {"seconds": 1634968578}, "agents": [{"id": 72716134, "state": 2, "submissionId": 23055500, "reward": 300032, "index": 0, "initialScore": 1636.8771175716304, "initialConfidence": 35.0, "updatedScore": 1633.693500773323, "updatedConfidence": 35.0, "teamId": 99999}, {"id": 72716135, "state": 2, "submissionId": 23297953, "reward": 970031, "index": 1, "initialScore": 1722.545003559738, "initialConfidence": 35.0, "updatedScore": 1725.7286203580454, "updatedConfidence": 35.0, "teamId": 99999}]}