{"id": 29159165, "competitionId": 30067, "createTime": {"seconds": 1635356962}, "endTime": {"seconds": 1635356962}, "agents": [{"id": 73413930, "state": 2, "submissionId": 23323058, "reward": 180018, "index": 0, "initialScore": 1723.5364838908051, "initialConfidence": 35.0, "updatedScore": 1720.6643296354137, "updatedConfidence": 35.0, "teamId": 99999}, {"id": 73413931, "state": 2, "submissionId": 23297953, "reward": 1480045, "index": 1, "initialScore": 1832.0104460780208, "initialConfidence": 35.0, "updatedScore": 1834.8826003334127, "updatedConfidence": 35.0, "teamId": 99999}]}