{"id": 31669642, "competitionId": 30067, "createTime": {"seconds": 1637615482}, "endTime": {"seconds": 1637615482}, "agents": [{"id": 78433882, "state": 2, "submissionId": 23770016, "reward": 60006, "index": 0, "initialScore": 1841.3297115605903, "initialConfidence": 35.0, "updatedScore": 1848.7762853373288, "updatedConfidence": 35.0, "teamId": 99999}, {"id": 78433883, "state": 2, "submissionId": 23297953, "reward": 20002, "index": 1, "initialScore": 2002.991490159185, "initialConfidence": 35.0, "updatedScore": 1995.544916382447, "updatedConfidence": 35.0, "teamId": 99999}]}