{"id": 29792682, "competitionId": 30067, "createTime": {"seconds": 1636036957}, "endTime": {"seconds": 1636036957}, "agents": [{"id": 74679962, "state": 2, "submissionId": 23323058, "reward": 100009, "index": 0, "initialScore": 1724.4578784787395, "initialConfidence": 35.0, "updatedScore": 1722.6773020723065, "updatedConfidence": 35.0, "teamId": 99999}, {"id": 74679963, "state": 2, "submissionId": 23281649, "reward": 480027, "index": 1, "initialScore": 1925.8842998383036, "initialConfidence": 35.0, "updatedScore": 1927.6648762447364, "updatedConfidence": 35.0, "teamId": 99999}]}