{"id": 28633643, "competitionId": 30067, "createTime": {"seconds": 1634761336}, "endTime": {"seconds": 1634761336}, "agents": [{"id": 72363886, "state": 2, "submissionId": 23281649, "reward": 490045, "index": 0, "initialScore": 1696.712036352345, "initialConfidence": 35.0, "updatedScore": 1700.3791475518117, "updatedConfidence": 35.0, "teamId": 99999}, {"id": 72363887, "state": 2, "submissionId": 23243815, "reward": 290025, "index": 1, "initialScore": 1644.346242705144, "initialConfidence": 35.0, "updatedScore": 1640.679131505677, "updatedConfidence": 35.0, "teamId": 99999}]}