{"id": 31776785, "competitionId": 30067, "createTime": {"seconds": 1637695004}, "endTime": {"seconds": 1637695004}, "agents": [{"id": 78648168, "state": 2, "submissionId": 23297953, "reward": 260015, "index": 0, "initialScore": 1995.2464269810105, "initialConfidence": 35.0, "updatedScore": 1997.6589690085916, "updatedConfidence": 35.0, "teamId": 99999}, {"id": 78648169, "state": 2, "submissionId": 23770016, "reward": 20002, "index": 1, "initialScore": 1850.5947244150816, "initialConfidence": 35.0, "updatedScore": 1848.1821823875005, "updatedConfidence": 35.0, "teamId": 99999}]}