{"id": 28414706, "competitionId": 30067, "createTime": {"seconds": 1634491445}, "endTime": {"seconds": 1634491445}, "agents": [{"id": 71926012, "state": 2, "submissionId": 23190218, "reward": 0, "index": 0, "initialScore": 1403.6939495417084, "initialConfidence": 35.0, "updatedScore": 1399.641279424868, "updatedConfidence": 35.0, "teamId": 99999}, {"id": 71926013, "state": 2, "submissionId": 23281649, "reward": 140020, "index": 1, "initialScore": 1427.9112645581556, "initialConfidence": 49.79504645100413, "updatedScore": 1436.1143540406474, "updatedConfidence": 49.012341171152464, "teamId": 99999}]}