{"id": 32161015, "competitionId": 30067, "createTime": {"seconds": 1637965333}, "endTime": {"seconds": 1637965333}, "agents": [{"id": 79416628, "state": 2, "submissionId": 23825266, "reward": 1600159, "index": 0, "initialScore": 1857.0529688706868, "initialConfidence": 35.0, "updatedScore": 1854.75890292686, "updatedConfidence": 35.0, "teamId": 99999}, {"id": 79416629, "state": 2, "submissionId": 23692494, "reward": 2180111, "index": 1, "initialScore": 2011.6306057100933, "initialConfidence": 35.0, "updatedScore": 2013.9246716539203, "updatedConfidence": 35.0, "teamId": 99999}]}