{"id": 28488568, "competitionId": 30067, "createTime": {"seconds": 1634583795}, "endTime": {"seconds": 1634583795}, "agents": [{"id": 72073736, "state": 2, "submissionId": 23146878, "reward": 70005, "index": 0, "initialScore": 1553.516496139845, "initialConfidence": 35.0, "updatedScore": 1547.6503354809906, "updatedConfidence": 35.0, "teamId": 99999}, {"id": 72073737, "state": 2, "submissionId": 23297953, "reward": 1460045, "index": 1, "initialScore": 1472.1385934563075, "initialConfidence": 42.32104271330005, "updatedScore": 1480.7154981268836, "updatedConfidence": 41.75663046575902, "teamId": 99999}]}