{"id": 31528911, "competitionId": 30067, "createTime": {"seconds": 1637511721}, "endTime": {"seconds": 1637511721}, "agents": [{"id": 78152420, "state": 2, "submissionId": 23825266, "reward": 1270121, "index": 0, "initialScore": 1807.202670325814, "initialConfidence": 35.0, "updatedScore": 1810.1428202514503, "updatedConfidence": 35.0, "teamId": 99999}, {"id": 78152421, "state": 2, "submissionId": 23572011, "reward": 120024, "index": 1, "initialScore": 1703.811861583586, "initialConfidence": 35.0, "updatedScore": 1700.8717116579496, "updatedConfidence": 35.0, "teamId": 99999}]}