{"id": 31578953, "competitionId": 30067, "createTime": {"seconds": 1637548687}, "endTime": {"seconds": 1637548687}, "agents": [{"id": 78252504, "state": 2, "submissionId": 23825143, "reward": 10000, "index": 0, "initialScore": 1805.0531830878197, "initialConfidence": 35.0, "updatedScore": 1802.5391057334816, "updatedConfidence": 35.0, "teamId": 99999}, {"id": 78252505, "state": 2, "submissionId": 23692494, "reward": 280008, "index": 1, "initialScore": 1941.411562123532, "initialConfidence": 35.0, "updatedScore": 1943.92563947787, "updatedConfidence": 35.0, "teamId": 99999}]}