{"id": 28533128, "competitionId": 30067, "createTime": {"seconds": 1634639463}, "endTime": {"seconds": 1634639463}, "agents": [{"id": 72162856, "state": 2, "submissionId": 23297953, "reward": 1240042, "index": 0, "initialScore": 1538.252405444148, "initialConfidence": 37.36235418175792, "updatedScore": 1542.5840082030545, "updatedConfidence": 37.04447058381813, "teamId": 99999}, {"id": 72162857, "state": 2, "submissionId": 23308353, "reward": 140031, "index": 1, "initialScore": 1498.3787875988735, "initialConfidence": 52.17131008088116, "updatedScore": 1489.9329322223275, "updatedConfidence": 51.30226667647861, "teamId": 99999}]}