{"id": 31289923, "competitionId": 30067, "createTime": {"seconds": 1637329836}, "endTime": {"seconds": 1637329836}, "agents": [{"id": 77674444, "state": 2, "submissionId": 23825370, "reward": 1260121, "index": 0, "initialScore": 1713.9671417129666, "initialConfidence": 35.0, "updatedScore": 1718.5127332039954, "updatedConfidence": 35.0, "teamId": 99999}, {"id": 77674445, "state": 2, "submissionId": 23542431, "reward": 700072, "index": 1, "initialScore": 1717.2473082603897, "initialConfidence": 35.0, "updatedScore": 1712.701716769361, "updatedConfidence": 35.0, "teamId": 99999}]}