{"id": 31242343, "competitionId": 30067, "createTime": {"seconds": 1637292881}, "endTime": {"seconds": 1637292881}, "agents": [{"id": 77579284, "state": 2, "submissionId": 23790177, "reward": 2, "index": 0, "initialScore": 1677.9784002579077, "initialConfidence": 35.0, "updatedScore": 1674.4473082103184, "updatedConfidence": 35.0, "teamId": 99999}, {"id": 77579285, "state": 2, "submissionId": 23825143, "reward": 460033, "index": 1, "initialScore": 1739.4860838415657, "initialConfidence": 35.0, "updatedScore": 1743.0171758891547, "updatedConfidence": 35.0, "teamId": 99999}]}