{"id": 30652924, "competitionId": 30067, "createTime": {"seconds": 1636812695}, "endTime": {"seconds": 1636812695}, "agents": [{"id": 76400446, "state": 2, "submissionId": 23281649, "reward": 1170072, "index": 0, "initialScore": 1981.252716515108, "initialConfidence": 35.0, "updatedScore": 1982.754864008706, "updatedConfidence": 35.0, "teamId": 99999}, {"id": 76400447, "state": 2, "submissionId": 23608696, "reward": 400049, "index": 1, "initialScore": 1750.9401049384353, "initialConfidence": 35.0, "updatedScore": 1749.4379574448371, "updatedConfidence": 35.0, "teamId": 99999}]}