{"id": 30975778, "competitionId": 30067, "createTime": {"seconds": 1637080494}, "endTime": {"seconds": 1637080494}, "agents": [{"id": 77046154, "state": 2, "submissionId": 23825329, "reward": 1790173, "index": 0, "initialScore": 1377.101501863508, "initialConfidence": 77.03122793662348, "updatedScore": 1398.1059708473997, "updatedConfidence": 74.17136373719329, "teamId": 99999}, {"id": 77046155, "state": 2, "submissionId": 23652669, "reward": 2, "index": 1, "initialScore": 1380.5867027566935, "initialConfidence": 35.0, "updatedScore": 1376.2504543480763, "updatedConfidence": 35.0, "teamId": 99999}]}