{"id": 31514584, "competitionId": 30067, "createTime": {"seconds": 1637500898}, "endTime": {"seconds": 1637500898}, "agents": [{"id": 78123766, "state": 2, "submissionId": 23674349, "reward": 1, "index": 0, "initialScore": 1724.70714023891, "initialConfidence": 35.0, "updatedScore": 1721.0050606304633, "updatedConfidence": 35.0, "teamId": 99999}, {"id": 78123767, "state": 2, "submissionId": 23825370, "reward": 460043, "index": 1, "initialScore": 1774.748774390889, "initialConfidence": 35.0, "updatedScore": 1778.4508539993358, "updatedConfidence": 35.0, "teamId": 99999}]}