{"id": 29713596, "competitionId": 30067, "createTime": {"seconds": 1635960641}, "endTime": {"seconds": 1635960641}, "agents": [{"id": 74521790, "state": 2, "submissionId": 23323058, "reward": 270029, "index": 0, "initialScore": 1718.3400373308143, "initialConfidence": 35.0, "updatedScore": 1716.744112608876, "updatedConfidence": 35.0, "teamId": 99999}, {"id": 74521791, "state": 2, "submissionId": 23297953, "reward": 740028, "index": 1, "initialScore": 1938.578449825868, "initialConfidence": 35.0, "updatedScore": 1940.1743745478063, "updatedConfidence": 35.0, "teamId": 99999}]}