{"id": 31015478, "competitionId": 30067, "createTime": {"seconds": 1637112973}, "endTime": {"seconds": 1637112973}, "agents": [{"id": 77125554, "state": 2, "submissionId": 23554491, "reward": 10001, "index": 0, "initialScore": 1794.77975571579, "initialConfidence": 35.0, "updatedScore": 1792.6223743437224, "updatedConfidence": 35.0, "teamId": 99999}, {"id": 77125555, "state": 2, "submissionId": 23281649, "reward": 160014, "index": 1, "initialScore": 1961.175318529307, "initialConfidence": 35.0, "updatedScore": 1963.3326999013743, "updatedConfidence": 35.0, "teamId": 99999}]}