{"id": 29302079, "competitionId": 30067, "createTime": {"seconds": 1635510258}, "endTime": {"seconds": 1635510258}, "agents": [{"id": 73698758, "state": 2, "submissionId": 23281649, "reward": 290026, "index": 0, "initialScore": 1871.315389607912, "initialConfidence": 35.0, "updatedScore": 1873.452808225047, "updatedConfidence": 35.0, "teamId": 99999}, {"id": 73698759, "state": 2, "submissionId": 23034455, "reward": 80009, "index": 1, "initialScore": 1703.158364608542, "initialConfidence": 35.0, "updatedScore": 1701.020945991407, "updatedConfidence": 35.0, "teamId": 99999}]}