{"id": 30977576, "competitionId": 30067, "createTime": {"seconds": 1637081935}, "endTime": {"seconds": 1637081935}, "agents": [{"id": 77049750, "state": 2, "submissionId": 23465808, "reward": 30003, "index": 0, "initialScore": 1497.2518056707809, "initialConfidence": 35.0, "updatedScore": 1492.9224089053585, "updatedConfidence": 35.0, "teamId": 99999}, {"id": 77049751, "state": 2, "submissionId": 23825143, "reward": 520050, "index": 1, "initialScore": 1501.391234779203, "initialConfidence": 57.84742635827849, "updatedScore": 1513.2178204847442, "updatedConfidence": 56.597628877096255, "teamId": 99999}]}