{"id": 30830690, "competitionId": 30067, "createTime": {"seconds": 1636961289}, "endTime": {"seconds": 1636961289}, "agents": [{"id": 76755978, "state": 2, "submissionId": 23692494, "reward": 20018, "index": 0, "initialScore": 1724.317002093701, "initialConfidence": 35.0, "updatedScore": 1720.0980693491897, "updatedConfidence": 35.0, "teamId": 99999}, {"id": 76755979, "state": 2, "submissionId": 23642575, "reward": 240024, "index": 1, "initialScore": 1741.114969139912, "initialConfidence": 35.0, "updatedScore": 1745.3339018844233, "updatedConfidence": 35.0, "teamId": 99999}]}