{"id": 30104214, "competitionId": 30067, "createTime": {"seconds": 1636329457}, "endTime": {"seconds": 1636329457}, "agents": [{"id": 75303026, "state": 2, "submissionId": 23297953, "reward": 310012, "index": 0, "initialScore": 1967.1950775923412, "initialConfidence": 35.0, "updatedScore": 1968.898825827874, "updatedConfidence": 35.0, "teamId": 99999}, {"id": 75303027, "state": 2, "submissionId": 23554491, "reward": 0, "index": 1, "initialScore": 1758.0943260341803, "initialConfidence": 35.0, "updatedScore": 1756.390577798648, "updatedConfidence": 35.0, "teamId": 99999}]}