{"id": 32077734, "competitionId": 30067, "createTime": {"seconds": 1637906984}, "endTime": {"seconds": 1637906984}, "agents": [{"id": 79250066, "state": 2, "submissionId": 23674333, "reward": 30006, "index": 0, "initialScore": 1754.675374651659, "initialConfidence": 35.0, "updatedScore": 1761.1473703870938, "updatedConfidence": 35.0, "teamId": 99999}, {"id": 79250067, "state": 2, "submissionId": 23825266, "reward": 2, "index": 1, "initialScore": 1866.179081947196, "initialConfidence": 35.0, "updatedScore": 1859.7070862117607, "updatedConfidence": 35.0, "teamId": 99999}]}