{"id": 30734914, "competitionId": 30067, "createTime": {"seconds": 1636881611}, "endTime": {"seconds": 1636881611}, "agents": [{"id": 76564426, "state": 2, "submissionId": 23692494, "reward": 710015, "index": 0, "initialScore": 1673.190559686322, "initialConfidence": 35.0, "updatedScore": 1678.188313384794, "updatedConfidence": 35.0, "teamId": 99999}, {"id": 76564427, "state": 2, "submissionId": 23674349, "reward": 190019, "index": 1, "initialScore": 1703.2799300271683, "initialConfidence": 35.0, "updatedScore": 1698.2821763286966, "updatedConfidence": 35.0, "teamId": 99999}]}