{"id": 31098534, "competitionId": 30067, "createTime": {"seconds": 1637179348}, "endTime": {"seconds": 1637179348}, "agents": [{"id": 77291666, "state": 2, "submissionId": 23674326, "reward": 920042, "index": 0, "initialScore": 1742.6298589475102, "initialConfidence": 35.0, "updatedScore": 1745.615098963502, "updatedConfidence": 35.0, "teamId": 99999}, {"id": 77291667, "state": 2, "submissionId": 23825370, "reward": 450053, "index": 1, "initialScore": 1642.6942374030957, "initialConfidence": 36.30586356306563, "updatedScore": 1639.4820808152606, "updatedConfidence": 36.04036947367548, "teamId": 99999}]}