{"id": 30729149, "competitionId": 30067, "createTime": {"seconds": 1636876809}, "endTime": {"seconds": 1636876809}, "agents": [{"id": 76552896, "state": 2, "submissionId": 23582519, "reward": 0, "index": 0, "initialScore": 1654.6257914052617, "initialConfidence": 35.0, "updatedScore": 1650.1882436884027, "updatedConfidence": 35.0, "teamId": 99999}, {"id": 76552897, "state": 2, "submissionId": 23692494, "reward": 130010, "index": 1, "initialScore": 1657.9153071261176, "initialConfidence": 35.0, "updatedScore": 1662.3528548429765, "updatedConfidence": 35.0, "teamId": 99999}]}