{"id": 31644226, "competitionId": 30067, "createTime": {"seconds": 1637596743}, "endTime": {"seconds": 1637596743}, "agents": [{"id": 78383050, "state": 2, "submissionId": 23825143, "reward": 1590061, "index": 0, "initialScore": 1812.299907726488, "initialConfidence": 35.0, "updatedScore": 1815.0286502345612, "updatedConfidence": 35.0, "teamId": 99999}, {"id": 78383051, "state": 2, "submissionId": 23572011, "reward": 1500069, "index": 1, "initialScore": 1692.894174420455, "initialConfidence": 35.0, "updatedScore": 1690.165431912381, "updatedConfidence": 35.0, "teamId": 99999}]}