{"id": 30510752, "competitionId": 30067, "createTime": {"seconds": 1636690915}, "endTime": {"seconds": 1636690915}, "agents": [{"id": 76116102, "state": 2, "submissionId": 23297953, "reward": 1510045, "index": 0, "initialScore": 2019.836162426108, "initialConfidence": 35.0, "updatedScore": 2021.1851992205088, "updatedConfidence": 35.0, "teamId": 99999}, {"id": 76116103, "state": 2, "submissionId": 23554491, "reward": 940093, "index": 1, "initialScore": 1772.180475671784, "initialConfidence": 35.0, "updatedScore": 1770.831438877383, "updatedConfidence": 35.0, "teamId": 99999}]}