{"id": 31669644, "competitionId": 30067, "createTime": {"seconds": 1637615482}, "endTime": {"seconds": 1637615482}, "agents": [{"id": 78433886, "state": 2, "submissionId": 23825329, "reward": 1030101, "index": 0, "initialScore": 1851.5086292360672, "initialConfidence": 35.0, "updatedScore": 1854.745160661124, "updatedConfidence": 35.0, "teamId": 99999}, {"id": 78433887, "state": 2, "submissionId": 23790168, "reward": 810029, "index": 1, "initialScore": 1769.6009777715694, "initialConfidence": 35.0, "updatedScore": 1766.3644463465128, "updatedConfidence": 35.0, "teamId": 99999}]}