{"id": 31002269, "competitionId": 30067, "createTime": {"seconds": 1637102412}, "endTime": {"seconds": 1637102412}, "agents": [{"id": 77099136, "state": 2, "submissionId": 23513419, "reward": 0, "index": 0, "initialScore": 1689.5485280038013, "initialConfidence": 35.0, "updatedScore": 1685.4431135628472, "updatedConfidence": 35.0, "teamId": 99999}, {"id": 77099137, "state": 2, "submissionId": 23825329, "reward": 290026, "index": 1, "initialScore": 1712.3322764949985, "initialConfidence": 41.07587947646595, "updatedScore": 1717.9867823580526, "updatedConfidence": 40.629417975174654, "teamId": 99999}]}