{"id": 31683213, "competitionId": 30067, "createTime": {"seconds": 1637627493}, "endTime": {"seconds": 1637627493}, "agents": [{"id": 78461024, "state": 2, "submissionId": 23297953, "reward": 20002, "index": 0, "initialScore": 1995.544916382447, "initialConfidence": 35.0, "updatedScore": 1988.4359899167523, "updatedConfidence": 35.0, "teamId": 99999}, {"id": 78461025, "state": 2, "submissionId": 23825224, "reward": 750074, "index": 1, "initialScore": 1850.996590405672, "initialConfidence": 35.0, "updatedScore": 1858.1055168713665, "updatedConfidence": 35.0, "teamId": 99999}]}