{"id": 28977787, "competitionId": 30067, "createTime": {"seconds": 1635158243}, "endTime": {"seconds": 1635158243}, "agents": [{"id": 73052174, "state": 2, "submissionId": 23281649, "reward": 1220035, "index": 0, "initialScore": 1792.5895267678782, "initialConfidence": 35.0, "updatedScore": 1796.0300316961627, "updatedConfidence": 35.0, "teamId": 99999}, {"id": 73052175, "state": 2, "submissionId": 23323058, "reward": 620063, "index": 1, "initialScore": 1724.8996313379855, "initialConfidence": 35.0, "updatedScore": 1721.459126409701, "updatedConfidence": 35.0, "teamId": 99999}]}