{"id": 28445553, "competitionId": 30067, "createTime": {"seconds": 1634530084}, "endTime": {"seconds": 1634530084}, "agents": [{"id": 71987706, "state": 2, "submissionId": 23281649, "reward": 410047, "index": 0, "initialScore": 1547.8804254213624, "initialConfidence": 37.60119784680809, "updatedScore": 1551.8584708606493, "updatedConfidence": 37.28457263625175, "teamId": 99999}, {"id": 71987707, "state": 2, "submissionId": 23254728, "reward": 100011, "index": 1, "initialScore": 1480.9524084546226, "initialConfidence": 35.0, "updatedScore": 1477.5057165219116, "updatedConfidence": 35.0, "teamId": 99999}]}