{"id": 31439810, "competitionId": 30067, "createTime": {"seconds": 1637444738}, "endTime": {"seconds": 1637444738}, "agents": [{"id": 77974218, "state": 2, "submissionId": 23770016, "reward": 480048, "index": 0, "initialScore": 1829.505260438796, "initialConfidence": 35.0, "updatedScore": 1826.8019707474132, "updatedConfidence": 35.0, "teamId": 99999}, {"id": 77974219, "state": 2, "submissionId": 23281649, "reward": 580056, "index": 1, "initialScore": 1950.88267790651, "initialConfidence": 35.0, "updatedScore": 1953.585967597892, "updatedConfidence": 35.0, "teamId": 99999}]}