{"id": 29419729, "competitionId": 30067, "createTime": {"seconds": 1635633297}, "endTime": {"seconds": 1635633297}, "agents": [{"id": 73934058, "state": 2, "submissionId": 23297953, "reward": 1090048, "index": 0, "initialScore": 1893.8767238374317, "initialConfidence": 35.0, "updatedScore": 1895.6590999352889, "updatedConfidence": 35.0, "teamId": 99999}, {"id": 73934059, "state": 2, "submissionId": 23308353, "reward": 280029, "index": 1, "initialScore": 1692.6276349623688, "initialConfidence": 35.0, "updatedScore": 1690.8452588645116, "updatedConfidence": 35.0, "teamId": 99999}]}