{"id": 31229258, "competitionId": 30067, "createTime": {"seconds": 1637282798}, "endTime": {"seconds": 1637282798}, "agents": [{"id": 77553114, "state": 2, "submissionId": 23825329, "reward": 440049, "index": 0, "initialScore": 1802.8105946264857, "initialConfidence": 35.0, "updatedScore": 1798.242140527731, "updatedConfidence": 35.0, "teamId": 99999}, {"id": 77553115, "state": 2, "submissionId": 23608696, "reward": 450053, "index": 1, "initialScore": 1798.1488287385012, "initialConfidence": 35.0, "updatedScore": 1802.717282837256, "updatedConfidence": 35.0, "teamId": 99999}]}