{"id": 29991187, "competitionId": 30067, "createTime": {"seconds": 1636225511}, "endTime": {"seconds": 1636225511}, "agents": [{"id": 75076972, "state": 2, "submissionId": 23297953, "reward": 890041, "index": 0, "initialScore": 1957.279341212736, "initialConfidence": 35.0, "updatedScore": 1959.0031220442677, "updatedConfidence": 35.0, "teamId": 99999}, {"id": 75076973, "state": 2, "submissionId": 23554433, "reward": 180046, "index": 1, "initialScore": 1750.199649546197, "initialConfidence": 35.0, "updatedScore": 1748.4758687146657, "updatedConfidence": 35.0, "teamId": 99999}]}