{"id": 30596882, "competitionId": 30067, "createTime": {"seconds": 1636765114}, "endTime": {"seconds": 1636765114}, "agents": [{"id": 76288362, "state": 2, "submissionId": 23297953, "reward": 1080032, "index": 0, "initialScore": 2030.4892231174747, "initialConfidence": 35.0, "updatedScore": 2031.8183693884696, "updatedConfidence": 35.0, "teamId": 99999}, {"id": 76288363, "state": 2, "submissionId": 23554433, "reward": 550050, "index": 1, "initialScore": 1762.9717711127705, "initialConfidence": 35.0, "updatedScore": 1761.6426248417754, "updatedConfidence": 35.0, "teamId": 99999}]}