{"id": 29732192, "competitionId": 30067, "createTime": {"seconds": 1635978642}, "endTime": {"seconds": 1635978642}, "agents": [{"id": 74558982, "state": 2, "submissionId": 23323058, "reward": 240024, "index": 0, "initialScore": 1712.7124075578747, "initialConfidence": 35.0, "updatedScore": 1711.1987982048283, "updatedConfidence": 35.0, "teamId": 99999}, {"id": 74558983, "state": 2, "submissionId": 23297953, "reward": 960034, "index": 1, "initialScore": 1941.7728874039303, "initialConfidence": 35.0, "updatedScore": 1943.286496756977, "updatedConfidence": 35.0, "teamId": 99999}]}