{"id": 31528876, "competitionId": 30067, "createTime": {"seconds": 1637511720}, "endTime": {"seconds": 1637511720}, "agents": [{"id": 78152350, "state": 2, "submissionId": 23825329, "reward": 520049, "index": 0, "initialScore": 1829.6378051627723, "initialConfidence": 35.0, "updatedScore": 1832.180104156126, "updatedConfidence": 35.0, "teamId": 99999}, {"id": 78152351, "state": 2, "submissionId": 23565396, "reward": 160014, "index": 1, "initialScore": 1695.5517554450496, "initialConfidence": 35.0, "updatedScore": 1693.009456451696, "updatedConfidence": 35.0, "teamId": 99999}]}