{"id": 31802551, "competitionId": 30067, "createTime": {"seconds": 1637713425}, "endTime": {"seconds": 1637713425}, "agents": [{"id": 78699700, "state": 2, "submissionId": 23889524, "reward": 80009, "index": 0, "initialScore": 1784.1839900419902, "initialConfidence": 35.0, "updatedScore": 1789.6384905244915, "updatedConfidence": 35.0, "teamId": 99999}, {"id": 78699701, "state": 2, "submissionId": 23825266, "reward": 20002, "index": 1, "initialScore": 1840.3721501489583, "initialConfidence": 35.0, "updatedScore": 1834.9176496664568, "updatedConfidence": 35.0, "teamId": 99999}]}