{"id": 28421028, "competitionId": 30067, "createTime": {"seconds": 1634499362}, "endTime": {"seconds": 1634499362}, "agents": [{"id": 71938656, "state": 2, "submissionId": 23281649, "reward": 660031, "index": 0, "initialScore": 1484.6097866951518, "initialConfidence": 41.95733360075642, "updatedScore": 1490.8077546535928, "updatedConfidence": 41.47142837410565, "teamId": 99999}, {"id": 71938657, "state": 2, "submissionId": 23172881, "reward": 70009, "index": 1, "initialScore": 1475.1013714308635, "initialConfidence": 35.0, "updatedScore": 1470.7884687982437, "updatedConfidence": 35.0, "teamId": 99999}]}