{"id": 30976087, "competitionId": 30067, "createTime": {"seconds": 1637080734}, "endTime": {"seconds": 1637080734}, "agents": [{"id": 77046772, "state": 2, "submissionId": 23825143, "reward": 500017, "index": 0, "initialScore": 1431.2700076780231, "initialConfidence": 65.6285770186144, "updatedScore": 1447.063262663285, "updatedConfidence": 63.79659272067849, "teamId": 99999}, {"id": 77046773, "state": 2, "submissionId": 23617158, "reward": 0, "index": 1, "initialScore": 1440.2385010783548, "initialConfidence": 35.0, "updatedScore": 1435.746687121608, "updatedConfidence": 35.0, "teamId": 99999}]}