{"id": 29410565, "competitionId": 30067, "createTime": {"seconds": 1635623935}, "endTime": {"seconds": 1635623935}, "agents": [{"id": 73915730, "state": 2, "submissionId": 23435377, "reward": 40005, "index": 0, "initialScore": 1646.787581744513, "initialConfidence": 35.0, "updatedScore": 1645.4220077807115, "updatedConfidence": 35.0, "teamId": 99999}, {"id": 73915731, "state": 2, "submissionId": 23297953, "reward": 1310029, "index": 1, "initialScore": 1892.5111498736296, "initialConfidence": 35.0, "updatedScore": 1893.8767238374317, "updatedConfidence": 35.0, "teamId": 99999}]}