{"id": 29588162, "competitionId": 30067, "createTime": {"seconds": 1635803854}, "endTime": {"seconds": 1635803854}, "agents": [{"id": 74270924, "state": 2, "submissionId": 23281649, "reward": 710017, "index": 0, "initialScore": 1910.4974580711864, "initialConfidence": 35.0, "updatedScore": 1911.9789345543163, "updatedConfidence": 35.0, "teamId": 99999}, {"id": 74270925, "state": 2, "submissionId": 23381067, "reward": 170025, "index": 1, "initialScore": 1677.9113246209547, "initialConfidence": 35.0, "updatedScore": 1676.4298481378246, "updatedConfidence": 35.0, "teamId": 99999}]}