{"id": 31656448, "competitionId": 30067, "createTime": {"seconds": 1637605625}, "endTime": {"seconds": 1637605625}, "agents": [{"id": 78407494, "state": 2, "submissionId": 23825266, "reward": 610042, "index": 0, "initialScore": 1822.613661020868, "initialConfidence": 35.0, "updatedScore": 1826.0611221619545, "updatedConfidence": 35.0, "teamId": 99999}, {"id": 78407495, "state": 2, "submissionId": 23674333, "reward": 110011, "index": 1, "initialScore": 1755.401265995409, "initialConfidence": 35.0, "updatedScore": 1751.953804854323, "updatedConfidence": 35.0, "teamId": 99999}]}