{"id": 29438394, "competitionId": 30067, "createTime": {"seconds": 1635652494}, "endTime": {"seconds": 1635652494}, "agents": [{"id": 73971388, "state": 2, "submissionId": 23323058, "reward": 110011, "index": 0, "initialScore": 1726.0217965980394, "initialConfidence": 35.0, "updatedScore": 1723.8345623650944, "updatedConfidence": 35.0, "teamId": 99999}, {"id": 73971389, "state": 2, "submissionId": 23281649, "reward": 430022, "index": 1, "initialScore": 1889.8005958152853, "initialConfidence": 35.0, "updatedScore": 1891.9878300482303, "updatedConfidence": 35.0, "teamId": 99999}]}