{"id": 31883111, "competitionId": 30067, "createTime": {"seconds": 1637770541}, "endTime": {"seconds": 1637770541}, "agents": [{"id": 78860820, "state": 2, "submissionId": 23889524, "reward": 1160116, "index": 0, "initialScore": 1801.7348440018795, "initialConfidence": 35.0, "updatedScore": 1798.0708503078215, "updatedConfidence": 35.0, "teamId": 99999}, {"id": 78860821, "state": 2, "submissionId": 23825143, "reward": 1220027, "index": 1, "initialScore": 1854.3083470378376, "initialConfidence": 35.0, "updatedScore": 1857.972340731896, "updatedConfidence": 35.0, "teamId": 99999}]}