{"id": 28695434, "competitionId": 30067, "createTime": {"seconds": 1634834665}, "endTime": {"seconds": 1634834665}, "agents": [{"id": 72487468, "state": 2, "submissionId": 23010508, "reward": 1, "index": 0, "initialScore": 1652.203641613307, "initialConfidence": 35.0, "updatedScore": 1648.6590208023893, "updatedConfidence": 35.0, "teamId": 99999}, {"id": 72487469, "state": 2, "submissionId": 23281649, "reward": 360017, "index": 1, "initialScore": 1712.7946209394256, "initialConfidence": 35.0, "updatedScore": 1716.339241750343, "updatedConfidence": 35.0, "teamId": 99999}]}