{"id": 31964985, "competitionId": 30067, "createTime": {"seconds": 1637827961}, "endTime": {"seconds": 1637827961}, "agents": [{"id": 79024568, "state": 2, "submissionId": 23790137, "reward": 50005, "index": 0, "initialScore": 1739.8957729666229, "initialConfidence": 35.0, "updatedScore": 1736.950457547225, "updatedConfidence": 35.0, "teamId": 99999}, {"id": 79024569, "state": 2, "submissionId": 23825266, "reward": 100010, "index": 1, "initialScore": 1842.9029282575632, "initialConfidence": 35.0, "updatedScore": 1845.8482436769607, "updatedConfidence": 35.0, "teamId": 99999}]}