{"id": 28484933, "competitionId": 30067, "createTime": {"seconds": 1634579310}, "endTime": {"seconds": 1634579310}, "agents": [{"id": 72066466, "state": 2, "submissionId": 22651097, "reward": 1, "index": 0, "initialScore": 1279.2680782182529, "initialConfidence": 35.0, "updatedScore": 1276.539078429046, "updatedConfidence": 35.0, "teamId": 99999}, {"id": 72066467, "state": 2, "submissionId": 23297953, "reward": 720024, "index": 1, "initialScore": 1397.5139261609042, "initialConfidence": 48.89606200875781, "updatedScore": 1402.8400980739275, "updatedConfidence": 48.28574297178773, "teamId": 99999}]}