{"id": 30979948, "competitionId": 30067, "createTime": {"seconds": 1637084108}, "endTime": {"seconds": 1637084108}, "agents": [{"id": 77054494, "state": 2, "submissionId": 23358027, "reward": 0, "index": 0, "initialScore": 1379.804310161878, "initialConfidence": 35.0, "updatedScore": 1376.2807304969374, "updatedConfidence": 35.0, "teamId": 99999}, {"id": 77054495, "state": 2, "submissionId": 23825370, "reward": 250013, "index": 1, "initialScore": 1438.194069719937, "initialConfidence": 56.10522448072488, "updatedScore": 1447.2483641927058, "updatedConfidence": 55.06533967457359, "teamId": 99999}]}