{"id": 31134075, "competitionId": 30067, "createTime": {"seconds": 1637207867}, "endTime": {"seconds": 1637207867}, "agents": [{"id": 77362748, "state": 2, "submissionId": 23674326, "reward": 1, "index": 0, "initialScore": 1754.1325231854576, "initialConfidence": 35.0, "updatedScore": 1750.2078394812631, "updatedConfidence": 35.0, "teamId": 99999}, {"id": 77362749, "state": 2, "submissionId": 23825329, "reward": 1480142, "index": 1, "initialScore": 1789.6125490393542, "initialConfidence": 35.0, "updatedScore": 1793.5372327435489, "updatedConfidence": 35.0, "teamId": 99999}]}