{"id": 31072557, "competitionId": 30067, "createTime": {"seconds": 1637158675}, "endTime": {"seconds": 1637158675}, "agents": [{"id": 77239712, "state": 2, "submissionId": 23825329, "reward": 700080, "index": 0, "initialScore": 1759.1798747188864, "initialConfidence": 37.25013126498155, "updatedScore": 1763.016368948573, "updatedConfidence": 36.9448093072434, "teamId": 99999}, {"id": 77239713, "state": 2, "submissionId": 23551906, "reward": 170020, "index": 1, "initialScore": 1688.0808449669023, "initialConfidence": 35.0, "updatedScore": 1684.6938463206927, "updatedConfidence": 35.0, "teamId": 99999}]}