{"id": 28604323, "competitionId": 30067, "createTime": {"seconds": 1634726142}, "endTime": {"seconds": 1634726142}, "agents": [{"id": 72305246, "state": 2, "submissionId": 23297953, "reward": 570016, "index": 0, "initialScore": 1592.4376222648075, "initialConfidence": 35.0, "updatedScore": 1595.8427628875204, "updatedConfidence": 35.0, "teamId": 99999}, {"id": 72305247, "state": 2, "submissionId": 23296921, "reward": 0, "index": 1, "initialScore": 1522.3129046277777, "initialConfidence": 35.0, "updatedScore": 1518.9077640050646, "updatedConfidence": 35.0, "teamId": 99999}]}