{"id": 31896963, "competitionId": 30067, "createTime": {"seconds": 1637780377}, "endTime": {"seconds": 1637780377}, "agents": [{"id": 78888524, "state": 2, "submissionId": 23825224, "reward": 950095, "index": 0, "initialScore": 1859.1634895921047, "initialConfidence": 35.0, "updatedScore": 1865.6020785983328, "updatedConfidence": 35.0, "teamId": 99999}, {"id": 78888525, "state": 2, "submissionId": 23297953, "reward": 900041, "index": 1, "initialScore": 1968.9037483193583, "initialConfidence": 35.0, "updatedScore": 1962.4651593131312, "updatedConfidence": 35.0, "teamId": 99999}]}