{"id": 31241596, "competitionId": 30067, "createTime": {"seconds": 1637292397}, "endTime": {"seconds": 1637292397}, "agents": [{"id": 77577790, "state": 2, "submissionId": 23770016, "reward": 1, "index": 0, "initialScore": 1801.7290107687445, "initialConfidence": 35.0, "updatedScore": 1800.3184514082295, "updatedConfidence": 35.0, "teamId": 99999}, {"id": 77577791, "state": 2, "submissionId": 23297953, "reward": 350007, "index": 1, "initialScore": 2042.2718353005969, "initialConfidence": 35.0, "updatedScore": 2043.6823946611116, "updatedConfidence": 35.0, "teamId": 99999}]}