{"id": 29365157, "competitionId": 30067, "createTime": {"seconds": 1635577105}, "endTime": {"seconds": 1635577105}, "agents": [{"id": 73824914, "state": 2, "submissionId": 23323058, "reward": 230022, "index": 0, "initialScore": 1706.8546313673642, "initialConfidence": 35.0, "updatedScore": 1704.8266199290922, "updatedConfidence": 35.0, "teamId": 99999}, {"id": 73824915, "state": 2, "submissionId": 23281649, "reward": 620020, "index": 1, "initialScore": 1884.8388073453543, "initialConfidence": 35.0, "updatedScore": 1886.8668187836265, "updatedConfidence": 35.0, "teamId": 99999}]}