{"id": 28483374, "competitionId": 30067, "createTime": {"seconds": 1634577390}, "endTime": {"seconds": 1634577390}, "agents": [{"id": 72063348, "state": 2, "submissionId": 22891740, "reward": 20001, "index": 0, "initialScore": 1227.9985800175682, "initialConfidence": 35.0, "updatedScore": 1224.5207292216476, "updatedConfidence": 35.0, "teamId": 99999}, {"id": 72063349, "state": 2, "submissionId": 23297953, "reward": 630015, "index": 1, "initialScore": 1288.719581609418, "initialConfidence": 60.166300655129234, "updatedScore": 1298.9969394154032, "updatedConfidence": 58.89943577941489, "teamId": 99999}]}