{"id": 31605068, "competitionId": 30067, "createTime": {"seconds": 1637567886}, "endTime": {"seconds": 1637567886}, "agents": [{"id": 78304734, "state": 2, "submissionId": 23825143, "reward": 820082, "index": 0, "initialScore": 1798.078137008228, "initialConfidence": 35.0, "updatedScore": 1801.879020245573, "updatedConfidence": 35.0, "teamId": 99999}, {"id": 78304735, "state": 2, "submissionId": 23760238, "reward": 110020, "index": 1, "initialScore": 1754.5484474714997, "initialConfidence": 35.0, "updatedScore": 1750.7475642341544, "updatedConfidence": 35.0, "teamId": 99999}]}