{"id": 30619240, "competitionId": 30067, "createTime": {"seconds": 1636784107}, "endTime": {"seconds": 1636784107}, "agents": [{"id": 76333078, "state": 2, "submissionId": 23554491, "reward": 190001, "index": 0, "initialScore": 1757.3542475777947, "initialConfidence": 35.0, "updatedScore": 1755.7462778860763, "updatedConfidence": 35.0, "teamId": 99999}, {"id": 76333079, "state": 2, "submissionId": 23281649, "reward": 590016, "index": 1, "initialScore": 1976.3257955560896, "initialConfidence": 35.0, "updatedScore": 1977.933765247808, "updatedConfidence": 35.0, "teamId": 99999}]}