{"id": 31789317, "competitionId": 30067, "createTime": {"seconds": 1637704061}, "endTime": {"seconds": 1637704061}, "agents": [{"id": 78673232, "state": 2, "submissionId": 23770016, "reward": 190002, "index": 0, "initialScore": 1840.7573784309063, "initialConfidence": 35.0, "updatedScore": 1838.4905680681425, "updatedConfidence": 35.0, "teamId": 99999}, {"id": 78673233, "state": 2, "submissionId": 23297953, "reward": 1110024, "index": 1, "initialScore": 1997.6589690085916, "initialConfidence": 35.0, "updatedScore": 1999.9257793713557, "updatedConfidence": 35.0, "teamId": 99999}]}