{"id": 31528627, "competitionId": 30067, "createTime": {"seconds": 1637511482}, "endTime": {"seconds": 1637511482}, "agents": [{"id": 78151852, "state": 2, "submissionId": 23825224, "reward": 840083, "index": 0, "initialScore": 1848.031139003786, "initialConfidence": 35.0, "updatedScore": 1854.685715002876, "updatedConfidence": 35.0, "teamId": 99999}, {"id": 78151853, "state": 2, "submissionId": 23281649, "reward": 710039, "index": 1, "initialScore": 1969.1170667818328, "initialConfidence": 35.0, "updatedScore": 1962.4624907827424, "updatedConfidence": 35.0, "teamId": 99999}]}