{"id": 31315523, "competitionId": 30067, "createTime": {"seconds": 1637349774}, "endTime": {"seconds": 1637349774}, "agents": [{"id": 77725644, "state": 2, "submissionId": 23825143, "reward": 630061, "index": 0, "initialScore": 1761.3765911843211, "initialConfidence": 35.0, "updatedScore": 1765.192163900003, "updatedConfidence": 35.0, "teamId": 99999}, {"id": 77725645, "state": 2, "submissionId": 23565821, "reward": 10003, "index": 1, "initialScore": 1718.8082925352574, "initialConfidence": 35.0, "updatedScore": 1714.9927198195758, "updatedConfidence": 35.0, "teamId": 99999}]}