{"id": 31401194, "competitionId": 30067, "createTime": {"seconds": 1637415527}, "endTime": {"seconds": 1637415527}, "agents": [{"id": 77896986, "state": 2, "submissionId": 23825370, "reward": 1000091, "index": 0, "initialScore": 1758.3190992930004, "initialConfidence": 35.0, "updatedScore": 1762.615579429195, "updatedConfidence": 35.0, "teamId": 99999}, {"id": 77896987, "state": 2, "submissionId": 23642602, "reward": 0, "index": 1, "initialScore": 1746.3470883706275, "initialConfidence": 35.0, "updatedScore": 1742.050608234433, "updatedConfidence": 35.0, "teamId": 99999}]}