{"id": 28409165, "competitionId": 30067, "createTime": {"seconds": 1634484451}, "endTime": {"seconds": 1634484451}, "agents": [{"id": 71914930, "state": 2, "submissionId": 23281649, "reward": 140023, "index": 0, "initialScore": 872.4111706899915, "initialConfidence": 144.3660015574339, "updatedScore": 927.2209258573544, "updatedConfidence": 130.37458097058752, "teamId": 99999}, {"id": 71914931, "state": 2, "submissionId": 22868001, "reward": 0, "index": 1, "initialScore": 822.923644916328, "initialConfidence": 35.0, "updatedScore": 819.7021007151792, "updatedConfidence": 35.0, "teamId": 99999}]}