{"id": 31376973, "competitionId": 30067, "createTime": {"seconds": 1637397049}, "endTime": {"seconds": 1637397049}, "agents": [{"id": 77848544, "state": 2, "submissionId": 23692494, "reward": 1250019, "index": 0, "initialScore": 1917.851386591568, "initialConfidence": 35.0, "updatedScore": 1921.1724646783773, "updatedConfidence": 35.0, "teamId": 99999}, {"id": 77848545, "state": 2, "submissionId": 23825224, "reward": 40000, "index": 1, "initialScore": 1841.8889486825235, "initialConfidence": 35.0, "updatedScore": 1838.5678705957137, "updatedConfidence": 35.0, "teamId": 99999}]}