{"id": 31924184, "competitionId": 30067, "createTime": {"seconds": 1637799402}, "endTime": {"seconds": 1637799402}, "agents": [{"id": 78942966, "state": 2, "submissionId": 23825266, "reward": 230002, "index": 0, "initialScore": 1833.9419330078167, "initialConfidence": 35.0, "updatedScore": 1837.3275411231928, "updatedConfidence": 35.0, "teamId": 99999}, {"id": 78942967, "state": 2, "submissionId": 23790168, "reward": 1, "index": 1, "initialScore": 1762.4671283574662, "initialConfidence": 35.0, "updatedScore": 1759.0815202420902, "updatedConfidence": 35.0, "teamId": 99999}]}