{"id": 31605069, "competitionId": 30067, "createTime": {"seconds": 1637567886}, "endTime": {"seconds": 1637567886}, "agents": [{"id": 78304736, "state": 2, "submissionId": 23692494, "reward": 1880052, "index": 0, "initialScore": 1946.890780262747, "initialConfidence": 35.0, "updatedScore": 1949.8817974860456, "updatedConfidence": 35.0, "teamId": 99999}, {"id": 78304737, "state": 2, "submissionId": 23825224, "reward": 390015, "index": 1, "initialScore": 1847.2629964458515, "initialConfidence": 35.0, "updatedScore": 1844.2719792225528, "updatedConfidence": 35.0, "teamId": 99999}]}