{"id": 31066097, "competitionId": 30067, "createTime": {"seconds": 1637153630}, "endTime": {"seconds": 1637153630}, "agents": [{"id": 77226792, "state": 2, "submissionId": 23825370, "reward": 610057, "index": 0, "initialScore": 1624.9581933155698, "initialConfidence": 37.59890931953231, "updatedScore": 1628.828844773956, "updatedConfidence": 37.28654330163249, "teamId": 99999}, {"id": 77226793, "state": 2, "submissionId": 22917589, "reward": 90009, "index": 1, "initialScore": 1551.6117054835258, "initialConfidence": 35.0, "updatedScore": 1548.2576544925405, "updatedConfidence": 35.0, "teamId": 99999}]}