{"id": 28479883, "competitionId": 30067, "createTime": {"seconds": 1634573071}, "endTime": {"seconds": 1634573071}, "agents": [{"id": 72056366, "state": 2, "submissionId": 23297953, "reward": 690044, "index": 0, "initialScore": 936.9177567126108, "initialConfidence": 118.05690359639496, "updatedScore": 952.8729539720612, "updatedConfidence": 112.9560080204506, "teamId": 99999}, {"id": 72056367, "state": 2, "submissionId": 22998586, "reward": 40004, "index": 1, "initialScore": 628.0992835548897, "initialConfidence": 35.0, "updatedScore": 626.6969365543656, "updatedConfidence": 35.0, "teamId": 99999}]}