{"id": 29337827, "competitionId": 30067, "createTime": {"seconds": 1635548281}, "endTime": {"seconds": 1635548281}, "agents": [{"id": 73770254, "state": 2, "submissionId": 23281649, "reward": 10002, "index": 0, "initialScore": 1879.28065162316, "initialConfidence": 35.0, "updatedScore": 1881.020027299524, "updatedConfidence": 35.0, "teamId": 99999}, {"id": 73770255, "state": 2, "submissionId": 23430612, "reward": 10001, "index": 1, "initialScore": 1673.7643845106854, "initialConfidence": 35.0, "updatedScore": 1672.0250088343212, "updatedConfidence": 35.0, "teamId": 99999}]}