{"id": 28413564, "competitionId": 30067, "createTime": {"seconds": 1634489971}, "endTime": {"seconds": 1634489971}, "agents": [{"id": 71923728, "state": 2, "submissionId": 23281649, "reward": 120011, "index": 0, "initialScore": 1386.4760556910855, "initialConfidence": 54.11942255281308, "updatedScore": 1394.505814333653, "updatedConfidence": 53.20514392058129, "teamId": 99999}, {"id": 71923729, "state": 2, "submissionId": 23077531, "reward": 10001, "index": 1, "initialScore": 1316.0176004509876, "initialConfidence": 35.0, "updatedScore": 1312.659201604744, "updatedConfidence": 35.0, "teamId": 99999}]}