{"id": 32091600, "competitionId": 30067, "createTime": {"seconds": 1637916818}, "endTime": {"seconds": 1637916818}, "agents": [{"id": 79277798, "state": 2, "submissionId": 23825370, "reward": 1460031, "index": 0, "initialScore": 1835.8832792260123, "initialConfidence": 35.0, "updatedScore": 1840.163023444808, "updatedConfidence": 35.0, "teamId": 99999}, {"id": 79277799, "state": 2, "submissionId": 23889524, "reward": 1310131, "index": 1, "initialScore": 1822.8730119083727, "initialConfidence": 35.0, "updatedScore": 1818.5932676895773, "updatedConfidence": 35.0, "teamId": 99999}]}