{"id": 29871801, "competitionId": 30067, "createTime": {"seconds": 1636112980}, "endTime": {"seconds": 1636112980}, "agents": [{"id": 74838200, "state": 2, "submissionId": 23281649, "reward": 900030, "index": 0, "initialScore": 1921.0547512658216, "initialConfidence": 35.0, "updatedScore": 1923.0642628824155, "updatedConfidence": 35.0, "teamId": 99999}, {"id": 74838201, "state": 2, "submissionId": 23554433, "reward": 250024, "index": 1, "initialScore": 1741.3785953872562, "initialConfidence": 35.0, "updatedScore": 1739.3690837706624, "updatedConfidence": 35.0, "teamId": 99999}]}