{"id": 30974883, "competitionId": 30067, "createTime": {"seconds": 1637079774}, "endTime": {"seconds": 1637079774}, "agents": [{"id": 77044364, "state": 2, "submissionId": 23825329, "reward": 510048, "index": 0, "initialScore": 1295.255225577337, "initialConfidence": 88.53659197653754, "updatedScore": 1325.6114474645583, "updatedConfidence": 84.12787045992893, "teamId": 99999}, {"id": 77044365, "state": 2, "submissionId": 23056585, "reward": 0, "index": 1, "initialScore": 1331.4599296745043, "initialConfidence": 35.0, "updatedScore": 1326.7160003982017, "updatedConfidence": 35.0, "teamId": 99999}]}