{"id": 29704374, "competitionId": 30067, "createTime": {"seconds": 1635951598}, "endTime": {"seconds": 1635951598}, "agents": [{"id": 74503346, "state": 2, "submissionId": 23308353, "reward": 0, "index": 0, "initialScore": 1710.3913614589596, "initialConfidence": 35.0, "updatedScore": 1708.6922935071989, "updatedConfidence": 35.0, "teamId": 99999}, {"id": 74503347, "state": 2, "submissionId": 23281649, "reward": 190009, "index": 1, "initialScore": 1919.9663949182527, "initialConfidence": 35.0, "updatedScore": 1921.665462870014, "updatedConfidence": 35.0, "teamId": 99999}]}