{"id": 31630276, "competitionId": 30067, "createTime": {"seconds": 1637586399}, "endTime": {"seconds": 1637586399}, "agents": [{"id": 78355150, "state": 2, "submissionId": 23770016, "reward": 330024, "index": 0, "initialScore": 1849.962490519708, "initialConfidence": 35.0, "updatedScore": 1847.0160131522423, "updatedConfidence": 35.0, "teamId": 99999}, {"id": 78355151, "state": 2, "submissionId": 23692494, "reward": 530022, "index": 1, "initialScore": 1952.8833931003687, "initialConfidence": 35.0, "updatedScore": 1955.829870467834, "updatedConfidence": 35.0, "teamId": 99999}]}