{"id": 30985241, "competitionId": 30067, "createTime": {"seconds": 1637088196}, "endTime": {"seconds": 1637088196}, "agents": [{"id": 77065080, "state": 2, "submissionId": 23465236, "reward": 90009, "index": 0, "initialScore": 1641.051340612474, "initialConfidence": 35.0, "updatedScore": 1636.3041822364958, "updatedConfidence": 35.0, "teamId": 99999}, {"id": 77065081, "state": 2, "submissionId": 23825143, "reward": 370034, "index": 1, "initialScore": 1623.68587905534, "initialConfidence": 43.166188109920775, "updatedScore": 1630.9066743014034, "updatedConfidence": 42.61561555774023, "teamId": 99999}]}