{"id": 28480855, "competitionId": 30067, "createTime": {"seconds": 1634574272}, "endTime": {"seconds": 1634574272}, "agents": [{"id": 72058310, "state": 2, "submissionId": 23297953, "reward": 220015, "index": 0, "initialScore": 1019.3124090382992, "initialConfidence": 99.66349795072166, "updatedScore": 1049.7990545311418, "updatedConfidence": 94.11860060716312, "teamId": 99999}, {"id": 72058311, "state": 2, "submissionId": 22856332, "reward": 0, "index": 1, "initialScore": 992.2375831945336, "initialConfidence": 35.0, "updatedScore": 988.477707579104, "updatedConfidence": 35.0, "teamId": 99999}]}