{"id": 28450923, "competitionId": 30067, "createTime": {"seconds": 1634536805}, "endTime": {"seconds": 1634536805}, "agents": [{"id": 71998446, "state": 2, "submissionId": 23281649, "reward": 260013, "index": 0, "initialScore": 1551.8584708606493, "initialConfidence": 37.28457263625175, "updatedScore": 1556.555839312905, "updatedConfidence": 36.94813550029584, "teamId": 99999}, {"id": 71998447, "state": 2, "submissionId": 23248143, "reward": 10001, "index": 1, "initialScore": 1530.4833273147824, "initialConfidence": 35.0, "updatedScore": 1526.343975150978, "updatedConfidence": 35.0, "teamId": 99999}]}