{"id": 30980546, "competitionId": 30067, "createTime": {"seconds": 1637084590}, "endTime": {"seconds": 1637084590}, "agents": [{"id": 77055690, "state": 2, "submissionId": 23457333, "reward": 50005, "index": 0, "initialScore": 1404.3310050555544, "initialConfidence": 35.0, "updatedScore": 1401.0202993645, "updatedConfidence": 35.0, "teamId": 99999}, {"id": 77055691, "state": 2, "submissionId": 23825266, "reward": 720071, "index": 1, "initialScore": 1478.6625231061234, "initialConfidence": 51.52071637079077, "updatedScore": 1485.8363067208463, "updatedConfidence": 50.7347521045081, "teamId": 99999}]}