{"id": 30887721, "competitionId": 30067, "createTime": {"seconds": 1637008705}, "endTime": {"seconds": 1637008705}, "agents": [{"id": 76870040, "state": 2, "submissionId": 23554433, "reward": 380032, "index": 0, "initialScore": 1793.456126146842, "initialConfidence": 35.0, "updatedScore": 1791.2613635905338, "updatedConfidence": 35.0, "teamId": 99999}, {"id": 76870041, "state": 2, "submissionId": 23281649, "reward": 910040, "index": 1, "initialScore": 1956.57826161849, "initialConfidence": 35.0, "updatedScore": 1958.773024174798, "updatedConfidence": 35.0, "teamId": 99999}]}