{"id": 31452301, "competitionId": 30067, "createTime": {"seconds": 1637454330}, "endTime": {"seconds": 1637454330}, "agents": [{"id": 77999200, "state": 2, "submissionId": 23825266, "reward": 180004, "index": 0, "initialScore": 1779.4763656134553, "initialConfidence": 35.0, "updatedScore": 1783.8032491483325, "updatedConfidence": 35.0, "teamId": 99999}, {"id": 77999201, "state": 2, "submissionId": 23674317, "reward": 80008, "index": 1, "initialScore": 1769.3859935715889, "initialConfidence": 35.0, "updatedScore": 1765.0591100367117, "updatedConfidence": 35.0, "teamId": 99999}]}