{"id": 29920498, "competitionId": 30067, "createTime": {"seconds": 1636159271}, "endTime": {"seconds": 1636159271}, "agents": [{"id": 74935594, "state": 2, "submissionId": 23554491, "reward": 0, "index": 0, "initialScore": 1767.109268593555, "initialConfidence": 35.0, "updatedScore": 1765.076331042421, "updatedConfidence": 35.0, "teamId": 99999}, {"id": 74935595, "state": 2, "submissionId": 23297953, "reward": 290008, "index": 1, "initialScore": 1944.644430480286, "initialConfidence": 35.0, "updatedScore": 1946.67736803142, "updatedConfidence": 35.0, "teamId": 99999}]}