{"id": 30175455, "competitionId": 30067, "createTime": {"seconds": 1636394077}, "endTime": {"seconds": 1636394077}, "agents": [{"id": 75445508, "state": 2, "submissionId": 23297953, "reward": 480028, "index": 0, "initialScore": 1969.321459283321, "initialConfidence": 35.0, "updatedScore": 1971.262413747194, "updatedConfidence": 35.0, "teamId": 99999}, {"id": 75445509, "state": 2, "submissionId": 23554491, "reward": 270012, "index": 1, "initialScore": 1783.2939679288131, "initialConfidence": 35.0, "updatedScore": 1781.3530134649402, "updatedConfidence": 35.0, "teamId": 99999}]}