{"id": 31401134, "competitionId": 30067, "createTime": {"seconds": 1637415525}, "endTime": {"seconds": 1637415525}, "agents": [{"id": 77896866, "state": 2, "submissionId": 23825224, "reward": 90010, "index": 0, "initialScore": 1836.1814141024324, "initialConfidence": 35.0, "updatedScore": 1843.73324019508, "updatedConfidence": 35.0, "teamId": 99999}, {"id": 77896867, "state": 2, "submissionId": 23297953, "reward": 20004, "index": 1, "initialScore": 2003.126204074544, "initialConfidence": 35.0, "updatedScore": 1995.5743779818963, "updatedConfidence": 35.0, "teamId": 99999}]}