{"id": 30576169, "competitionId": 30067, "createTime": {"seconds": 1636747356}, "endTime": {"seconds": 1636747356}, "agents": [{"id": 76246936, "state": 2, "submissionId": 23281649, "reward": 240009, "index": 0, "initialScore": 1969.7317866072651, "initialConfidence": 35.0, "updatedScore": 1971.3100993515127, "updatedConfidence": 35.0, "teamId": 99999}, {"id": 76246937, "state": 2, "submissionId": 23608696, "reward": 0, "index": 1, "initialScore": 1747.6302156101058, "initialConfidence": 35.0, "updatedScore": 1746.051902865858, "updatedConfidence": 35.0, "teamId": 99999}]}