{"id": 29230350, "competitionId": 30067, "createTime": {"seconds": 1635434796}, "endTime": {"seconds": 1635434796}, "agents": [{"id": 73555300, "state": 2, "submissionId": 23303548, "reward": 0, "index": 0, "initialScore": 1690.7431512781227, "initialConfidence": 35.0, "updatedScore": 1688.5130052360655, "updatedConfidence": 35.0, "teamId": 99999}, {"id": 73555301, "state": 2, "submissionId": 23297953, "reward": 290018, "index": 1, "initialScore": 1850.7960270788865, "initialConfidence": 35.0, "updatedScore": 1853.026173120944, "updatedConfidence": 35.0, "teamId": 99999}]}