{"id": 30425559, "competitionId": 30067, "createTime": {"seconds": 1636616967}, "endTime": {"seconds": 1636616967}, "agents": [{"id": 75945716, "state": 2, "submissionId": 23554491, "reward": 590048, "index": 0, "initialScore": 1780.819670408612, "initialConfidence": 35.0, "updatedScore": 1779.2941906369574, "updatedConfidence": 35.0, "teamId": 99999}, {"id": 75945717, "state": 2, "submissionId": 23297953, "reward": 1150040, "index": 1, "initialScore": 2008.58967244218, "initialConfidence": 35.0, "updatedScore": 2010.115152213834, "updatedConfidence": 35.0, "teamId": 99999}]}