{"id": 29636835, "competitionId": 30067, "createTime": {"seconds": 1635885405}, "endTime": {"seconds": 1635885405}, "agents": [{"id": 74368268, "state": 2, "submissionId": 23281649, "reward": 310015, "index": 0, "initialScore": 1918.6475132465275, "initialConfidence": 35.0, "updatedScore": 1920.351750143684, "updatedConfidence": 35.0, "teamId": 99999}, {"id": 74368269, "state": 2, "submissionId": 23323058, "reward": 40004, "index": 1, "initialScore": 1709.5962347005045, "initialConfidence": 35.0, "updatedScore": 1707.8919978033475, "updatedConfidence": 35.0, "teamId": 99999}]}