{"id": 30980848, "competitionId": 30067, "createTime": {"seconds": 1637084830}, "endTime": {"seconds": 1637084830}, "agents": [{"id": 77056294, "state": 2, "submissionId": 23383954, "reward": 10001, "index": 0, "initialScore": 1575.353826409834, "initialConfidence": 35.0, "updatedScore": 1571.467431564696, "updatedConfidence": 35.0, "teamId": 99999}, {"id": 77056295, "state": 2, "submissionId": 23825143, "reward": 2160207, "index": 1, "initialScore": 1611.423073120359, "initialConfidence": 45.3770841205991, "updatedScore": 1617.9556420818042, "updatedConfidence": 44.79285312662696, "teamId": 99999}]}