{"id": 29981634, "competitionId": 30067, "createTime": {"seconds": 1636216630}, "endTime": {"seconds": 1636216630}, "agents": [{"id": 75057866, "state": 2, "submissionId": 23554491, "reward": 170017, "index": 0, "initialScore": 1763.8910377834634, "initialConfidence": 35.0, "updatedScore": 1771.7081296666076, "updatedConfidence": 35.0, "teamId": 99999}, {"id": 75057867, "state": 2, "submissionId": 23281649, "reward": 130011, "index": 1, "initialScore": 1944.048554645052, "initialConfidence": 35.0, "updatedScore": 1936.231462761908, "updatedConfidence": 35.0, "teamId": 99999}]}