{"id": 31003896, "competitionId": 30067, "createTime": {"seconds": 1637103615}, "endTime": {"seconds": 1637103615}, "agents": [{"id": 77102390, "state": 2, "submissionId": 23692494, "reward": 1220022, "index": 0, "initialScore": 1818.6993110231324, "initialConfidence": 35.0, "updatedScore": 1821.911661092875, "updatedConfidence": 35.0, "teamId": 99999}, {"id": 77102391, "state": 2, "submissionId": 23565821, "reward": 180019, "index": 1, "initialScore": 1735.0771162475835, "initialConfidence": 35.0, "updatedScore": 1731.8647661778411, "updatedConfidence": 35.0, "teamId": 99999}]}