{"id": 31533517, "competitionId": 30067, "createTime": {"seconds": 1637515084}, "endTime": {"seconds": 1637515084}, "agents": [{"id": 78161632, "state": 2, "submissionId": 23825370, "reward": 10001, "index": 0, "initialScore": 1786.3772636129952, "initialConfidence": 35.0, "updatedScore": 1781.3282350030963, "updatedConfidence": 35.0, "teamId": 99999}, {"id": 78161633, "state": 2, "submissionId": 23674317, "reward": 220018, "index": 1, "initialScore": 1753.31198467927, "initialConfidence": 35.0, "updatedScore": 1758.3610132891688, "updatedConfidence": 35.0, "teamId": 99999}]}