{"id": 29167701, "competitionId": 30067, "createTime": {"seconds": 1635366083}, "endTime": {"seconds": 1635366083}, "agents": [{"id": 73431002, "state": 2, "submissionId": 23281649, "reward": 340028, "index": 0, "initialScore": 1846.7366062942097, "initialConfidence": 35.0, "updatedScore": 1848.507296006968, "updatedConfidence": 35.0, "teamId": 99999}, {"id": 73431003, "state": 2, "submissionId": 22947606, "reward": 170015, "index": 1, "initialScore": 1644.3340565522806, "initialConfidence": 35.0, "updatedScore": 1642.5633668395228, "updatedConfidence": 35.0, "teamId": 99999}]}