{"id": 30426272, "competitionId": 30067, "createTime": {"seconds": 1636617684}, "endTime": {"seconds": 1636617684}, "agents": [{"id": 75947142, "state": 2, "submissionId": 23218246, "reward": 10001, "index": 0, "initialScore": 1331.2009696159364, "initialConfidence": 35.0, "updatedScore": 1327.5556864071075, "updatedConfidence": 35.0, "teamId": 99999}, {"id": 75947143, "state": 2, "submissionId": 23692494, "reward": 620015, "index": 1, "initialScore": 1382.6353251429505, "initialConfidence": 49.1165603257062, "updatedScore": 1389.8141122934474, "updatedConfidence": 48.400813294896565, "teamId": 99999}]}