{"id": 30424900, "competitionId": 30067, "createTime": {"seconds": 1636616484}, "endTime": {"seconds": 1636616484}, "agents": [{"id": 75944398, "state": 2, "submissionId": 23461573, "reward": 2, "index": 0, "initialScore": 1317.9256627371649, "initialConfidence": 35.0, "updatedScore": 1313.8261797150583, "updatedConfidence": 35.0, "teamId": 99999}, {"id": 75944399, "state": 2, "submissionId": 23692494, "reward": 2340057, "index": 1, "initialScore": 1338.1610715755903, "initialConfidence": 53.47266481408383, "updatedScore": 1347.729853542315, "updatedConfidence": 52.50310727970128, "teamId": 99999}]}