{"id": 30976679, "competitionId": 30067, "createTime": {"seconds": 1637081214}, "endTime": {"seconds": 1637081214}, "agents": [{"id": 77047956, "state": 2, "submissionId": 23825143, "reward": 860080, "index": 0, "initialScore": 1463.0747859250173, "initialConfidence": 62.05818753027058, "updatedScore": 1480.2187223400497, "updatedConfidence": 60.372781112319686, "teamId": 99999}, {"id": 77047957, "state": 2, "submissionId": 23455271, "reward": 20002, "index": 1, "initialScore": 1529.2678728891092, "initialConfidence": 35.0, "updatedScore": 1523.814710118036, "updatedConfidence": 35.0, "teamId": 99999}]}