{"id": 30933076, "competitionId": 30067, "createTime": {"seconds": 1637045671}, "endTime": {"seconds": 1637045671}, "agents": [{"id": 76960750, "state": 2, "submissionId": 23281649, "reward": 620038, "index": 0, "initialScore": 1955.7059298906704, "initialConfidence": 35.0, "updatedScore": 1957.9394010016329, "updatedConfidence": 35.0, "teamId": 99999}, {"id": 76960751, "state": 2, "submissionId": 23554433, "reward": 490071, "index": 1, "initialScore": 1795.9400495891884, "initialConfidence": 35.0, "updatedScore": 1793.7065784782258, "updatedConfidence": 35.0, "teamId": 99999}]}