{"id": 31696691, "competitionId": 30067, "createTime": {"seconds": 1637637330}, "endTime": {"seconds": 1637637330}, "agents": [{"id": 78487980, "state": 2, "submissionId": 23297953, "reward": 1000036, "index": 0, "initialScore": 1988.4359899167523, "initialConfidence": 35.0, "updatedScore": 1991.0659857756184, "updatedConfidence": 35.0, "teamId": 99999}, {"id": 78487981, "state": 2, "submissionId": 23825224, "reward": 830083, "index": 1, "initialScore": 1861.324826690052, "initialConfidence": 35.0, "updatedScore": 1858.6948308311864, "updatedConfidence": 35.0, "teamId": 99999}]}