{"id": 29141369, "competitionId": 30067, "createTime": {"seconds": 1635337354}, "endTime": {"seconds": 1635337354}, "agents": [{"id": 73378338, "state": 2, "submissionId": 23323058, "reward": 40006, "index": 0, "initialScore": 1720.2475129156144, "initialConfidence": 35.0, "updatedScore": 1717.3600977326253, "updatedConfidence": 35.0, "teamId": 99999}, {"id": 73378339, "state": 2, "submissionId": 23297953, "reward": 720016, "index": 1, "initialScore": 1827.5752150139012, "initialConfidence": 35.0, "updatedScore": 1830.4626301968904, "updatedConfidence": 35.0, "teamId": 99999}]}