{"id": 28414515, "competitionId": 30067, "createTime": {"seconds": 1634491201}, "endTime": {"seconds": 1634491201}, "agents": [{"id": 71925630, "state": 2, "submissionId": 23281649, "reward": 390020, "index": 0, "initialScore": 1417.5485956311466, "initialConfidence": 50.69319817604732, "updatedScore": 1427.9112645581556, "updatedConfidence": 49.79504645100413, "teamId": 99999}, {"id": 71925631, "state": 2, "submissionId": 23021418, "reward": 20003, "index": 1, "initialScore": 1448.741987729336, "initialConfidence": 35.0, "updatedScore": 1443.8021995164177, "updatedConfidence": 35.0, "teamId": 99999}]}