{"id": 30818829, "competitionId": 30067, "createTime": {"seconds": 1636951451}, "endTime": {"seconds": 1636951451}, "agents": [{"id": 76732256, "state": 2, "submissionId": 23554433, "reward": 560022, "index": 0, "initialScore": 1786.530549240531, "initialConfidence": 35.0, "updatedScore": 1785.196270985179, "updatedConfidence": 35.0, "teamId": 99999}, {"id": 76732257, "state": 2, "submissionId": 23297953, "reward": 1540030, "index": 1, "initialScore": 2035.9235254249008, "initialConfidence": 35.0, "updatedScore": 2037.257803680253, "updatedConfidence": 35.0, "teamId": 99999}]}