{"id": 28408404, "competitionId": 30067, "createTime": {"seconds": 1634483491}, "endTime": {"seconds": 1634483491}, "agents": [{"id": 71913408, "state": 3, "submissionId": 23016990, "reward": 0, "index": 0, "initialScore": 473.5722634277685, "initialConfidence": 35.0, "updatedScore": 472.1301361455185, "updatedConfidence": 35.0, "teamId": 99999}, {"id": 71913409, "state": 2, "submissionId": 23281649, "reward": 20010, "index": 1, "initialScore": 730.5323335143364, "initialConfidence": 185.0, "updatedScore": 770.8236039102595, "updatedConfidence": 170.0, "teamId": 99999}]}