{"id": 32063982, "competitionId": 30067, "createTime": {"seconds": 1637897383}, "endTime": {"seconds": 1637897383}, "agents": [{"id": 79222562, "state": 2, "submissionId": 23825143, "reward": 20000, "index": 0, "initialScore": 1856.671267149285, "initialConfidence": 35.0, "updatedScore": 1853.9903879802869, "updatedConfidence": 35.0, "teamId": 99999}, {"id": 79222563, "state": 2, "submissionId": 23297953, "reward": 530017, "index": 1, "initialScore": 1979.7929133236732, "initialConfidence": 35.0, "updatedScore": 1982.473792492672, "updatedConfidence": 35.0, "teamId": 99999}]}