{"id": 31363525, "competitionId": 30067, "createTime": {"seconds": 1637386733}, "endTime": {"seconds": 1637386733}, "agents": [{"id": 77821648, "state": 2, "submissionId": 23032370, "reward": 260025, "index": 0, "initialScore": 1825.5717910364328, "initialConfidence": 35.0, "updatedScore": 1829.3574000877716, "updatedConfidence": 35.0, "teamId": 99999}, {"id": 77821649, "state": 2, "submissionId": 23825143, "reward": 250002, "index": 1, "initialScore": 1781.0406127420151, "initialConfidence": 35.0, "updatedScore": 1777.2550036906766, "updatedConfidence": 35.0, "teamId": 99999}]}