{"id": 31710169, "competitionId": 30067, "createTime": {"seconds": 1637646958}, "endTime": {"seconds": 1637646958}, "agents": [{"id": 78514936, "state": 2, "submissionId": 23825266, "reward": 430025, "index": 0, "initialScore": 1835.1702293416693, "initialConfidence": 35.0, "updatedScore": 1838.1965633700595, "updatedConfidence": 35.0, "teamId": 99999}, {"id": 78514937, "state": 2, "submissionId": 23674333, "reward": 50008, "index": 1, "initialScore": 1738.1357705648545, "initialConfidence": 35.0, "updatedScore": 1735.1094365364645, "updatedConfidence": 35.0, "teamId": 99999}]}