{"id": 32161199, "competitionId": 30067, "createTime": {"seconds": 1637965567}, "endTime": {"seconds": 1637965567}, "agents": [{"id": 79416996, "state": 2, "submissionId": 23297953, "reward": 550025, "index": 0, "initialScore": 1988.1215307346183, "initialConfidence": 35.0, "updatedScore": 1981.4417832895847, "updatedConfidence": 35.0, "teamId": 99999}, {"id": 79416997, "state": 2, "submissionId": 23825143, "reward": 580058, "index": 1, "initialScore": 1865.7217591962285, "initialConfidence": 35.0, "updatedScore": 1872.401506641262, "updatedConfidence": 35.0, "teamId": 99999}]}