{"id": 31241585, "competitionId": 30067, "createTime": {"seconds": 1637292397}, "endTime": {"seconds": 1637292397}, "agents": [{"id": 77577768, "state": 2, "submissionId": 23760238, "reward": 2, "index": 0, "initialScore": 1740.306818554369, "initialConfidence": 35.0, "updatedScore": 1737.8808331781772, "updatedConfidence": 35.0, "teamId": 99999}, {"id": 77577769, "state": 2, "submissionId": 23692494, "reward": 660008, "index": 1, "initialScore": 1883.8495576790792, "initialConfidence": 35.0, "updatedScore": 1886.2755430552716, "updatedConfidence": 35.0, "teamId": 99999}]}