{"id": 28809722, "competitionId": 30067, "createTime": {"seconds": 1634968342}, "endTime": {"seconds": 1634968342}, "agents": [{"id": 72716044, "state": 2, "submissionId": 23008895, "reward": 280029, "index": 0, "initialScore": 1648.4728700603512, "initialConfidence": 35.0, "updatedScore": 1655.0082339539908, "updatedConfidence": 35.0, "teamId": 99999}, {"id": 72716045, "state": 2, "submissionId": 23281649, "reward": 0, "index": 1, "initialScore": 1763.312844602008, "initialConfidence": 35.0, "updatedScore": 1756.7774807083683, "updatedConfidence": 35.0, "teamId": 99999}]}