{"id": 31278588, "competitionId": 30067, "createTime": {"seconds": 1637320961}, "endTime": {"seconds": 1637320961}, "agents": [{"id": 77651774, "state": 2, "submissionId": 23552447, "reward": 870070, "index": 0, "initialScore": 1697.1575551937892, "initialConfidence": 35.0, "updatedScore": 1693.5077158941106, "updatedConfidence": 35.0, "teamId": 99999}, {"id": 77651775, "state": 2, "submissionId": 23825143, "reward": 2260031, "index": 1, "initialScore": 1750.675171121079, "initialConfidence": 35.0, "updatedScore": 1754.3250104207575, "updatedConfidence": 35.0, "teamId": 99999}]}