{"id": 30971609, "competitionId": 30067, "createTime": {"seconds": 1637077133}, "endTime": {"seconds": 1637077133}, "agents": [{"id": 77037816, "state": 2, "submissionId": 23825143, "reward": 4130394, "index": 0, "initialScore": 848.7683670310149, "initialConfidence": 170.0, "updatedScore": 928.5832464753514, "updatedConfidence": 155.0, "teamId": 99999}, {"id": 77037817, "state": 2, "submissionId": 22653875, "reward": 10001, "index": 1, "initialScore": 830.6132267801354, "initialConfidence": 35.0, "updatedScore": 827.2300701254879, "updatedConfidence": 35.0, "teamId": 99999}]}