{"id": 31351308, "competitionId": 30067, "createTime": {"seconds": 1637377371}, "endTime": {"seconds": 1637377371}, "agents": [{"id": 77797214, "state": 2, "submissionId": 23825266, "reward": 230022, "index": 0, "initialScore": 1744.8097686633953, "initialConfidence": 35.0, "updatedScore": 1748.689518507133, "updatedConfidence": 35.0, "teamId": 99999}, {"id": 77797215, "state": 2, "submissionId": 23790177, "reward": 90004, "index": 1, "initialScore": 1706.421784905168, "initialConfidence": 35.0, "updatedScore": 1702.5420350614302, "updatedConfidence": 35.0, "teamId": 99999}]}