{"id": 32133541, "competitionId": 30067, "createTime": {"seconds": 1637946131}, "endTime": {"seconds": 1637946131}, "agents": [{"id": 79361680, "state": 2, "submissionId": 23032370, "reward": 1020042, "index": 0, "initialScore": 1788.981923708633, "initialConfidence": 35.0, "updatedScore": 1785.6150504988614, "updatedConfidence": 35.0, "teamId": 99999}, {"id": 79361681, "state": 2, "submissionId": 23825143, "reward": 1110022, "index": 1, "initialScore": 1861.7552642089104, "initialConfidence": 35.0, "updatedScore": 1865.122137418682, "updatedConfidence": 35.0, "teamId": 99999}]}