{"id": 31049968, "competitionId": 30067, "createTime": {"seconds": 1637140674}, "endTime": {"seconds": 1637140674}, "agents": [{"id": 77194534, "state": 2, "submissionId": 23825143, "reward": 1150064, "index": 0, "initialScore": 1673.9580222483316, "initialConfidence": 37.15436335822709, "updatedScore": 1679.417232991283, "updatedConfidence": 36.798044788629056, "teamId": 99999}, {"id": 77194535, "state": 2, "submissionId": 23500168, "reward": 2, "index": 1, "initialScore": 1695.5783524932867, "initialConfidence": 35.0, "updatedScore": 1690.7338821635635, "updatedConfidence": 35.0, "teamId": 99999}]}