{"id": 29881687, "competitionId": 30067, "createTime": {"seconds": 1636122341}, "endTime": {"seconds": 1636122341}, "agents": [{"id": 74857972, "state": 2, "submissionId": 23281649, "reward": 350031, "index": 0, "initialScore": 1923.0642628824155, "initialConfidence": 35.0, "updatedScore": 1924.9587003724632, "updatedConfidence": 35.0, "teamId": 99999}, {"id": 74857973, "state": 2, "submissionId": 23323058, "reward": 310031, "index": 1, "initialScore": 1732.6513700534342, "initialConfidence": 35.0, "updatedScore": 1730.7569325633865, "updatedConfidence": 35.0, "teamId": 99999}]}