{"id": 28664881, "competitionId": 30067, "createTime": {"seconds": 1634798667}, "endTime": {"seconds": 1634798667}, "agents": [{"id": 72426362, "state": 2, "submissionId": 23297953, "reward": 360005, "index": 0, "initialScore": 1634.571596206514, "initialConfidence": 35.0, "updatedScore": 1639.2004648227098, "updatedConfidence": 35.0, "teamId": 99999}, {"id": 72426363, "state": 2, "submissionId": 23008895, "reward": 0, "index": 1, "initialScore": 1642.8702080211644, "initialConfidence": 35.0, "updatedScore": 1638.2413394049686, "updatedConfidence": 35.0, "teamId": 99999}]}