{"id": 29616317, "competitionId": 30067, "createTime": {"seconds": 1635855164}, "endTime": {"seconds": 1635855164}, "agents": [{"id": 74327232, "state": 2, "submissionId": 23297953, "reward": 610012, "index": 0, "initialScore": 1922.7674235711956, "initialConfidence": 35.0, "updatedScore": 1924.378800542353, "updatedConfidence": 35.0, "teamId": 99999}, {"id": 74327233, "state": 2, "submissionId": 23323058, "reward": 40004, "index": 1, "initialScore": 1704.1531745111552, "initialConfidence": 35.0, "updatedScore": 1702.5417975399976, "updatedConfidence": 35.0, "teamId": 99999}]}