{"id": 30362260, "competitionId": 30067, "createTime": {"seconds": 1636561345}, "endTime": {"seconds": 1636561345}, "agents": [{"id": 75819118, "state": 2, "submissionId": 23297953, "reward": 50010, "index": 0, "initialScore": 1999.4851572235784, "initialConfidence": 35.0, "updatedScore": 2000.8538764518376, "updatedConfidence": 35.0, "teamId": 99999}, {"id": 75819119, "state": 2, "submissionId": 23323058, "reward": 20006, "index": 1, "initialScore": 1754.1273536717604, "initialConfidence": 35.0, "updatedScore": 1752.7586344435013, "updatedConfidence": 35.0, "teamId": 99999}]}