{"id": 29559654, "competitionId": 30067, "createTime": {"seconds": 1635775431}, "endTime": {"seconds": 1635775431}, "agents": [{"id": 74213908, "state": 2, "submissionId": 23281649, "reward": 260018, "index": 0, "initialScore": 1905.2428023525797, "initialConfidence": 35.0, "updatedScore": 1907.048806691936, "updatedConfidence": 35.0, "teamId": 99999}, {"id": 74213909, "state": 2, "submissionId": 23323058, "reward": 120012, "index": 1, "initialScore": 1706.311937182885, "initialConfidence": 35.0, "updatedScore": 1704.5059328435286, "updatedConfidence": 35.0, "teamId": 99999}]}