{"id": 29684435, "competitionId": 30067, "createTime": {"seconds": 1635932161}, "endTime": {"seconds": 1635932161}, "agents": [{"id": 74463468, "state": 2, "submissionId": 23297953, "reward": 1070018, "index": 0, "initialScore": 1933.920985629711, "initialConfidence": 35.0, "updatedScore": 1935.45328160304, "updatedConfidence": 35.0, "teamId": 99999}, {"id": 74463469, "state": 2, "submissionId": 23323058, "reward": 330034, "index": 1, "initialScore": 1706.889142914912, "initialConfidence": 35.0, "updatedScore": 1705.356846941583, "updatedConfidence": 35.0, "teamId": 99999}]}