{"id": 31352192, "competitionId": 30067, "createTime": {"seconds": 1637378091}, "endTime": {"seconds": 1637378091}, "agents": [{"id": 77798982, "state": 2, "submissionId": 23675449, "reward": 30003, "index": 0, "initialScore": 1625.8044383070246, "initialConfidence": 35.0, "updatedScore": 1623.6677648051705, "updatedConfidence": 35.0, "teamId": 99999}, {"id": 77798983, "state": 2, "submissionId": 23825329, "reward": 150004, "index": 1, "initialScore": 1794.0273933059912, "initialConfidence": 35.0, "updatedScore": 1796.1640668078453, "updatedConfidence": 35.0, "teamId": 99999}]}