{"id": 32063788, "competitionId": 30067, "createTime": {"seconds": 1637897378}, "endTime": {"seconds": 1637897378}, "agents": [{"id": 79222174, "state": 2, "submissionId": 23825224, "reward": 700053, "index": 0, "initialScore": 1844.7998673209045, "initialConfidence": 35.0, "updatedScore": 1842.4578057117628, "updatedConfidence": 35.0, "teamId": 99999}, {"id": 79222175, "state": 2, "submissionId": 23692494, "reward": 1130028, "index": 1, "initialScore": 1995.3226454323487, "initialConfidence": 35.0, "updatedScore": 1997.6647070414904, "updatedConfidence": 35.0, "teamId": 99999}]}