{"id": 30982031, "competitionId": 30067, "createTime": {"seconds": 1637085789}, "endTime": {"seconds": 1637085789}, "agents": [{"id": 77058660, "state": 2, "submissionId": 23825143, "reward": 90007, "index": 0, "initialScore": 1604.5248987123848, "initialConfidence": 45.99269402427346, "updatedScore": 1611.423073120359, "updatedConfidence": 45.3770841205991, "teamId": 99999}, {"id": 77058661, "state": 2, "submissionId": 23595330, "reward": 10001, "index": 1, "initialScore": 1575.6673705861651, "initialConfidence": 35.0, "updatedScore": 1571.6725934003937, "updatedConfidence": 35.0, "teamId": 99999}]}