{"id": 28875651, "competitionId": 30067, "createTime": {"seconds": 1635043700}, "endTime": {"seconds": 1635043700}, "agents": [{"id": 72847902, "state": 2, "submissionId": 23281649, "reward": 270006, "index": 0, "initialScore": 1771.185126817023, "initialConfidence": 35.0, "updatedScore": 1774.102404530419, "updatedConfidence": 35.0, "teamId": 99999}, {"id": 72847903, "state": 2, "submissionId": 23129375, "reward": 0, "index": 1, "initialScore": 1666.0913381938196, "initialConfidence": 35.0, "updatedScore": 1663.1740604804236, "updatedConfidence": 35.0, "teamId": 99999}]}