{"id": 29812063, "competitionId": 30067, "createTime": {"seconds": 1636055808}, "endTime": {"seconds": 1636055808}, "agents": [{"id": 74718724, "state": 2, "submissionId": 23554491, "reward": 0, "index": 0, "initialScore": 1742.52848108403, "initialConfidence": 35.0, "updatedScore": 1740.7598838480185, "updatedConfidence": 35.0, "teamId": 99999}, {"id": 74718725, "state": 2, "submissionId": 23297953, "reward": 160011, "index": 1, "initialScore": 1945.1380479593445, "initialConfidence": 35.0, "updatedScore": 1946.906645195356, "updatedConfidence": 35.0, "teamId": 99999}]}