{"id": 32007026, "competitionId": 30067, "createTime": {"seconds": 1637857243}, "endTime": {"seconds": 1637857243}, "agents": [{"id": 79108650, "state": 2, "submissionId": 23032370, "reward": 1070068, "index": 0, "initialScore": 1805.8913469794345, "initialConfidence": 35.0, "updatedScore": 1801.9772386933175, "updatedConfidence": 35.0, "teamId": 99999}, {"id": 79108651, "state": 2, "submissionId": 23825266, "reward": 1660128, "index": 1, "initialScore": 1842.0543974544005, "initialConfidence": 35.0, "updatedScore": 1845.9685057405168, "updatedConfidence": 35.0, "teamId": 99999}]}