{"id": 30818824, "competitionId": 30067, "createTime": {"seconds": 1636951450}, "endTime": {"seconds": 1636951450}, "agents": [{"id": 76732246, "state": 2, "submissionId": 23565821, "reward": 40004, "index": 0, "initialScore": 1748.2160169352223, "initialConfidence": 35.0, "updatedScore": 1743.0866234803564, "updatedConfidence": 35.0, "teamId": 99999}, {"id": 76732247, "state": 2, "submissionId": 23692494, "reward": 520005, "index": 1, "initialScore": 1710.510872231166, "initialConfidence": 35.0, "updatedScore": 1715.640265686032, "updatedConfidence": 35.0, "teamId": 99999}]}