{"id": 32063787, "competitionId": 30067, "createTime": {"seconds": 1637897378}, "endTime": {"seconds": 1637897378}, "agents": [{"id": 79222172, "state": 2, "submissionId": 23642575, "reward": 10001, "index": 0, "initialScore": 1787.523075674715, "initialConfidence": 35.0, "updatedScore": 1793.3152654886717, "updatedConfidence": 35.0, "teamId": 99999}, {"id": 79222173, "state": 2, "submissionId": 23825143, "reward": 1, "index": 1, "initialScore": 1862.4634569632417, "initialConfidence": 35.0, "updatedScore": 1856.671267149285, "updatedConfidence": 35.0, "teamId": 99999}]}