{"id": 31554513, "competitionId": 30067, "createTime": {"seconds": 1637530682}, "endTime": {"seconds": 1637530682}, "agents": [{"id": 78203624, "state": 2, "submissionId": 23032370, "reward": 730048, "index": 0, "initialScore": 1813.7248872458224, "initialConfidence": 35.0, "updatedScore": 1809.5696847214383, "updatedConfidence": 35.0, "teamId": 99999}, {"id": 78203625, "state": 2, "submissionId": 23825329, "reward": 890089, "index": 1, "initialScore": 1834.5183190614391, "initialConfidence": 35.0, "updatedScore": 1838.6735215858228, "updatedConfidence": 35.0, "teamId": 99999}]}