{"id": 29239435, "competitionId": 30067, "createTime": {"seconds": 1635444467}, "endTime": {"seconds": 1635444467}, "agents": [{"id": 73573470, "state": 2, "submissionId": 23323058, "reward": 0, "index": 0, "initialScore": 1717.225641745939, "initialConfidence": 35.0, "updatedScore": 1714.7046520303925, "updatedConfidence": 35.0, "teamId": 99999}, {"id": 73573471, "state": 2, "submissionId": 23297953, "reward": 340009, "index": 1, "initialScore": 1853.026173120944, "initialConfidence": 35.0, "updatedScore": 1855.5471628364896, "updatedConfidence": 35.0, "teamId": 99999}]}