{"id": 31938327, "competitionId": 30067, "createTime": {"seconds": 1637809251}, "endTime": {"seconds": 1637809251}, "agents": [{"id": 78971252, "state": 2, "submissionId": 23883228, "reward": 260012, "index": 0, "initialScore": 1754.2610721347332, "initialConfidence": 35.0, "updatedScore": 1750.8427346418655, "updatedConfidence": 35.0, "teamId": 99999}, {"id": 78971253, "state": 2, "submissionId": 23825329, "reward": 320032, "index": 1, "initialScore": 1823.4757575101037, "initialConfidence": 35.0, "updatedScore": 1826.8940950029712, "updatedConfidence": 35.0, "teamId": 99999}]}