{"id": 29475261, "competitionId": 30067, "createTime": {"seconds": 1635690235}, "endTime": {"seconds": 1635690235}, "agents": [{"id": 74045122, "state": 2, "submissionId": 23281649, "reward": 320009, "index": 0, "initialScore": 1888.1417212781837, "initialConfidence": 35.0, "updatedScore": 1890.3201421810209, "updatedConfidence": 35.0, "teamId": 99999}, {"id": 74045123, "state": 2, "submissionId": 23323058, "reward": 270027, "index": 1, "initialScore": 1723.592527391933, "initialConfidence": 35.0, "updatedScore": 1721.4141064890955, "updatedConfidence": 35.0, "teamId": 99999}]}