{"id": 28961039, "competitionId": 30067, "createTime": {"seconds": 1635139728}, "endTime": {"seconds": 1635139728}, "agents": [{"id": 73018678, "state": 2, "submissionId": 23213375, "reward": 10001, "index": 0, "initialScore": 1651.6917660176132, "initialConfidence": 35.0, "updatedScore": 1649.1743860790514, "updatedConfidence": 35.0, "teamId": 99999}, {"id": 73018679, "state": 2, "submissionId": 23281649, "reward": 280012, "index": 1, "initialScore": 1787.783512394803, "initialConfidence": 35.0, "updatedScore": 1790.3008923333648, "updatedConfidence": 35.0, "teamId": 99999}]}