{"id": 31696705, "competitionId": 30067, "createTime": {"seconds": 1637637330}, "endTime": {"seconds": 1637637330}, "agents": [{"id": 78488008, "state": 2, "submissionId": 23883224, "reward": 30004, "index": 0, "initialScore": 1682.603831539907, "initialConfidence": 35.0, "updatedScore": 1680.2581724880645, "updatedConfidence": 35.0, "teamId": 99999}, {"id": 78488009, "state": 2, "submissionId": 23825266, "reward": 190009, "index": 1, "initialScore": 1832.8245702898264, "initialConfidence": 35.0, "updatedScore": 1835.1702293416693, "updatedConfidence": 35.0, "teamId": 99999}]}