{"id": 30032983, "competitionId": 30067, "createTime": {"seconds": 1636264146}, "endTime": {"seconds": 1636264146}, "agents": [{"id": 75160564, "state": 2, "submissionId": 23281649, "reward": 510024, "index": 0, "initialScore": 1943.544085083044, "initialConfidence": 35.0, "updatedScore": 1945.710644014856, "updatedConfidence": 35.0, "teamId": 99999}, {"id": 75160565, "state": 2, "submissionId": 23554491, "reward": 150003, "index": 1, "initialScore": 1777.955183101198, "initialConfidence": 35.0, "updatedScore": 1775.788624169386, "updatedConfidence": 35.0, "teamId": 99999}]}