{"id": 31002794, "competitionId": 30067, "createTime": {"seconds": 1637102659}, "endTime": {"seconds": 1637102659}, "agents": [{"id": 77100186, "state": 2, "submissionId": 23679827, "reward": 0, "index": 0, "initialScore": 1648.466430462867, "initialConfidence": 35.0, "updatedScore": 1643.8157563282932, "updatedConfidence": 35.0, "teamId": 99999}, {"id": 77100187, "state": 2, "submissionId": 23825143, "reward": 500017, "index": 1, "initialScore": 1637.411145371879, "initialConfidence": 41.24829729619606, "updatedScore": 1643.8705408217968, "updatedConfidence": 40.77100739940434, "teamId": 99999}]}