{"id": 30972201, "competitionId": 30067, "createTime": {"seconds": 1637077613}, "endTime": {"seconds": 1637077613}, "agents": [{"id": 77039000, "state": 2, "submissionId": 23825329, "reward": 1610159, "index": 0, "initialScore": 783.6340652071572, "initialConfidence": 185.0, "updatedScore": 854.1574328636221, "updatedConfidence": 170.0, "teamId": 99999}, {"id": 77039001, "state": 2, "submissionId": 22603597, "reward": 0, "index": 1, "initialScore": 681.5947014188592, "initialConfidence": 35.0, "updatedScore": 679.0704903047856, "updatedConfidence": 35.0, "teamId": 99999}]}