{"id": 29493652, "competitionId": 30067, "createTime": {"seconds": 1635708950}, "endTime": {"seconds": 1635708950}, "agents": [{"id": 74081904, "state": 2, "submissionId": 23323058, "reward": 20002, "index": 0, "initialScore": 1730.3111460881885, "initialConfidence": 35.0, "updatedScore": 1728.1961967531524, "updatedConfidence": 35.0, "teamId": 99999}, {"id": 74081905, "state": 2, "submissionId": 23297953, "reward": 160015, "index": 1, "initialScore": 1900.4621791998488, "initialConfidence": 35.0, "updatedScore": 1902.5771285348849, "updatedConfidence": 35.0, "teamId": 99999}]}