{"id": 31829845, "competitionId": 30067, "createTime": {"seconds": 1637732862}, "endTime": {"seconds": 1637732862}, "agents": [{"id": 78754288, "state": 2, "submissionId": 23642611, "reward": 0, "index": 0, "initialScore": 1756.215770878984, "initialConfidence": 35.0, "updatedScore": 1754.7627646247904, "updatedConfidence": 35.0, "teamId": 99999}, {"id": 78754289, "state": 2, "submissionId": 23281649, "reward": 120002, "index": 1, "initialScore": 1991.9663956531856, "initialConfidence": 35.0, "updatedScore": 1993.419401907379, "updatedConfidence": 35.0, "teamId": 99999}]}