{"id": 31924258, "competitionId": 30067, "createTime": {"seconds": 1637799404}, "endTime": {"seconds": 1637799404}, "agents": [{"id": 78943114, "state": 2, "submissionId": 23825370, "reward": 1970192, "index": 0, "initialScore": 1816.132668914744, "initialConfidence": 35.0, "updatedScore": 1820.5913699911148, "updatedConfidence": 35.0, "teamId": 99999}, {"id": 78943115, "state": 2, "submissionId": 23889524, "reward": 1150114, "index": 1, "initialScore": 1814.1347505691383, "initialConfidence": 35.0, "updatedScore": 1809.6760494927676, "updatedConfidence": 35.0, "teamId": 99999}]}