{"id": 29841263, "competitionId": 30067, "createTime": {"seconds": 1636083702}, "endTime": {"seconds": 1636083702}, "agents": [{"id": 74777124, "state": 2, "submissionId": 23554433, "reward": 200013, "index": 0, "initialScore": 1727.553909410006, "initialConfidence": 35.0, "updatedScore": 1725.9823848302865, "updatedConfidence": 35.0, "teamId": 99999}, {"id": 74777125, "state": 2, "submissionId": 23297953, "reward": 760041, "index": 1, "initialScore": 1950.3770589909243, "initialConfidence": 35.0, "updatedScore": 1951.948583570644, "updatedConfidence": 35.0, "teamId": 99999}]}