{"id": 31978844, "competitionId": 30067, "createTime": {"seconds": 1637837564}, "endTime": {"seconds": 1637837564}, "agents": [{"id": 79052286, "state": 2, "submissionId": 23825266, "reward": 1770176, "index": 0, "initialScore": 1845.8482436769607, "initialConfidence": 35.0, "updatedScore": 1848.796783448996, "updatedConfidence": 35.0, "teamId": 99999}, {"id": 79052287, "state": 2, "submissionId": 23790156, "reward": 350036, "index": 1, "initialScore": 1743.0803924361169, "initialConfidence": 35.0, "updatedScore": 1740.131852664082, "updatedConfidence": 35.0, "teamId": 99999}]}