{"id": 31376972, "competitionId": 30067, "createTime": {"seconds": 1637397049}, "endTime": {"seconds": 1637397049}, "agents": [{"id": 77848542, "state": 2, "submissionId": 23770016, "reward": 2, "index": 0, "initialScore": 1821.038365373668, "initialConfidence": 35.0, "updatedScore": 1817.9668817885924, "updatedConfidence": 35.0, "teamId": 99999}, {"id": 77848543, "state": 2, "submissionId": 23692494, "reward": 270010, "index": 1, "initialScore": 1914.7799030064923, "initialConfidence": 35.0, "updatedScore": 1917.851386591568, "updatedConfidence": 35.0, "teamId": 99999}]}