{"id": 28523084, "competitionId": 30067, "createTime": {"seconds": 1634626964}, "endTime": {"seconds": 1634626964}, "agents": [{"id": 72142768, "state": 2, "submissionId": 23281649, "reward": 110018, "index": 0, "initialScore": 1629.5289838334877, "initialConfidence": 35.0, "updatedScore": 1634.1053104305104, "updatedConfidence": 35.0, "teamId": 99999}, {"id": 72142769, "state": 2, "submissionId": 22947606, "reward": 0, "index": 1, "initialScore": 1634.6658089428756, "initialConfidence": 35.0, "updatedScore": 1630.089482345853, "updatedConfidence": 35.0, "teamId": 99999}]}