{"id": 30422424, "competitionId": 30067, "createTime": {"seconds": 1636614324}, "endTime": {"seconds": 1636614324}, "agents": [{"id": 75939446, "state": 2, "submissionId": 23186396, "reward": 20005, "index": 0, "initialScore": 1196.198442651206, "initialConfidence": 35.0, "updatedScore": 1192.6271572966934, "updatedConfidence": 35.0, "teamId": 99999}, {"id": 75939447, "state": 2, "submissionId": 23692494, "reward": 600026, "index": 1, "initialScore": 1249.3313208917716, "initialConfidence": 64.25741365414335, "updatedScore": 1261.3687833785611, "updatedConfidence": 62.704175842611626, "teamId": 99999}]}