{"id": 28502067, "competitionId": 30067, "createTime": {"seconds": 1634600864}, "endTime": {"seconds": 1634600864}, "agents": [{"id": 72100734, "state": 2, "submissionId": 23297953, "reward": 940027, "index": 0, "initialScore": 1496.4116749814734, "initialConfidence": 40.45475357608928, "updatedScore": 1503.335741004786, "updatedConfidence": 39.98364512971735, "teamId": 99999}, {"id": 72100735, "state": 2, "submissionId": 23164181, "reward": 30001, "index": 1, "initialScore": 1538.6463167463662, "initialConfidence": 35.0, "updatedScore": 1533.463591704454, "updatedConfidence": 35.0, "teamId": 99999}]}