{"id": 28427052, "competitionId": 30067, "createTime": {"seconds": 1634506807}, "endTime": {"seconds": 1634506807}, "agents": [{"id": 71950704, "state": 2, "submissionId": 23281649, "reward": 660063, "index": 0, "initialScore": 1500.3655015858803, "initialConfidence": 40.63965702293287, "updatedScore": 1508.8432304930916, "updatedConfidence": 40.1262272344412, "teamId": 99999}, {"id": 71950705, "state": 2, "submissionId": 22917746, "reward": 390039, "index": 1, "initialScore": 1604.0828514546183, "initialConfidence": 35.0, "updatedScore": 1597.7948078373538, "updatedConfidence": 35.0, "teamId": 99999}]}