{"id": 31327807, "competitionId": 30067, "createTime": {"seconds": 1637359166}, "endTime": {"seconds": 1637359166}, "agents": [{"id": 77750212, "state": 2, "submissionId": 23608696, "reward": 0, "index": 0, "initialScore": 1788.8468452662837, "initialConfidence": 35.0, "updatedScore": 1785.99239285778, "updatedConfidence": 35.0, "teamId": 99999}, {"id": 77750213, "state": 2, "submissionId": 23692494, "reward": 310012, "index": 1, "initialScore": 1898.654395203448, "initialConfidence": 35.0, "updatedScore": 1901.508847611952, "updatedConfidence": 35.0, "teamId": 99999}]}