{"id": 30982922, "competitionId": 30067, "createTime": {"seconds": 1637086508}, "endTime": {"seconds": 1637086508}, "agents": [{"id": 77060442, "state": 2, "submissionId": 23825370, "reward": 270014, "index": 0, "initialScore": 1511.3865710572989, "initialConfidence": 46.95993045049983, "updatedScore": 1520.16086553475, "updatedConfidence": 46.24647539466088, "teamId": 99999}, {"id": 77060443, "state": 2, "submissionId": 23519925, "reward": 0, "index": 1, "initialScore": 1537.4490039605726, "initialConfidence": 35.0, "updatedScore": 1532.574915528342, "updatedConfidence": 35.0, "teamId": 99999}]}