{"id": 31584920, "competitionId": 30067, "createTime": {"seconds": 1637553008}, "endTime": {"seconds": 1637553008}, "agents": [{"id": 78264438, "state": 2, "submissionId": 23825370, "reward": 1420029, "index": 0, "initialScore": 1774.33845814501, "initialConfidence": 35.0, "updatedScore": 1768.8885441994082, "updatedConfidence": 35.0, "teamId": 99999}, {"id": 78264439, "state": 2, "submissionId": 23790177, "reward": 1450030, "index": 1, "initialScore": 1718.408004062259, "initialConfidence": 35.0, "updatedScore": 1723.8579180078605, "updatedConfidence": 35.0, "teamId": 99999}]}