{"id": 30420226, "competitionId": 30067, "createTime": {"seconds": 1636612404}, "endTime": {"seconds": 1636612404}, "agents": [{"id": 75935050, "state": 2, "submissionId": 22801291, "reward": 0, "index": 0, "initialScore": 1091.3176640088543, "initialConfidence": 35.0, "updatedScore": 1087.4224853380992, "updatedConfidence": 35.0, "teamId": 99999}, {"id": 75935051, "state": 2, "submissionId": 23692494, "reward": 480016, "index": 1, "initialScore": 1115.4800222718115, "initialConfidence": 83.28137976633565, "updatedScore": 1137.5340094742603, "updatedConfidence": 79.87723318479867, "teamId": 99999}]}