{"id": 31338784, "competitionId": 30067, "createTime": {"seconds": 1637367568}, "endTime": {"seconds": 1637367568}, "agents": [{"id": 77772166, "state": 2, "submissionId": 23825143, "reward": 90000, "index": 0, "initialScore": 1768.50626796163, "initialConfidence": 35.0, "updatedScore": 1772.614544039091, "updatedConfidence": 35.0, "teamId": 99999}, {"id": 77772167, "state": 2, "submissionId": 23674326, "reward": 1, "index": 1, "initialScore": 1744.7534149880971, "initialConfidence": 35.0, "updatedScore": 1740.6451389106364, "updatedConfidence": 35.0, "teamId": 99999}]}