{"id": 31413735, "competitionId": 30067, "createTime": {"seconds": 1637425056}, "endTime": {"seconds": 1637425056}, "agents": [{"id": 77922068, "state": 2, "submissionId": 23760238, "reward": 170020, "index": 0, "initialScore": 1764.690596687408, "initialConfidence": 35.0, "updatedScore": 1760.8805291339663, "updatedConfidence": 35.0, "teamId": 99999}, {"id": 77922069, "state": 2, "submissionId": 23825329, "reward": 920074, "index": 1, "initialScore": 1807.618993557925, "initialConfidence": 35.0, "updatedScore": 1811.4290611113663, "updatedConfidence": 35.0, "teamId": 99999}]}