{"id": 31194059, "competitionId": 30067, "createTime": {"seconds": 1637255202}, "endTime": {"seconds": 1637255202}, "agents": [{"id": 77482716, "state": 2, "submissionId": 23608696, "reward": 0, "index": 0, "initialScore": 1799.7549891637825, "initialConfidence": 35.0, "updatedScore": 1797.5420973765038, "updatedConfidence": 35.0, "teamId": 99999}, {"id": 77482717, "state": 2, "submissionId": 23281649, "reward": 390007, "index": 1, "initialScore": 1961.3010502793104, "initialConfidence": 35.0, "updatedScore": 1963.5139420665887, "updatedConfidence": 35.0, "teamId": 99999}]}