{"id": 29540391, "competitionId": 30067, "createTime": {"seconds": 1635755995}, "endTime": {"seconds": 1635755995}, "agents": [{"id": 74175382, "state": 2, "submissionId": 23303548, "reward": 0, "index": 0, "initialScore": 1698.8734804510873, "initialConfidence": 35.0, "updatedScore": 1697.1096034981272, "updatedConfidence": 35.0, "teamId": 99999}, {"id": 74175383, "state": 2, "submissionId": 23281649, "reward": 130002, "index": 1, "initialScore": 1901.9505906765976, "initialConfidence": 35.0, "updatedScore": 1903.714467629558, "updatedConfidence": 35.0, "teamId": 99999}]}