{"id": 28582371, "competitionId": 30067, "createTime": {"seconds": 1634699742}, "endTime": {"seconds": 1634699742}, "agents": [{"id": 72261342, "state": 2, "submissionId": 23281649, "reward": 430034, "index": 0, "initialScore": 1667.76639059667, "initialConfidence": 35.0, "updatedScore": 1671.9056839209013, "updatedConfidence": 35.0, "teamId": 99999}, {"id": 72261343, "state": 2, "submissionId": 23243815, "reward": 20004, "index": 1, "initialScore": 1645.9713214491028, "initialConfidence": 35.0, "updatedScore": 1641.8320281248714, "updatedConfidence": 35.0, "teamId": 99999}]}