{"id": 31071691, "competitionId": 30067, "createTime": {"seconds": 1637157956}, "endTime": {"seconds": 1637157956}, "agents": [{"id": 77237980, "state": 2, "submissionId": 23825143, "reward": 970097, "index": 0, "initialScore": 1680.387381636937, "initialConfidence": 36.146146432964905, "updatedScore": 1685.2132823995505, "updatedConfidence": 35.827038894269215, "teamId": 99999}, {"id": 77237981, "state": 2, "submissionId": 23486354, "reward": 10001, "index": 1, "initialScore": 1682.640355628371, "initialConfidence": 35.0, "updatedScore": 1678.1156485554873, "updatedConfidence": 35.0, "teamId": 99999}]}