{"id": 29105359, "competitionId": 30067, "createTime": {"seconds": 1635299188}, "endTime": {"seconds": 1635299188}, "agents": [{"id": 73307318, "state": 2, "submissionId": 23323058, "reward": 0, "index": 0, "initialScore": 1723.0440026250903, "initialConfidence": 35.0, "updatedScore": 1720.1364520706763, "updatedConfidence": 35.0, "teamId": 99999}, {"id": 73307319, "state": 2, "submissionId": 23281649, "reward": 270017, "index": 1, "initialScore": 1828.8641364286168, "initialConfidence": 35.0, "updatedScore": 1831.7716869830303, "updatedConfidence": 35.0, "teamId": 99999}]}