{"id": 31375897, "competitionId": 30067, "createTime": {"seconds": 1637396326}, "endTime": {"seconds": 1637396326}, "agents": [{"id": 77846392, "state": 2, "submissionId": 23825329, "reward": 1500130, "index": 0, "initialScore": 1801.2744173837802, "initialConfidence": 35.0, "updatedScore": 1804.91546602384, "updatedConfidence": 35.0, "teamId": 99999}, {"id": 77846393, "state": 2, "submissionId": 23790156, "reward": 1280069, "index": 1, "initialScore": 1747.1695841972971, "initialConfidence": 35.0, "updatedScore": 1743.528535557237, "updatedConfidence": 35.0, "teamId": 99999}]}