{"id": 31402101, "competitionId": 30067, "createTime": {"seconds": 1637416246}, "endTime": {"seconds": 1637416246}, "agents": [{"id": 77898800, "state": 2, "submissionId": 23642618, "reward": 400027, "index": 0, "initialScore": 1727.7231506049752, "initialConfidence": 35.0, "updatedScore": 1726.090447984419, "updatedConfidence": 35.0, "teamId": 99999}, {"id": 77898801, "state": 2, "submissionId": 23281649, "reward": 900025, "index": 1, "initialScore": 1944.111703393521, "initialConfidence": 35.0, "updatedScore": 1945.7444060140776, "updatedConfidence": 35.0, "teamId": 99999}]}