{"id": 30819715, "competitionId": 30067, "createTime": {"seconds": 1636952171}, "endTime": {"seconds": 1636952171}, "agents": [{"id": 76734028, "state": 2, "submissionId": 23465854, "reward": 0, "index": 0, "initialScore": 1667.9441246167785, "initialConfidence": 35.0, "updatedScore": 1664.20659766571, "updatedConfidence": 35.0, "teamId": 99999}, {"id": 76734029, "state": 2, "submissionId": 23692494, "reward": 410016, "index": 1, "initialScore": 1715.640265686032, "initialConfidence": 35.0, "updatedScore": 1719.3777926371, "updatedConfidence": 35.0, "teamId": 99999}]}