{"id": 31776784, "competitionId": 30067, "createTime": {"seconds": 1637695004}, "endTime": {"seconds": 1637695004}, "agents": [{"id": 78648166, "state": 2, "submissionId": 23790168, "reward": 680045, "index": 0, "initialScore": 1762.0216036151678, "initialConfidence": 35.0, "updatedScore": 1767.8453007892251, "updatedConfidence": 35.0, "teamId": 99999}, {"id": 78648167, "state": 2, "submissionId": 23825329, "reward": 600063, "index": 1, "initialScore": 1838.690236943715, "initialConfidence": 35.0, "updatedScore": 1832.8665397696573, "updatedConfidence": 35.0, "teamId": 99999}]}