{"id": 30216732, "competitionId": 30067, "createTime": {"seconds": 1636431569}, "endTime": {"seconds": 1636431569}, "agents": [{"id": 75528062, "state": 2, "submissionId": 23554491, "reward": 380029, "index": 0, "initialScore": 1782.889274387434, "initialConfidence": 35.0, "updatedScore": 1780.7306189564597, "updatedConfidence": 35.0, "teamId": 99999}, {"id": 75528063, "state": 2, "submissionId": 23281649, "reward": 710038, "index": 1, "initialScore": 1949.1727362727624, "initialConfidence": 35.0, "updatedScore": 1951.3313917037367, "updatedConfidence": 35.0, "teamId": 99999}]}