{"id": 31098619, "competitionId": 30067, "createTime": {"seconds": 1637179582}, "endTime": {"seconds": 1637179582}, "agents": [{"id": 77291836, "state": 2, "submissionId": 23572011, "reward": 1150030, "index": 0, "initialScore": 1712.6446301476628, "initialConfidence": 35.0, "updatedScore": 1707.1311766310812, "updatedConfidence": 35.0, "teamId": 99999}, {"id": 77291837, "state": 2, "submissionId": 23825266, "reward": 1630042, "index": 1, "initialScore": 1652.7685325720868, "initialConfidence": 36.38332449596929, "updatedScore": 1658.726421307107, "updatedConfidence": 36.03077502809542, "teamId": 99999}]}