{"id": 32077731, "competitionId": 30067, "createTime": {"seconds": 1637906984}, "endTime": {"seconds": 1637906984}, "agents": [{"id": 79250060, "state": 2, "submissionId": 23883222, "reward": 110008, "index": 0, "initialScore": 1740.703940087296, "initialConfidence": 35.0, "updatedScore": 1737.895396425758, "updatedConfidence": 35.0, "teamId": 99999}, {"id": 79250061, "state": 2, "submissionId": 23825143, "reward": 680068, "index": 1, "initialScore": 1853.9903879802869, "initialConfidence": 35.0, "updatedScore": 1856.798931641825, "updatedConfidence": 35.0, "teamId": 99999}]}