{"id": 30982328, "competitionId": 30067, "createTime": {"seconds": 1637086030}, "endTime": {"seconds": 1637086030}, "agents": [{"id": 77059254, "state": 2, "submissionId": 23825143, "reward": 0, "index": 0, "initialScore": 1617.9556420818042, "initialConfidence": 44.79285312662696, "updatedScore": 1611.486369840241, "updatedConfidence": 44.22631560490278, "teamId": 99999}, {"id": 77059255, "state": 2, "submissionId": 23586821, "reward": 20002, "index": 1, "initialScore": 1649.9974239721732, "initialConfidence": 35.0, "updatedScore": 1653.947214500242, "updatedConfidence": 35.0, "teamId": 99999}]}