{"id": 31376971, "competitionId": 30067, "createTime": {"seconds": 1637397049}, "endTime": {"seconds": 1637397049}, "agents": [{"id": 77848540, "state": 2, "submissionId": 23825266, "reward": 270029, "index": 0, "initialScore": 1754.842661694618, "initialConfidence": 35.0, "updatedScore": 1750.471552372284, "updatedConfidence": 35.0, "teamId": 99999}, {"id": 77848541, "state": 2, "submissionId": 23674317, "reward": 280029, "index": 1, "initialScore": 1762.206197974156, "initialConfidence": 35.0, "updatedScore": 1766.57730729649, "updatedConfidence": 35.0, "teamId": 99999}]}