{"id": 31924282, "competitionId": 30067, "createTime": {"seconds": 1637799405}, "endTime": {"seconds": 1637799405}, "agents": [{"id": 78943162, "state": 2, "submissionId": 23883228, "reward": 70014, "index": 0, "initialScore": 1757.7823744870946, "initialConfidence": 35.0, "updatedScore": 1754.2610721347332, "updatedConfidence": 35.0, "teamId": 99999}, {"id": 78943163, "state": 2, "submissionId": 23825329, "reward": 1000086, "index": 1, "initialScore": 1819.954455157742, "initialConfidence": 35.0, "updatedScore": 1823.4757575101037, "updatedConfidence": 35.0, "teamId": 99999}]}