{"id": 31503015, "competitionId": 30067, "createTime": {"seconds": 1637492257}, "endTime": {"seconds": 1637492257}, "agents": [{"id": 78100628, "state": 2, "submissionId": 23825266, "reward": 580056, "index": 0, "initialScore": 1799.310834610367, "initialConfidence": 35.0, "updatedScore": 1804.1503096476629, "updatedConfidence": 35.0, "teamId": 99999}, {"id": 78100629, "state": 2, "submissionId": 23032370, "reward": 0, "index": 1, "initialScore": 1820.1346605323204, "initialConfidence": 35.0, "updatedScore": 1815.2951854950245, "updatedConfidence": 35.0, "teamId": 99999}]}