{"id": 28641168, "competitionId": 30067, "createTime": {"seconds": 1634770351}, "endTime": {"seconds": 1634770351}, "agents": [{"id": 72378936, "state": 2, "submissionId": 23297953, "reward": 1220041, "index": 0, "initialScore": 1621.1456152591306, "initialConfidence": 35.0, "updatedScore": 1625.97001276, "updatedConfidence": 35.0, "teamId": 99999}, {"id": 72378937, "state": 2, "submissionId": 23143395, "reward": 180050, "index": 1, "initialScore": 1641.0803741498985, "initialConfidence": 35.0, "updatedScore": 1636.255976649029, "updatedConfidence": 35.0, "teamId": 99999}]}