{"id": 28414134, "competitionId": 30067, "createTime": {"seconds": 1634490691}, "endTime": {"seconds": 1634490691}, "agents": [{"id": 71924868, "state": 2, "submissionId": 23281649, "reward": 460021, "index": 0, "initialScore": 1410.1171732380956, "initialConfidence": 51.49203761166272, "updatedScore": 1417.5485956311466, "updatedConfidence": 50.69319817604732, "teamId": 99999}, {"id": 71924869, "state": 2, "submissionId": 22646843, "reward": 150015, "index": 1, "initialScore": 1344.4850674849297, "initialConfidence": 35.0, "updatedScore": 1341.0516399962094, "updatedConfidence": 35.0, "teamId": 99999}]}