{"id": 30888230, "competitionId": 30067, "createTime": {"seconds": 1637008951}, "endTime": {"seconds": 1637008951}, "agents": [{"id": 76871058, "state": 2, "submissionId": 23543954, "reward": 90005, "index": 0, "initialScore": 1728.3382750030992, "initialConfidence": 35.0, "updatedScore": 1724.1547205487147, "updatedConfidence": 35.0, "teamId": 99999}, {"id": 76871059, "state": 2, "submissionId": 23692494, "reward": 430010, "index": 1, "initialScore": 1747.350897521958, "initialConfidence": 35.0, "updatedScore": 1751.5344519763426, "updatedConfidence": 35.0, "teamId": 99999}]}