{"id": 31618973, "competitionId": 30067, "createTime": {"seconds": 1637578231}, "endTime": {"seconds": 1637578231}, "agents": [{"id": 78332544, "state": 2, "submissionId": 23770123, "reward": 150007, "index": 0, "initialScore": 1813.425015314738, "initialConfidence": 35.0, "updatedScore": 1810.902393973956, "updatedConfidence": 35.0, "teamId": 99999}, {"id": 78332545, "state": 2, "submissionId": 23281649, "reward": 400020, "index": 1, "initialScore": 1949.093991827492, "initialConfidence": 35.0, "updatedScore": 1951.6166131682744, "updatedConfidence": 35.0, "teamId": 99999}]}