{"id": 28883693, "competitionId": 30067, "createTime": {"seconds": 1635052822}, "endTime": {"seconds": 1635052822}, "agents": [{"id": 72863986, "state": 2, "submissionId": 23323058, "reward": 60009, "index": 0, "initialScore": 1715.937992440931, "initialConfidence": 35.0, "updatedScore": 1711.9484807631927, "updatedConfidence": 35.0, "teamId": 99999}, {"id": 72863987, "state": 2, "submissionId": 23297953, "reward": 470022, "index": 1, "initialScore": 1747.249249183489, "initialConfidence": 35.0, "updatedScore": 1751.238760861227, "updatedConfidence": 35.0, "teamId": 99999}]}