{"id": 31049638, "competitionId": 30067, "createTime": {"seconds": 1637140432}, "endTime": {"seconds": 1637140432}, "agents": [{"id": 77193874, "state": 2, "submissionId": 23760238, "reward": 70008, "index": 0, "initialScore": 1695.7905877279038, "initialConfidence": 35.0, "updatedScore": 1691.033234259104, "updatedConfidence": 35.0, "teamId": 99999}, {"id": 77193875, "state": 2, "submissionId": 23825143, "reward": 160014, "index": 1, "initialScore": 1679.417232991283, "initialConfidence": 36.798044788629056, "updatedScore": 1684.675938117559, "updatedConfidence": 36.45435802854757, "teamId": 99999}]}