{"id": 30405244, "competitionId": 30067, "createTime": {"seconds": 1636599209}, "endTime": {"seconds": 1636599209}, "agents": [{"id": 75905086, "state": 2, "submissionId": 23281649, "reward": 840035, "index": 0, "initialScore": 1972.22843864395, "initialConfidence": 35.0, "updatedScore": 1974.1137331107484, "updatedConfidence": 35.0, "teamId": 99999}, {"id": 75905087, "state": 2, "submissionId": 23554491, "reward": 280007, "index": 1, "initialScore": 1780.9460721724608, "initialConfidence": 35.0, "updatedScore": 1779.0607777056623, "updatedConfidence": 35.0, "teamId": 99999}]}