{"id": 30674280, "competitionId": 30067, "createTime": {"seconds": 1636830697}, "endTime": {"seconds": 1636830697}, "agents": [{"id": 76443158, "state": 2, "submissionId": 23554433, "reward": 210001, "index": 0, "initialScore": 1771.7095154273209, "initialConfidence": 35.0, "updatedScore": 1770.3803691563255, "updatedConfidence": 35.0, "teamId": 99999}, {"id": 76443159, "state": 2, "submissionId": 23297953, "reward": 700039, "index": 1, "initialScore": 2029.201011827714, "initialConfidence": 35.0, "updatedScore": 2030.530158098709, "updatedConfidence": 35.0, "teamId": 99999}]}