{"id": 29347015, "competitionId": 30067, "createTime": {"seconds": 1635558134}, "endTime": {"seconds": 1635558134}, "agents": [{"id": 73788630, "state": 2, "submissionId": 23323058, "reward": 130013, "index": 0, "initialScore": 1711.4804104435957, "initialConfidence": 35.0, "updatedScore": 1709.3585859912769, "updatedConfidence": 35.0, "teamId": 99999}, {"id": 73788631, "state": 2, "submissionId": 23281649, "reward": 530028, "index": 1, "initialScore": 1881.020027299524, "initialConfidence": 35.0, "updatedScore": 1883.1418517518428, "updatedConfidence": 35.0, "teamId": 99999}]}