{"id": 28609549, "competitionId": 30067, "createTime": {"seconds": 1634732382}, "endTime": {"seconds": 1634732382}, "agents": [{"id": 72315698, "state": 2, "submissionId": 23228794, "reward": 350033, "index": 0, "initialScore": 1633.3964468099036, "initialConfidence": 35.0, "updatedScore": 1629.7526203323596, "updatedConfidence": 35.0, "teamId": 99999}, {"id": 72315699, "state": 2, "submissionId": 23281649, "reward": 690033, "index": 1, "initialScore": 1687.3156476860331, "initialConfidence": 35.0, "updatedScore": 1690.9594741635774, "updatedConfidence": 35.0, "teamId": 99999}]}