{"id": 31151086, "competitionId": 30067, "createTime": {"seconds": 1637221306}, "endTime": {"seconds": 1637221306}, "agents": [{"id": 77396770, "state": 2, "submissionId": 23790156, "reward": 10003, "index": 0, "initialScore": 1718.128090250613, "initialConfidence": 35.0, "updatedScore": 1713.5691916328517, "updatedConfidence": 35.0, "teamId": 99999}, {"id": 77396771, "state": 2, "submissionId": 23825143, "reward": 750069, "index": 1, "initialScore": 1714.043408861367, "initialConfidence": 35.0, "updatedScore": 1718.6023074791285, "updatedConfidence": 35.0, "teamId": 99999}]}