{"id": 30943882, "competitionId": 30067, "createTime": {"seconds": 1637054546}, "endTime": {"seconds": 1637054546}, "agents": [{"id": 76982362, "state": 2, "submissionId": 23674349, "reward": 20002, "index": 0, "initialScore": 1722.1312678911058, "initialConfidence": 35.0, "updatedScore": 1718.5953007381736, "updatedConfidence": 35.0, "teamId": 99999}, {"id": 76982363, "state": 2, "submissionId": 23692494, "reward": 200004, "index": 1, "initialScore": 1783.308422373517, "initialConfidence": 35.0, "updatedScore": 1786.8443895264493, "updatedConfidence": 35.0, "teamId": 99999}]}