{"id": 31750139, "competitionId": 30067, "createTime": {"seconds": 1637675787}, "endTime": {"seconds": 1637675787}, "agents": [{"id": 78594876, "state": 2, "submissionId": 23674317, "reward": 10002, "index": 0, "initialScore": 1752.7281115599071, "initialConfidence": 35.0, "updatedScore": 1749.456376950952, "updatedConfidence": 35.0, "teamId": 99999}, {"id": 78594877, "state": 2, "submissionId": 23825329, "reward": 1550148, "index": 1, "initialScore": 1832.151085340484, "initialConfidence": 35.0, "updatedScore": 1835.4228199494391, "updatedConfidence": 35.0, "teamId": 99999}]}