{"id": 31736969, "competitionId": 30067, "createTime": {"seconds": 1637666423}, "endTime": {"seconds": 1637666423}, "agents": [{"id": 78568536, "state": 2, "submissionId": 23889524, "reward": 1000100, "index": 0, "initialScore": 1761.0558236449604, "initialConfidence": 35.0, "updatedScore": 1766.8841746956448, "updatedConfidence": 35.0, "teamId": 99999}, {"id": 78568537, "state": 2, "submissionId": 23825329, "reward": 570055, "index": 1, "initialScore": 1837.9794363911683, "initialConfidence": 35.0, "updatedScore": 1832.151085340484, "updatedConfidence": 35.0, "teamId": 99999}]}