{"id": 28415661, "competitionId": 30067, "createTime": {"seconds": 1634492643}, "endTime": {"seconds": 1634492643}, "agents": [{"id": 71927922, "state": 2, "submissionId": 23124097, "reward": 70010, "index": 0, "initialScore": 1353.6152589028643, "initialConfidence": 35.0, "updatedScore": 1350.878680360609, "updatedConfidence": 35.0, "teamId": 99999}, {"id": 71927923, "state": 2, "submissionId": 23281649, "reward": 1080047, "index": 1, "initialScore": 1471.5672335803192, "initialConfidence": 45.69591515006521, "updatedScore": 1476.2319643960898, "updatedConfidence": 45.19511209200748, "teamId": 99999}]}