{"id": 28507611, "competitionId": 30067, "createTime": {"seconds": 1634607814}, "endTime": {"seconds": 1634607814}, "agents": [{"id": 72111822, "state": 2, "submissionId": 23139746, "reward": 0, "index": 0, "initialScore": 1600.9308538904368, "initialConfidence": 35.0, "updatedScore": 1596.5934611544058, "updatedConfidence": 35.0, "teamId": 99999}, {"id": 72111823, "state": 2, "submissionId": 23281649, "reward": 570038, "index": 1, "initialScore": 1610.3721639918938, "initialConfidence": 35.0, "updatedScore": 1614.7095567279248, "updatedConfidence": 35.0, "teamId": 99999}]}