{"id": 30418856, "competitionId": 30067, "createTime": {"seconds": 1636611204}, "endTime": {"seconds": 1636611204}, "agents": [{"id": 75932310, "state": 2, "submissionId": 22692329, "reward": 0, "index": 0, "initialScore": 944.5214114634178, "initialConfidence": 35.0, "updatedScore": 941.3130540234104, "updatedConfidence": 35.0, "teamId": 99999}, {"id": 75932311, "state": 2, "submissionId": 23692494, "reward": 40010, "index": 1, "initialScore": 1013.8566333103412, "initialConfidence": 101.41179362681495, "updatedScore": 1040.792043017322, "updatedConfidence": 96.01913215474949, "teamId": 99999}]}