{"id": 29122544, "competitionId": 30067, "createTime": {"seconds": 1635317905}, "endTime": {"seconds": 1635317905}, "agents": [{"id": 73341688, "state": 2, "submissionId": 23323058, "reward": 0, "index": 0, "initialScore": 1706.3295867678578, "initialConfidence": 35.0, "updatedScore": 1703.7134077701348, "updatedConfidence": 35.0, "teamId": 99999}, {"id": 73341689, "state": 2, "submissionId": 23281649, "reward": 130013, "index": 1, "initialScore": 1834.5312163666736, "initialConfidence": 35.0, "updatedScore": 1837.1473953643967, "updatedConfidence": 35.0, "teamId": 99999}]}