{"id": 31169163, "competitionId": 30067, "createTime": {"seconds": 1637235501}, "endTime": {"seconds": 1637235501}, "agents": [{"id": 77432924, "state": 2, "submissionId": 23281649, "reward": 860023, "index": 0, "initialScore": 1957.1154041090128, "initialConfidence": 35.0, "updatedScore": 1959.161743381347, "updatedConfidence": 35.0, "teamId": 99999}, {"id": 77432925, "state": 2, "submissionId": 23674317, "reward": 230023, "index": 1, "initialScore": 1780.798597746774, "initialConfidence": 35.0, "updatedScore": 1778.7522584744397, "updatedConfidence": 35.0, "teamId": 99999}]}