{"id": 30707644, "competitionId": 30067, "createTime": {"seconds": 1636858778}, "endTime": {"seconds": 1636858778}, "agents": [{"id": 76509886, "state": 2, "submissionId": 23692494, "reward": 950030, "index": 0, "initialScore": 1639.533955685998, "initialConfidence": 35.0, "updatedScore": 1645.7724110637564, "updatedConfidence": 35.0, "teamId": 99999}, {"id": 76509887, "state": 2, "submissionId": 23642575, "reward": 10001, "index": 1, "initialScore": 1738.6408991288072, "initialConfidence": 35.0, "updatedScore": 1732.4024437510488, "updatedConfidence": 35.0, "teamId": 99999}]}