{"id": 31314717, "competitionId": 30067, "createTime": {"seconds": 1637349057}, "endTime": {"seconds": 1637349057}, "agents": [{"id": 77724032, "state": 2, "submissionId": 23825329, "reward": 570054, "index": 0, "initialScore": 1788.964920044498, "initialConfidence": 35.0, "updatedScore": 1793.3811986477303, "updatedConfidence": 35.0, "teamId": 99999}, {"id": 77724033, "state": 2, "submissionId": 23674317, "reward": 270027, "index": 1, "initialScore": 1784.374062744333, "initialConfidence": 35.0, "updatedScore": 1779.9577841411008, "updatedConfidence": 35.0, "teamId": 99999}]}