{"id": 28793697, "competitionId": 30067, "createTime": {"seconds": 1634949834}, "endTime": {"seconds": 1634949834}, "agents": [{"id": 72683994, "state": 2, "submissionId": 23297953, "reward": 780032, "index": 0, "initialScore": 1711.9255127185706, "initialConfidence": 35.0, "updatedScore": 1715.2624456064332, "updatedConfidence": 35.0, "teamId": 99999}, {"id": 72683995, "state": 2, "submissionId": 23055500, "reward": 80008, "index": 1, "initialScore": 1637.0696074120915, "initialConfidence": 35.0, "updatedScore": 1633.7326745242292, "updatedConfidence": 35.0, "teamId": 99999}]}