{"id": 28483570, "competitionId": 30067, "createTime": {"seconds": 1634577630}, "endTime": {"seconds": 1634577630}, "agents": [{"id": 72063740, "state": 2, "submissionId": 23297953, "reward": 670018, "index": 0, "initialScore": 1311.5238058537182, "initialConfidence": 57.56991319316379, "updatedScore": 1322.448402560501, "updatedConfidence": 56.37512660111127, "teamId": 99999}, {"id": 72063741, "state": 2, "submissionId": 22956107, "reward": 40007, "index": 1, "initialScore": 1288.384036937831, "initialConfidence": 35.0, "updatedScore": 1284.3461853437125, "updatedConfidence": 35.0, "teamId": 99999}]}