{"id": 30154988, "competitionId": 30067, "createTime": {"seconds": 1636375597}, "endTime": {"seconds": 1636375597}, "agents": [{"id": 75404574, "state": 2, "submissionId": 23554491, "reward": 150008, "index": 0, "initialScore": 1767.3764715754874, "initialConfidence": 35.0, "updatedScore": 1765.5648296748598, "updatedConfidence": 35.0, "teamId": 99999}, {"id": 75404575, "state": 2, "submissionId": 23297953, "reward": 530015, "index": 1, "initialScore": 1965.7569342543957, "initialConfidence": 35.0, "updatedScore": 1967.568576155023, "updatedConfidence": 35.0, "teamId": 99999}]}