{"id": 31278768, "competitionId": 30067, "createTime": {"seconds": 1637321197}, "endTime": {"seconds": 1637321197}, "agents": [{"id": 77652134, "state": 2, "submissionId": 23692494, "reward": 310007, "index": 0, "initialScore": 1895.4161491305172, "initialConfidence": 35.0, "updatedScore": 1898.4544742080336, "updatedConfidence": 35.0, "teamId": 99999}, {"id": 77652135, "state": 2, "submissionId": 23769678, "reward": 30000, "index": 1, "initialScore": 1799.25867121977, "initialConfidence": 35.0, "updatedScore": 1796.2203461422534, "updatedConfidence": 35.0, "teamId": 99999}]}