{"id": 29028737, "competitionId": 30067, "createTime": {"seconds": 1635215234}, "endTime": {"seconds": 1635215234}, "agents": [{"id": 73154074, "state": 2, "submissionId": 23302588, "reward": 20002, "index": 0, "initialScore": 1685.4015408079094, "initialConfidence": 35.0, "updatedScore": 1682.81356693551, "updatedConfidence": 35.0, "teamId": 99999}, {"id": 73154075, "state": 2, "submissionId": 23281649, "reward": 350021, "index": 1, "initialScore": 1815.838895953309, "initialConfidence": 35.0, "updatedScore": 1818.4268698257083, "updatedConfidence": 35.0, "teamId": 99999}]}