{"id": 29203722, "competitionId": 30067, "createTime": {"seconds": 1635406446}, "endTime": {"seconds": 1635406446}, "agents": [{"id": 73502044, "state": 2, "submissionId": 23323058, "reward": 310031, "index": 0, "initialScore": 1727.7906329114503, "initialConfidence": 35.0, "updatedScore": 1725.015248418144, "updatedConfidence": 35.0, "teamId": 99999}, {"id": 73502045, "state": 2, "submissionId": 23297953, "reward": 1120026, "index": 1, "initialScore": 1843.6084703970987, "initialConfidence": 35.0, "updatedScore": 1846.383854890405, "updatedConfidence": 35.0, "teamId": 99999}]}