{"id": 28425148, "competitionId": 30067, "createTime": {"seconds": 1634504406}, "endTime": {"seconds": 1634504406}, "agents": [{"id": 71946896, "state": 2, "submissionId": 23253692, "reward": 0, "index": 0, "initialScore": 1405.6366338397804, "initialConfidence": 35.0, "updatedScore": 1402.4564067058889, "updatedConfidence": 35.0, "teamId": 99999}, {"id": 71946897, "state": 2, "submissionId": 23281649, "reward": 470040, "index": 1, "initialScore": 1490.8077546535928, "initialConfidence": 41.47142837410565, "updatedScore": 1495.2727399955604, "updatedConfidence": 41.06484511187468, "teamId": 99999}]}