{"id": 30990065, "competitionId": 30067, "createTime": {"seconds": 1637092511}, "endTime": {"seconds": 1637092511}, "agents": [{"id": 77074728, "state": 2, "submissionId": 23825266, "reward": 220022, "index": 0, "initialScore": 1585.7823223543053, "initialConfidence": 41.91310353023817, "updatedScore": 1581.39028296736, "updatedConfidence": 41.50167487469423, "teamId": 99999}, {"id": 77074729, "state": 2, "submissionId": 23790156, "reward": 690042, "index": 1, "initialScore": 1679.410015942177, "initialConfidence": 35.316727845917306, "updatedScore": 1682.5283849331745, "updatedConfidence": 35.070938232796806, "teamId": 99999}]}