{"id": 31082818, "competitionId": 30067, "createTime": {"seconds": 1637166868}, "endTime": {"seconds": 1637166868}, "agents": [{"id": 77260234, "state": 2, "submissionId": 23825370, "reward": 2200211, "index": 0, "initialScore": 1634.0609743419134, "initialConfidence": 36.93385553224245, "updatedScore": 1638.2112917750196, "updatedConfidence": 36.6221236478182, "teamId": 99999}, {"id": 77260235, "state": 2, "submissionId": 23566171, "reward": 400048, "index": 1, "initialScore": 1585.9647541855538, "initialConfidence": 35.0, "updatedScore": 1582.2376793664157, "updatedConfidence": 35.0, "teamId": 99999}]}