{"id": 31514474, "competitionId": 30067, "createTime": {"seconds": 1637500894}, "endTime": {"seconds": 1637500894}, "agents": [{"id": 78123546, "state": 2, "submissionId": 23770123, "reward": 120094, "index": 0, "initialScore": 1811.2448425673035, "initialConfidence": 35.0, "updatedScore": 1808.5834718254027, "updatedConfidence": 35.0, "teamId": 99999}, {"id": 78123547, "state": 2, "submissionId": 23692494, "reward": 3110108, "index": 1, "initialScore": 1935.8912066361856, "initialConfidence": 35.0, "updatedScore": 1938.5525773780864, "updatedConfidence": 35.0, "teamId": 99999}]}