{"id": 31110271, "competitionId": 30067, "createTime": {"seconds": 1637188736}, "endTime": {"seconds": 1637188736}, "agents": [{"id": 77315140, "state": 2, "submissionId": 23554433, "reward": 2, "index": 0, "initialScore": 1768.9354999020557, "initialConfidence": 35.0, "updatedScore": 1765.6804713430097, "updatedConfidence": 35.0, "teamId": 99999}, {"id": 77315141, "state": 2, "submissionId": 23692494, "reward": 470018, "index": 1, "initialScore": 1849.5359402237852, "initialConfidence": 35.0, "updatedScore": 1852.790968782832, "updatedConfidence": 35.0, "teamId": 99999}]}