{"id": 30876820, "competitionId": 30067, "createTime": {"seconds": 1636999409}, "endTime": {"seconds": 1636999409}, "agents": [{"id": 76848238, "state": 2, "submissionId": 23692494, "reward": 950026, "index": 0, "initialScore": 1738.8894722176074, "initialConfidence": 35.0, "updatedScore": 1743.2874538104595, "updatedConfidence": 35.0, "teamId": 99999}, {"id": 76848239, "state": 2, "submissionId": 23565821, "reward": 20002, "index": 1, "initialScore": 1733.1769537807006, "initialConfidence": 35.0, "updatedScore": 1728.7789721878485, "updatedConfidence": 35.0, "teamId": 99999}]}