{"id": 30489793, "competitionId": 30067, "createTime": {"seconds": 1636672680}, "endTime": {"seconds": 1636672680}, "agents": [{"id": 76074184, "state": 2, "submissionId": 23323058, "reward": 50005, "index": 0, "initialScore": 1755.8136671137613, "initialConfidence": 35.0, "updatedScore": 1754.4845208427662, "updatedConfidence": 35.0, "teamId": 99999}, {"id": 76074185, "state": 2, "submissionId": 23297953, "reward": 770035, "index": 1, "initialScore": 2017.1778698841176, "initialConfidence": 35.0, "updatedScore": 2018.5070161551128, "updatedConfidence": 35.0, "teamId": 99999}]}