{"id": 31277841, "competitionId": 30067, "createTime": {"seconds": 1637320477}, "endTime": {"seconds": 1637320477}, "agents": [{"id": 77650280, "state": 2, "submissionId": 23297953, "reward": 650009, "index": 0, "initialScore": 2046.5160922174305, "initialConfidence": 35.0, "updatedScore": 2048.0298054298337, "updatedConfidence": 35.0, "teamId": 99999}, {"id": 77650281, "state": 2, "submissionId": 23770016, "reward": 10001, "index": 1, "initialScore": 1817.466930918367, "initialConfidence": 35.0, "updatedScore": 1815.9532177059637, "updatedConfidence": 35.0, "teamId": 99999}]}