{"id": 30421049, "competitionId": 30067, "createTime": {"seconds": 1636613123}, "endTime": {"seconds": 1636613123}, "agents": [{"id": 75936696, "state": 2, "submissionId": 23692494, "reward": 350007, "index": 0, "initialScore": 1170.4184792713838, "initialConfidence": 74.58454428909818, "updatedScore": 1191.0350061353577, "updatedConfidence": 71.92497640214575, "teamId": 99999}, {"id": 75936697, "state": 2, "submissionId": 23461200, "reward": 1, "index": 1, "initialScore": 1186.2070434819482, "initialConfidence": 35.0, "updatedScore": 1181.6670637722805, "updatedConfidence": 35.0, "teamId": 99999}]}