{"id": 31789308, "competitionId": 30067, "createTime": {"seconds": 1637704061}, "endTime": {"seconds": 1637704061}, "agents": [{"id": 78673214, "state": 2, "submissionId": 23825143, "reward": 1540047, "index": 0, "initialScore": 1842.346653526599, "initialConfidence": 35.0, "updatedScore": 1836.0698425865307, "updatedConfidence": 35.0, "teamId": 99999}, {"id": 78673215, "state": 2, "submissionId": 23674326, "reward": 2170057, "index": 1, "initialScore": 1741.1925190865447, "initialConfidence": 35.0, "updatedScore": 1747.469330026613, "updatedConfidence": 35.0, "teamId": 99999}]}