{"id": 32035279, "competitionId": 30067, "createTime": {"seconds": 1637877414}, "endTime": {"seconds": 1637877414}, "agents": [{"id": 79165156, "state": 2, "submissionId": 23297953, "reward": 2270077, "index": 0, "initialScore": 1974.3714844423723, "initialConfidence": 35.0, "updatedScore": 1977.2192085578597, "updatedConfidence": 35.0, "teamId": 99999}, {"id": 79165157, "state": 2, "submissionId": 23825266, "reward": 1950053, "index": 1, "initialScore": 1864.055917887364, "initialConfidence": 35.0, "updatedScore": 1861.2081937718765, "updatedConfidence": 35.0, "teamId": 99999}]}