{"id": 30982625, "competitionId": 30067, "createTime": {"seconds": 1637086269}, "endTime": {"seconds": 1637086269}, "agents": [{"id": 77059848, "state": 2, "submissionId": 23825143, "reward": 2150210, "index": 0, "initialScore": 1611.486369840241, "initialConfidence": 44.22631560490278, "updatedScore": 1617.1558107468834, "updatedConfidence": 43.7072783175942, "teamId": 99999}, {"id": 77059849, "state": 2, "submissionId": 23457172, "reward": 150015, "index": 1, "initialScore": 1552.6991059083869, "initialConfidence": 35.0, "updatedScore": 1549.1483992046965, "updatedConfidence": 35.0, "teamId": 99999}]}