{"id": 30808253, "competitionId": 30067, "createTime": {"seconds": 1636942806}, "endTime": {"seconds": 1636942806}, "agents": [{"id": 76711104, "state": 2, "submissionId": 23553129, "reward": 0, "index": 0, "initialScore": 1636.0975155546048, "initialConfidence": 35.0, "updatedScore": 1632.499848464705, "updatedConfidence": 35.0, "teamId": 99999}, {"id": 76711105, "state": 2, "submissionId": 23692494, "reward": 530019, "index": 1, "initialScore": 1693.1101315527242, "initialConfidence": 35.0, "updatedScore": 1696.7077986426236, "updatedConfidence": 35.0, "teamId": 99999}]}