{"id": 30073873, "competitionId": 30067, "createTime": {"seconds": 1636301623}, "endTime": {"seconds": 1636301623}, "agents": [{"id": 75242344, "state": 2, "submissionId": 23554491, "reward": 230010, "index": 0, "initialScore": 1765.9588148144285, "initialConfidence": 35.0, "updatedScore": 1764.010673166768, "updatedConfidence": 35.0, "teamId": 99999}, {"id": 75242345, "state": 2, "submissionId": 23281649, "reward": 910031, "index": 1, "initialScore": 1951.314315023282, "initialConfidence": 35.0, "updatedScore": 1953.2624566709424, "updatedConfidence": 35.0, "teamId": 99999}]}