{"id": 30428762, "competitionId": 30067, "createTime": {"seconds": 1636619846}, "endTime": {"seconds": 1636619846}, "agents": [{"id": 75952122, "state": 2, "submissionId": 23403639, "reward": 40004, "index": 0, "initialScore": 1402.3993240565055, "initialConfidence": 35.0, "updatedScore": 1398.795524973765, "updatedConfidence": 35.0, "teamId": 99999}, {"id": 75952123, "state": 2, "submissionId": 23692494, "reward": 1070041, "index": 1, "initialScore": 1457.8119284460688, "initialConfidence": 42.79055582965165, "updatedScore": 1463.198598034939, "updatedConfidence": 42.31632544000876, "teamId": 99999}]}