{"id": 30636276, "competitionId": 30067, "createTime": {"seconds": 1636798512}, "endTime": {"seconds": 1636798512}, "agents": [{"id": 76367150, "state": 2, "submissionId": 23495356, "reward": 70007, "index": 0, "initialScore": 1622.2954995582352, "initialConfidence": 35.0, "updatedScore": 1617.6620842849986, "updatedConfidence": 35.0, "teamId": 99999}, {"id": 76367151, "state": 2, "submissionId": 23692494, "reward": 2750052, "index": 1, "initialScore": 1613.7240009696804, "initialConfidence": 35.0, "updatedScore": 1618.357416242917, "updatedConfidence": 35.0, "teamId": 99999}]}