{"id": 31326877, "competitionId": 30067, "createTime": {"seconds": 1637358447}, "endTime": {"seconds": 1637358447}, "agents": [{"id": 77748352, "state": 2, "submissionId": 23790148, "reward": 1670031, "index": 0, "initialScore": 1688.7421739970544, "initialConfidence": 35.0, "updatedScore": 1685.4280699354272, "updatedConfidence": 35.0, "teamId": 99999}, {"id": 77748353, "state": 2, "submissionId": 23825143, "reward": 1930047, "index": 1, "initialScore": 1765.192163900003, "initialConfidence": 35.0, "updatedScore": 1768.50626796163, "updatedConfidence": 35.0, "teamId": 99999}]}