{"id": 31869552, "competitionId": 30067, "createTime": {"seconds": 1637760944}, "endTime": {"seconds": 1637760944}, "agents": [{"id": 78833702, "state": 2, "submissionId": 23692494, "reward": 690014, "index": 0, "initialScore": 1989.77416750174, "initialConfidence": 35.0, "updatedScore": 1992.3723873988663, "updatedConfidence": 35.0, "teamId": 99999}, {"id": 78833703, "state": 2, "submissionId": 23825224, "reward": 2, "index": 1, "initialScore": 1860.1504972186651, "initialConfidence": 35.0, "updatedScore": 1857.552277321539, "updatedConfidence": 35.0, "teamId": 99999}]}