{"id": 31016117, "competitionId": 30067, "createTime": {"seconds": 1637113454}, "endTime": {"seconds": 1637113454}, "agents": [{"id": 77126832, "state": 2, "submissionId": 23554433, "reward": 0, "index": 0, "initialScore": 1798.8065763949146, "initialConfidence": 35.0, "updatedScore": 1794.6880492330197, "updatedConfidence": 35.0, "teamId": 99999}, {"id": 77126833, "state": 2, "submissionId": 23692494, "reward": 380012, "index": 1, "initialScore": 1821.911661092875, "initialConfidence": 35.0, "updatedScore": 1826.03018825477, "updatedConfidence": 35.0, "teamId": 99999}]}