{"id": 31022596, "competitionId": 30067, "createTime": {"seconds": 1637118800}, "endTime": {"seconds": 1637118800}, "agents": [{"id": 77139790, "state": 2, "submissionId": 23825143, "reward": 530052, "index": 0, "initialScore": 1664.260299535514, "initialConfidence": 39.38602568747212, "updatedScore": 1669.6811249769944, "updatedConfidence": 38.98431661146951, "teamId": 99999}, {"id": 77139791, "state": 2, "submissionId": 23486365, "reward": 3, "index": 1, "initialScore": 1652.1809628503047, "initialConfidence": 35.0, "updatedScore": 1647.9002392041982, "updatedConfidence": 35.0, "teamId": 99999}]}