{"id": 30973700, "competitionId": 30067, "createTime": {"seconds": 1637078814}, "endTime": {"seconds": 1637078814}, "agents": [{"id": 77041998, "state": 2, "submissionId": 23825143, "reward": 1380066, "index": 0, "initialScore": 1235.97258988938, "initialConfidence": 93.43794928847842, "updatedScore": 1261.451531109914, "updatedConfidence": 88.91409055073616, "teamId": 99999}, {"id": 77041999, "state": 2, "submissionId": 23030529, "reward": 0, "index": 1, "initialScore": 1192.3913008028208, "initialConfidence": 35.0, "updatedScore": 1188.8163434190865, "updatedConfidence": 35.0, "teamId": 99999}]}