{"id": 31869589, "competitionId": 30067, "createTime": {"seconds": 1637760945}, "endTime": {"seconds": 1637760945}, "agents": [{"id": 78833776, "state": 2, "submissionId": 23915731, "reward": 260024, "index": 0, "initialScore": 1705.961725360631, "initialConfidence": 35.0, "updatedScore": 1703.118904288777, "updatedConfidence": 35.0, "teamId": 99999}, {"id": 78833777, "state": 2, "submissionId": 23825370, "reward": 970092, "index": 1, "initialScore": 1816.6478897250663, "initialConfidence": 35.0, "updatedScore": 1819.4907107969204, "updatedConfidence": 35.0, "teamId": 99999}]}