{"id": 29971313, "competitionId": 30067, "createTime": {"seconds": 1636207031}, "endTime": {"seconds": 1636207031}, "agents": [{"id": 75037224, "state": 2, "submissionId": 23281649, "reward": 210013, "index": 0, "initialScore": 1942.0001308124529, "initialConfidence": 35.0, "updatedScore": 1944.048554645052, "updatedConfidence": 35.0, "teamId": 99999}, {"id": 75037225, "state": 2, "submissionId": 23554491, "reward": 0, "index": 1, "initialScore": 1765.87241356174, "initialConfidence": 35.0, "updatedScore": 1763.823989729141, "updatedConfidence": 35.0, "teamId": 99999}]}