{"id": 31180597, "competitionId": 30067, "createTime": {"seconds": 1637244382}, "endTime": {"seconds": 1637244382}, "agents": [{"id": 77455792, "state": 2, "submissionId": 23735309, "reward": 30003, "index": 0, "initialScore": 1651.7594182363046, "initialConfidence": 35.0, "updatedScore": 1647.672794775321, "updatedConfidence": 35.0, "teamId": 99999}, {"id": 77455793, "state": 2, "submissionId": 23825266, "reward": 340032, "index": 1, "initialScore": 1676.88288680986, "initialConfidence": 35.0, "updatedScore": 1680.969510270843, "updatedConfidence": 35.0, "teamId": 99999}]}