{"id": 31034667, "competitionId": 30067, "createTime": {"seconds": 1637128403}, "endTime": {"seconds": 1637128403}, "agents": [{"id": 77163932, "state": 2, "submissionId": 23825329, "reward": 1520088, "index": 0, "initialScore": 1740.3645140767487, "initialConfidence": 38.95534778198281, "updatedScore": 1746.3750584783827, "updatedConfidence": 38.54514544716171, "teamId": 99999}, {"id": 77163933, "state": 2, "submissionId": 23608696, "reward": 860086, "index": 1, "initialScore": 1762.8702123306623, "initialConfidence": 35.0, "updatedScore": 1758.018268924476, "updatedConfidence": 35.0, "teamId": 99999}]}