{"id": 31058456, "competitionId": 30067, "createTime": {"seconds": 1637147396}, "endTime": {"seconds": 1637147396}, "agents": [{"id": 77211510, "state": 2, "submissionId": 23825329, "reward": 1270120, "index": 0, "initialScore": 1756.4667188547264, "initialConfidence": 37.80833334403283, "updatedScore": 1761.1424786077253, "updatedConfidence": 37.462813627632976, "teamId": 99999}, {"id": 77211511, "state": 2, "submissionId": 23565396, "reward": 830040, "index": 1, "initialScore": 1726.7584979192966, "initialConfidence": 35.0, "updatedScore": 1722.751554495565, "updatedConfidence": 35.0, "teamId": 99999}]}