{"id": 31039467, "competitionId": 30067, "createTime": {"seconds": 1637132244}, "endTime": {"seconds": 1637132244}, "agents": [{"id": 77173532, "state": 2, "submissionId": 23642618, "reward": 1040063, "index": 0, "initialScore": 1694.3712972225755, "initialConfidence": 35.0, "updatedScore": 1689.5350549533744, "updatedConfidence": 35.0, "teamId": 99999}, {"id": 77173533, "state": 2, "submissionId": 23825143, "reward": 1510030, "index": 1, "initialScore": 1673.062980061658, "initialConfidence": 37.87395199533636, "updatedScore": 1678.7260667352327, "updatedConfidence": 37.4970616781866, "teamId": 99999}]}