{"id": 28801784, "competitionId": 30067, "createTime": {"seconds": 1634959192}, "endTime": {"seconds": 1634959192}, "agents": [{"id": 72700168, "state": 2, "submissionId": 23008895, "reward": 120016, "index": 0, "initialScore": 1651.9778084576212, "initialConfidence": 35.0, "updatedScore": 1648.4728700603512, "updatedConfidence": 35.0, "teamId": 99999}, {"id": 72700169, "state": 2, "submissionId": 23297953, "reward": 1340034, "index": 1, "initialScore": 1715.2624456064332, "initialConfidence": 35.0, "updatedScore": 1718.7673840037032, "updatedConfidence": 35.0, "teamId": 99999}]}