{"id": 31992668, "competitionId": 30067, "createTime": {"seconds": 1637847398}, "endTime": {"seconds": 1637847398}, "agents": [{"id": 79079934, "state": 2, "submissionId": 23297953, "reward": 970043, "index": 0, "initialScore": 1976.2325237109685, "initialConfidence": 35.0, "updatedScore": 1978.6923995377, "updatedConfidence": 35.0, "teamId": 99999}, {"id": 79079935, "state": 2, "submissionId": 23770016, "reward": 180019, "index": 1, "initialScore": 1835.470463281862, "initialConfidence": 35.0, "updatedScore": 1833.0105874551305, "updatedConfidence": 35.0, "teamId": 99999}]}