{"id": 31364402, "competitionId": 30067, "createTime": {"seconds": 1637387451}, "endTime": {"seconds": 1637387451}, "agents": [{"id": 77823402, "state": 2, "submissionId": 23032370, "reward": 400050, "index": 0, "initialScore": 1832.7724227088208, "initialConfidence": 35.0, "updatedScore": 1827.6620721328857, "updatedConfidence": 35.0, "teamId": 99999}, {"id": 77823403, "state": 2, "submissionId": 23825329, "reward": 850085, "index": 1, "initialScore": 1796.1640668078453, "initialConfidence": 35.0, "updatedScore": 1801.2744173837802, "updatedConfidence": 35.0, "teamId": 99999}]}