{"id": 30422972, "competitionId": 30067, "createTime": {"seconds": 1636614803}, "endTime": {"seconds": 1636614803}, "agents": [{"id": 75940542, "state": 2, "submissionId": 23215705, "reward": 20005, "index": 0, "initialScore": 1241.7417198072649, "initialConfidence": 35.0, "updatedScore": 1237.968950616264, "updatedConfidence": 35.0, "teamId": 99999}, {"id": 75940543, "state": 2, "submissionId": 23692494, "reward": 1300024, "index": 1, "initialScore": 1281.9867336101283, "initialConfidence": 60.01765558412021, "updatedScore": 1293.0805813790323, "updatedConfidence": 58.71023730737941, "teamId": 99999}]}