{"id": 31206277, "competitionId": 30067, "createTime": {"seconds": 1637264800}, "endTime": {"seconds": 1637264800}, "agents": [{"id": 77507152, "state": 2, "submissionId": 23825329, "reward": 430018, "index": 0, "initialScore": 1797.0407417249746, "initialConfidence": 35.0, "updatedScore": 1801.0941218772743, "updatedConfidence": 35.0, "teamId": 99999}, {"id": 77507153, "state": 2, "submissionId": 23642575, "reward": 3, "index": 1, "initialScore": 1769.8066065725905, "initialConfidence": 35.0, "updatedScore": 1765.7532264202907, "updatedConfidence": 35.0, "teamId": 99999}]}