{"id": 30974890, "competitionId": 30067, "createTime": {"seconds": 1637079774}, "endTime": {"seconds": 1637079774}, "agents": [{"id": 77044378, "state": 2, "submissionId": 23418414, "reward": 0, "index": 0, "initialScore": 1335.2874985029569, "initialConfidence": 35.0, "updatedScore": 1331.3734976363494, "updatedConfidence": 35.0, "teamId": 99999}, {"id": 77044379, "state": 2, "submissionId": 23825143, "reward": 300017, "index": 1, "initialScore": 1361.3763421778588, "initialConfidence": 74.5867802701893, "updatedScore": 1379.1512987781537, "updatedConfidence": 72.0953519473207, "teamId": 99999}]}