{"id": 31180615, "competitionId": 30067, "createTime": {"seconds": 1637244383}, "endTime": {"seconds": 1637244383}, "agents": [{"id": 77455828, "state": 2, "submissionId": 23825329, "reward": 150015, "index": 0, "initialScore": 1801.3423978839023, "initialConfidence": 35.0, "updatedScore": 1810.4853698805816, "updatedConfidence": 35.0, "teamId": 99999}, {"id": 77455829, "state": 2, "submissionId": 23297953, "reward": 110013, "index": 1, "initialScore": 2045.661536002305, "initialConfidence": 35.0, "updatedScore": 2036.5185640056256, "updatedConfidence": 35.0, "teamId": 99999}]}