{"id": 31277834, "competitionId": 30067, "createTime": {"seconds": 1637320477}, "endTime": {"seconds": 1637320477}, "agents": [{"id": 77650266, "state": 2, "submissionId": 23825370, "reward": 1550029, "index": 0, "initialScore": 1711.0868643494878, "initialConfidence": 35.0, "updatedScore": 1713.9671417129666, "updatedConfidence": 35.0, "teamId": 99999}, {"id": 77650267, "state": 2, "submissionId": 23589630, "reward": 540068, "index": 1, "initialScore": 1603.2234291613584, "initialConfidence": 35.0, "updatedScore": 1600.3431517978795, "updatedConfidence": 35.0, "teamId": 99999}]}