{"id": 28719723, "competitionId": 30067, "createTime": {"seconds": 1634864123}, "endTime": {"seconds": 1634864123}, "agents": [{"id": 72536046, "state": 2, "submissionId": 23281649, "reward": 1290040, "index": 0, "initialScore": 1726.9164833529487, "initialConfidence": 35.0, "updatedScore": 1730.034562935922, "updatedConfidence": 35.0, "teamId": 99999}, {"id": 72536047, "state": 2, "submissionId": 23243815, "reward": 30011, "index": 1, "initialScore": 1636.5476600478655, "initialConfidence": 35.0, "updatedScore": 1633.4295804648923, "updatedConfidence": 35.0, "teamId": 99999}]}