{"id": 32119199, "competitionId": 30067, "createTime": {"seconds": 1637936052}, "endTime": {"seconds": 1637936052}, "agents": [{"id": 79332996, "state": 2, "submissionId": 23883224, "reward": 570009, "index": 0, "initialScore": 1740.97862403896, "initialConfidence": 35.0, "updatedScore": 1747.808478989234, "updatedConfidence": 35.0, "teamId": 99999}, {"id": 79332997, "state": 2, "submissionId": 23825143, "reward": 40001, "index": 1, "initialScore": 1871.1783520497688, "initialConfidence": 35.0, "updatedScore": 1864.3484970994944, "updatedConfidence": 35.0, "teamId": 99999}]}