{"id": 30248082, "competitionId": 30067, "createTime": {"seconds": 1636459649}, "endTime": {"seconds": 1636459649}, "agents": [{"id": 75590762, "state": 2, "submissionId": 23281649, "reward": 330013, "index": 0, "initialScore": 1954.610556536136, "initialConfidence": 35.0, "updatedScore": 1956.7001014891823, "updatedConfidence": 35.0, "teamId": 99999}, {"id": 75590763, "state": 2, "submissionId": 23554491, "reward": 200022, "index": 1, "initialScore": 1782.1902391891444, "initialConfidence": 35.0, "updatedScore": 1780.1006942360978, "updatedConfidence": 35.0, "teamId": 99999}]}