{"id": 31229256, "competitionId": 30067, "createTime": {"seconds": 1637282798}, "endTime": {"seconds": 1637282798}, "agents": [{"id": 77553110, "state": 2, "submissionId": 23003907, "reward": 1, "index": 0, "initialScore": 1615.5238219474304, "initialConfidence": 35.0, "updatedScore": 1612.2353494406818, "updatedConfidence": 35.0, "teamId": 99999}, {"id": 77553111, "state": 2, "submissionId": 23825370, "reward": 440024, "index": 1, "initialScore": 1693.7700684458678, "initialConfidence": 35.0, "updatedScore": 1697.0585409526163, "updatedConfidence": 35.0, "teamId": 99999}]}