{"id": 31606260, "competitionId": 30067, "createTime": {"seconds": 1637568842}, "endTime": {"seconds": 1637568842}, "agents": [{"id": 78307118, "state": 2, "submissionId": 23825143, "reward": 720069, "index": 0, "initialScore": 1801.879020245573, "initialConfidence": 35.0, "updatedScore": 1805.3893979411769, "updatedConfidence": 35.0, "teamId": 99999}, {"id": 78307119, "state": 2, "submissionId": 23642611, "reward": 380034, "index": 1, "initialScore": 1738.964467943354, "initialConfidence": 35.0, "updatedScore": 1735.4540902477504, "updatedConfidence": 35.0, "teamId": 99999}]}