{"id": 29020285, "competitionId": 30067, "createTime": {"seconds": 1635205634}, "endTime": {"seconds": 1635205634}, "agents": [{"id": 73137170, "state": 2, "submissionId": 23302588, "reward": 0, "index": 0, "initialScore": 1679.6291064392103, "initialConfidence": 35.0, "updatedScore": 1677.0118140971672, "updatedConfidence": 35.0, "teamId": 99999}, {"id": 73137171, "state": 2, "submissionId": 23281649, "reward": 16, "index": 1, "initialScore": 1807.742752820132, "initialConfidence": 35.0, "updatedScore": 1810.3600451621755, "updatedConfidence": 35.0, "teamId": 99999}]}