{"id": 30982925, "competitionId": 30067, "createTime": {"seconds": 1637086509}, "endTime": {"seconds": 1637086509}, "agents": [{"id": 77060448, "state": 2, "submissionId": 23055500, "reward": 0, "index": 0, "initialScore": 1597.424952810804, "initialConfidence": 35.0, "updatedScore": 1592.1730593579875, "updatedConfidence": 35.0, "teamId": 99999}, {"id": 77060449, "state": 2, "submissionId": 23825266, "reward": 830081, "index": 1, "initialScore": 1549.7960460887264, "initialConfidence": 45.00187432803988, "updatedScore": 1558.478470741631, "updatedConfidence": 44.35331417213116, "teamId": 99999}]}