{"id": 29438124, "competitionId": 30067, "createTime": {"seconds": 1635652254}, "endTime": {"seconds": 1635652254}, "agents": [{"id": 73970848, "state": 2, "submissionId": 23297953, "reward": 590013, "index": 0, "initialScore": 1887.78789718539, "initialConfidence": 35.0, "updatedScore": 1890.0241045020364, "updatedConfidence": 35.0, "teamId": 99999}, {"id": 73970849, "state": 2, "submissionId": 23323058, "reward": 30003, "index": 1, "initialScore": 1728.2580039146858, "initialConfidence": 35.0, "updatedScore": 1726.0217965980394, "updatedConfidence": 35.0, "teamId": 99999}]}