{"id": 31656441, "competitionId": 30067, "createTime": {"seconds": 1637605625}, "endTime": {"seconds": 1637605625}, "agents": [{"id": 78407480, "state": 2, "submissionId": 23281649, "reward": 320017, "index": 0, "initialScore": 1957.2751941662127, "initialConfidence": 35.0, "updatedScore": 1960.1664938976028, "updatedConfidence": 35.0, "teamId": 99999}, {"id": 78407481, "state": 2, "submissionId": 23770016, "reward": 80000, "index": 1, "initialScore": 1850.238759272502, "initialConfidence": 35.0, "updatedScore": 1847.3474595411124, "updatedConfidence": 35.0, "teamId": 99999}]}