{"id": 28969244, "competitionId": 30067, "createTime": {"seconds": 1635148880}, "endTime": {"seconds": 1635148880}, "agents": [{"id": 73035088, "state": 2, "submissionId": 23297953, "reward": 860028, "index": 0, "initialScore": 1779.8103040951337, "initialConfidence": 35.0, "updatedScore": 1783.4373834194112, "updatedConfidence": 35.0, "teamId": 99999}, {"id": 73035089, "state": 2, "submissionId": 23323058, "reward": 280029, "index": 1, "initialScore": 1724.7709367054103, "initialConfidence": 35.0, "updatedScore": 1721.1438573811326, "updatedConfidence": 35.0, "teamId": 99999}]}