{"id": 29105282, "competitionId": 30067, "createTime": {"seconds": 1635299186}, "endTime": {"seconds": 1635299186}, "agents": [{"id": 73307164, "state": 2, "submissionId": 23129375, "reward": 170031, "index": 0, "initialScore": 1681.4087569556816, "initialConfidence": 35.0, "updatedScore": 1678.8957399275494, "updatedConfidence": 35.0, "teamId": 99999}, {"id": 73307165, "state": 2, "submissionId": 23297953, "reward": 1070036, "index": 1, "initialScore": 1817.8527815854452, "initialConfidence": 35.0, "updatedScore": 1820.3657986135777, "updatedConfidence": 35.0, "teamId": 99999}]}