{"id": 31515801, "competitionId": 30067, "createTime": {"seconds": 1637501855}, "endTime": {"seconds": 1637501855}, "agents": [{"id": 78126200, "state": 2, "submissionId": 23674326, "reward": 1, "index": 0, "initialScore": 1753.6544022731018, "initialConfidence": 35.0, "updatedScore": 1749.5626173441417, "updatedConfidence": 35.0, "teamId": 99999}, {"id": 78126201, "state": 2, "submissionId": 23825370, "reward": 210006, "index": 1, "initialScore": 1778.4508539993358, "initialConfidence": 35.0, "updatedScore": 1782.542638928296, "updatedConfidence": 35.0, "teamId": 99999}]}