{"id": 29293123, "competitionId": 30067, "createTime": {"seconds": 1635500899}, "endTime": {"seconds": 1635500899}, "agents": [{"id": 73680846, "state": 2, "submissionId": 23281649, "reward": 510024, "index": 0, "initialScore": 1869.1312498812808, "initialConfidence": 35.0, "updatedScore": 1871.315389607912, "updatedConfidence": 35.0, "teamId": 99999}, {"id": 73680847, "state": 2, "submissionId": 23243815, "reward": 80008, "index": 1, "initialScore": 1705.0821550950077, "initialConfidence": 35.0, "updatedScore": 1702.8980153683765, "updatedConfidence": 35.0, "teamId": 99999}]}