{"id": 28833672, "competitionId": 30067, "createTime": {"seconds": 1634995941}, "endTime": {"seconds": 1634995941}, "agents": [{"id": 72763944, "state": 2, "submissionId": 23034455, "reward": 70012, "index": 0, "initialScore": 1671.6236497833058, "initialConfidence": 35.0, "updatedScore": 1668.3811397589316, "updatedConfidence": 35.0, "teamId": 99999}, {"id": 72763945, "state": 2, "submissionId": 23281649, "reward": 100009, "index": 1, "initialScore": 1753.1083822621115, "initialConfidence": 35.0, "updatedScore": 1756.3508922864858, "updatedConfidence": 35.0, "teamId": 99999}]}