{"id": 30394559, "competitionId": 30067, "createTime": {"seconds": 1636589848}, "endTime": {"seconds": 1636589848}, "agents": [{"id": 75883716, "state": 2, "submissionId": 23554491, "reward": 580058, "index": 0, "initialScore": 1781.5593037489652, "initialConfidence": 35.0, "updatedScore": 1779.6473828820988, "updatedConfidence": 35.0, "teamId": 99999}, {"id": 75883717, "state": 2, "submissionId": 23281649, "reward": 770055, "index": 1, "initialScore": 1970.316517777084, "initialConfidence": 35.0, "updatedScore": 1972.22843864395, "updatedConfidence": 35.0, "teamId": 99999}]}