{"id": 30976669, "competitionId": 30067, "createTime": {"seconds": 1637081214}, "endTime": {"seconds": 1637081214}, "agents": [{"id": 77047936, "state": 2, "submissionId": 22996644, "reward": 0, "index": 0, "initialScore": 1305.9755754815249, "initialConfidence": 35.0, "updatedScore": 1302.0090987411595, "updatedConfidence": 35.0, "teamId": 99999}, {"id": 77047937, "state": 2, "submissionId": 23825370, "reward": 140008, "index": 1, "initialScore": 1328.948954740193, "initialConfidence": 73.17793893919377, "updatedScore": 1346.2881592903336, "updatedConfidence": 70.8047146007044, "teamId": 99999}]}