{"id": 30553755, "competitionId": 30067, "createTime": {"seconds": 1636727937}, "endTime": {"seconds": 1636727937}, "agents": [{"id": 76202108, "state": 2, "submissionId": 23323058, "reward": 200021, "index": 0, "initialScore": 1770.9117400542334, "initialConfidence": 35.0, "updatedScore": 1769.5825937832385, "updatedConfidence": 35.0, "teamId": 99999}, {"id": 76202109, "state": 2, "submissionId": 23297953, "reward": 1030025, "index": 1, "initialScore": 2025.1726380334944, "initialConfidence": 35.0, "updatedScore": 2026.501784304489, "updatedConfidence": 35.0, "teamId": 99999}]}