{"id": 30419952, "competitionId": 30067, "createTime": {"seconds": 1636612164}, "endTime": {"seconds": 1636612164}, "agents": [{"id": 75934502, "state": 2, "submissionId": 23692494, "reward": 220017, "index": 0, "initialScore": 1067.7045762727323, "initialConfidence": 91.13660771107809, "updatedScore": 1099.5891339301063, "updatedConfidence": 86.37162277275954, "teamId": 99999}, {"id": 75934503, "state": 2, "submissionId": 22855510, "reward": 0, "index": 1, "initialScore": 1102.6649968699824, "initialConfidence": 35.0, "updatedScore": 1097.9624756222393, "updatedConfidence": 35.0, "teamId": 99999}]}