{"id": 30469611, "competitionId": 30067, "createTime": {"seconds": 1636655161}, "endTime": {"seconds": 1636655161}, "agents": [{"id": 76033820, "state": 2, "submissionId": 23403072, "reward": 140011, "index": 0, "initialScore": 1516.8378458148104, "initialConfidence": 35.0, "updatedScore": 1512.4423912601424, "updatedConfidence": 35.0, "teamId": 99999}, {"id": 76033821, "state": 2, "submissionId": 23692494, "reward": 2930063, "index": 1, "initialScore": 1522.1442573784454, "initialConfidence": 37.77139303986967, "updatedScore": 1527.263358516488, "updatedConfidence": 37.41237536326068, "teamId": 99999}]}