{"id": 31290700, "competitionId": 30067, "createTime": {"seconds": 1637330327}, "endTime": {"seconds": 1637330327}, "agents": [{"id": 77675998, "state": 2, "submissionId": 23825224, "reward": 790044, "index": 0, "initialScore": 1820.113342267971, "initialConfidence": 35.0, "updatedScore": 1817.39124871329, "updatedConfidence": 35.0, "teamId": 99999}, {"id": 77675999, "state": 2, "submissionId": 23281649, "reward": 1390041, "index": 1, "initialScore": 1940.0331837542165, "initialConfidence": 35.0, "updatedScore": 1942.755277308897, "updatedConfidence": 35.0, "teamId": 99999}]}