{"id": 28601481, "competitionId": 30067, "createTime": {"seconds": 1634722779}, "endTime": {"seconds": 1634722779}, "agents": [{"id": 72299562, "state": 2, "submissionId": 23281649, "reward": 880059, "index": 0, "initialScore": 1683.982596074773, "initialConfidence": 35.0, "updatedScore": 1687.3156476860331, "updatedConfidence": 35.0, "teamId": 99999}, {"id": 72299563, "state": 2, "submissionId": 22931784, "reward": 310028, "index": 1, "initialScore": 1608.856049554223, "initialConfidence": 35.0, "updatedScore": 1605.5229979429628, "updatedConfidence": 35.0, "teamId": 99999}]}