{"id": 29881187, "competitionId": 30067, "createTime": {"seconds": 1636121861}, "endTime": {"seconds": 1636121861}, "agents": [{"id": 74856972, "state": 2, "submissionId": 23297953, "reward": 0, "index": 0, "initialScore": 1957.1558489695133, "initialConfidence": 35.0, "updatedScore": 1948.5048953723697, "updatedConfidence": 35.0, "teamId": 99999}, {"id": 74856973, "state": 2, "submissionId": 23554433, "reward": 2, "index": 1, "initialScore": 1736.3168261875153, "initialConfidence": 35.0, "updatedScore": 1744.9677797846591, "updatedConfidence": 35.0, "teamId": 99999}]}