{"id": 32049517, "competitionId": 30067, "createTime": {"seconds": 1637887301}, "endTime": {"seconds": 1637887301}, "agents": [{"id": 79193632, "state": 2, "submissionId": 23883222, "reward": 10001, "index": 0, "initialScore": 1743.7354820678213, "initialConfidence": 35.0, "updatedScore": 1740.7347043331397, "updatedConfidence": 35.0, "teamId": 99999}, {"id": 79193633, "state": 2, "submissionId": 23825329, "reward": 1020096, "index": 1, "initialScore": 1842.644985472255, "initialConfidence": 35.0, "updatedScore": 1845.6457632069369, "updatedConfidence": 35.0, "teamId": 99999}]}