{"id": 28736095, "competitionId": 30067, "createTime": {"seconds": 1634883321}, "endTime": {"seconds": 1634883321}, "agents": [{"id": 72568790, "state": 2, "submissionId": 22803974, "reward": 80013, "index": 0, "initialScore": 1587.6942891109525, "initialConfidence": 35.0, "updatedScore": 1585.2926313550809, "updatedConfidence": 35.0, "teamId": 99999}, {"id": 72568791, "state": 2, "submissionId": 23281649, "reward": 580035, "index": 1, "initialScore": 1733.2463660722424, "initialConfidence": 35.0, "updatedScore": 1735.648023828114, "updatedConfidence": 35.0, "teamId": 99999}]}