{"id": 28494869, "competitionId": 30067, "createTime": {"seconds": 1634591887}, "endTime": {"seconds": 1634591887}, "agents": [{"id": 72086338, "state": 2, "submissionId": 23250973, "reward": 1, "index": 0, "initialScore": 1513.1727456462347, "initialConfidence": 35.0, "updatedScore": 1509.9127045002951, "updatedConfidence": 35.0, "teamId": 99999}, {"id": 72086339, "state": 2, "submissionId": 23281649, "reward": 2, "index": 1, "initialScore": 1593.419577417823, "initialConfidence": 35.0, "updatedScore": 1596.6796185637625, "updatedConfidence": 35.0, "teamId": 99999}]}