{"id": 31093395, "competitionId": 30067, "createTime": {"seconds": 1637175268}, "endTime": {"seconds": 1637175268}, "agents": [{"id": 77281388, "state": 2, "submissionId": 23831437, "reward": 10001, "index": 0, "initialScore": 1614.46022506063, "initialConfidence": 38.19417500814771, "updatedScore": 1609.5841465490482, "updatedConfidence": 37.83527688501594, "teamId": 99999}, {"id": 77281389, "state": 2, "submissionId": 23825370, "reward": 830082, "index": 1, "initialScore": 1638.2112917750196, "initialConfidence": 36.6221236478182, "updatedScore": 1642.6942374030957, "updatedConfidence": 36.30586356306563, "teamId": 99999}]}