{"id": 30974593, "competitionId": 30067, "createTime": {"seconds": 1637079534}, "endTime": {"seconds": 1637079534}, "agents": [{"id": 77043784, "state": 2, "submissionId": 23825143, "reward": 830074, "index": 0, "initialScore": 1339.7636075580554, "initialConfidence": 77.51874601919691, "updatedScore": 1361.3763421778588, "updatedConfidence": 74.5867802701893, "teamId": 99999}, {"id": 77043785, "state": 2, "submissionId": 23760870, "reward": 130020, "index": 1, "initialScore": 1348.0790733326369, "initialConfidence": 35.0, "updatedScore": 1343.673196704032, "updatedConfidence": 35.0, "teamId": 99999}]}