{"id": 31144629, "competitionId": 30067, "createTime": {"seconds": 1637216032}, "endTime": {"seconds": 1637216032}, "agents": [{"id": 77383856, "state": 2, "submissionId": 23692494, "reward": 310005, "index": 0, "initialScore": 1859.2655891626675, "initialConfidence": 35.0, "updatedScore": 1862.3927852995048, "updatedConfidence": 35.0, "teamId": 99999}, {"id": 77383857, "state": 2, "submissionId": 23770123, "reward": 20000, "index": 1, "initialScore": 1769.553650139619, "initialConfidence": 35.0, "updatedScore": 1766.426454002782, "updatedConfidence": 35.0, "teamId": 99999}]}