{"id": 31829847, "competitionId": 30067, "createTime": {"seconds": 1637732862}, "endTime": {"seconds": 1637732862}, "agents": [{"id": 78754292, "state": 2, "submissionId": 23032370, "reward": 1100063, "index": 0, "initialScore": 1785.6799742330554, "initialConfidence": 35.0, "updatedScore": 1781.6053602449765, "updatedConfidence": 35.0, "teamId": 99999}, {"id": 78754293, "state": 2, "submissionId": 23825370, "reward": 1190034, "index": 1, "initialScore": 1811.565048824488, "initialConfidence": 35.0, "updatedScore": 1815.6396628125667, "updatedConfidence": 35.0, "teamId": 99999}]}