{"id": 30763485, "competitionId": 30067, "createTime": {"seconds": 1636905606}, "endTime": {"seconds": 1636905606}, "agents": [{"id": 76621568, "state": 2, "submissionId": 23642602, "reward": 230010, "index": 0, "initialScore": 1757.0036193562069, "initialConfidence": 35.0, "updatedScore": 1765.6068342041951, "updatedConfidence": 35.0, "teamId": 99999}, {"id": 76621569, "state": 2, "submissionId": 23281649, "reward": 50005, "index": 1, "initialScore": 1975.5452768066943, "initialConfidence": 35.0, "updatedScore": 1966.942061958706, "updatedConfidence": 35.0, "teamId": 99999}]}