{"id": 31736962, "competitionId": 30067, "createTime": {"seconds": 1637666423}, "endTime": {"seconds": 1637666423}, "agents": [{"id": 78568522, "state": 2, "submissionId": 23281649, "reward": 500014, "index": 0, "initialScore": 1974.4400957975608, "initialConfidence": 35.0, "updatedScore": 1977.2581138979704, "updatedConfidence": 35.0, "teamId": 99999}, {"id": 78568523, "state": 2, "submissionId": 23825224, "reward": 390033, "index": 1, "initialScore": 1861.874037274261, "initialConfidence": 35.0, "updatedScore": 1859.056019173851, "updatedConfidence": 35.0, "teamId": 99999}]}