{"id": 30421602, "competitionId": 30067, "createTime": {"seconds": 1636613604}, "endTime": {"seconds": 1636613604}, "agents": [{"id": 75937802, "state": 2, "submissionId": 23124991, "reward": 30004, "index": 0, "initialScore": 1118.1983484661134, "initialConfidence": 35.0, "updatedScore": 1115.0719359171208, "updatedConfidence": 35.0, "teamId": 99999}, {"id": 75937803, "state": 2, "submissionId": 23692494, "reward": 2070036, "index": 1, "initialScore": 1202.570691495615, "initialConfidence": 70.04659678274447, "updatedScore": 1215.0929964634545, "updatedConfidence": 68.17983706647071, "teamId": 99999}]}