{"id": 29374346, "competitionId": 30067, "createTime": {"seconds": 1635586701}, "endTime": {"seconds": 1635586701}, "agents": [{"id": 73843292, "state": 2, "submissionId": 23323058, "reward": 0, "index": 0, "initialScore": 1708.2550274009586, "initialConfidence": 35.0, "updatedScore": 1706.2116212301355, "updatedConfidence": 35.0, "teamId": 99999}, {"id": 73843293, "state": 2, "submissionId": 23297953, "reward": 540011, "index": 1, "initialScore": 1884.8380839337435, "initialConfidence": 35.0, "updatedScore": 1886.8814901045664, "updatedConfidence": 35.0, "teamId": 99999}]}