{"id": 30989123, "competitionId": 30067, "createTime": {"seconds": 1637091561}, "endTime": {"seconds": 1637091561}, "agents": [{"id": 77072844, "state": 2, "submissionId": 23579240, "reward": 430045, "index": 0, "initialScore": 1556.6901261082614, "initialConfidence": 35.0, "updatedScore": 1552.5936679540987, "updatedConfidence": 35.0, "teamId": 99999}, {"id": 77072845, "state": 2, "submissionId": 23825266, "reward": 2630253, "index": 1, "initialScore": 1579.76965845998, "initialConfidence": 42.40306471850136, "updatedScore": 1585.7823223543053, "updatedConfidence": 41.91310353023817, "teamId": 99999}]}