{"id": 28482988, "competitionId": 30067, "createTime": {"seconds": 1634576910}, "endTime": {"seconds": 1634576910}, "agents": [{"id": 72062576, "state": 2, "submissionId": 23297953, "reward": 370008, "index": 0, "initialScore": 1277.6792083129865, "initialConfidence": 61.5363007897324, "updatedScore": 1288.719581609418, "updatedConfidence": 60.166300655129234, "teamId": 99999}, {"id": 72062577, "state": 2, "submissionId": 23258773, "reward": 20002, "index": 1, "initialScore": 1223.890011942023, "initialConfidence": 35.0, "updatedScore": 1220.3184591338636, "updatedConfidence": 35.0, "teamId": 99999}]}