{"id": 30341001, "competitionId": 30067, "createTime": {"seconds": 1636542625}, "endTime": {"seconds": 1636542625}, "agents": [{"id": 75776600, "state": 2, "submissionId": 23554491, "reward": 0, "index": 0, "initialScore": 1768.7538246157349, "initialConfidence": 35.0, "updatedScore": 1767.2290375809032, "updatedConfidence": 35.0, "teamId": 99999}, {"id": 75776601, "state": 2, "submissionId": 23297953, "reward": 620010, "index": 1, "initialScore": 1996.5989625457105, "initialConfidence": 35.0, "updatedScore": 1998.123749580542, "updatedConfidence": 35.0, "teamId": 99999}]}