{"id": 31217879, "competitionId": 30067, "createTime": {"seconds": 1637273920}, "endTime": {"seconds": 1637273920}, "agents": [{"id": 77530356, "state": 2, "submissionId": 23760238, "reward": 2, "index": 0, "initialScore": 1742.8211669238935, "initialConfidence": 35.0, "updatedScore": 1741.1561181733143, "updatedConfidence": 35.0, "teamId": 99999}, {"id": 77530357, "state": 2, "submissionId": 23281649, "reward": 10001, "index": 1, "initialScore": 1955.8679371115304, "initialConfidence": 35.0, "updatedScore": 1957.5329858621096, "updatedConfidence": 35.0, "teamId": 99999}]}