{"id": 31527480, "competitionId": 30067, "createTime": {"seconds": 1637510527}, "endTime": {"seconds": 1637510527}, "agents": [{"id": 78149558, "state": 2, "submissionId": 23692494, "reward": 0, "index": 0, "initialScore": 1938.5525773780864, "initialConfidence": 35.0, "updatedScore": 1932.0848523292093, "updatedConfidence": 35.0, "teamId": 99999}, {"id": 78149559, "state": 2, "submissionId": 23770016, "reward": 20001, "index": 1, "initialScore": 1827.2741287884355, "initialConfidence": 35.0, "updatedScore": 1833.741853837312, "updatedConfidence": 35.0, "teamId": 99999}]}