{"id": 28481635, "competitionId": 30067, "createTime": {"seconds": 1634575231}, "endTime": {"seconds": 1634575231}, "agents": [{"id": 72059870, "state": 2, "submissionId": 22767902, "reward": 10006, "index": 0, "initialScore": 1109.9960710598136, "initialConfidence": 35.0, "updatedScore": 1106.0171809354467, "updatedConfidence": 35.0, "teamId": 99999}, {"id": 72059871, "state": 2, "submissionId": 23297953, "reward": 670009, "index": 1, "initialScore": 1128.9281449944942, "initialConfidence": 81.64166736795903, "updatedScore": 1150.5777306620585, "updatedConfidence": 78.39306471806017, "teamId": 99999}]}