{"id": 28649682, "competitionId": 30067, "createTime": {"seconds": 1634780668}, "endTime": {"seconds": 1634780668}, "agents": [{"id": 72395964, "state": 2, "submissionId": 23129375, "reward": 260044, "index": 0, "initialScore": 1677.0774534119555, "initialConfidence": 35.0, "updatedScore": 1673.0069965382618, "updatedConfidence": 35.0, "teamId": 99999}, {"id": 72395965, "state": 2, "submissionId": 23281649, "reward": 800044, "index": 1, "initialScore": 1703.2263949030196, "initialConfidence": 35.0, "updatedScore": 1707.2968517767133, "updatedConfidence": 35.0, "teamId": 99999}]}