{"id": 28482795, "competitionId": 30067, "createTime": {"seconds": 1634576671}, "endTime": {"seconds": 1634576671}, "agents": [{"id": 72062190, "state": 2, "submissionId": 23141119, "reward": 0, "index": 0, "initialScore": 1175.2634062411732, "initialConfidence": 35.0, "updatedScore": 1171.978450182309, "updatedConfidence": 35.0, "teamId": 99999}, {"id": 72062191, "state": 2, "submissionId": 23297953, "reward": 170013, "index": 1, "initialScore": 1248.8832738439846, "initialConfidence": 64.84057648723315, "updatedScore": 1260.157512160906, "updatedConfidence": 63.30972257021777, "teamId": 99999}]}