{"id": 29772538, "competitionId": 30067, "createTime": {"seconds": 1636017521}, "endTime": {"seconds": 1636017521}, "agents": [{"id": 74639674, "state": 2, "submissionId": 23554491, "reward": 440036, "index": 0, "initialScore": 1737.7285583149103, "initialConfidence": 36.33496733056914, "updatedScore": 1735.6159866458363, "updatedConfidence": 36.124283833037545, "teamId": 99999}, {"id": 74639675, "state": 2, "submissionId": 23281649, "reward": 600029, "index": 1, "initialScore": 1921.9626113534207, "initialConfidence": 35.0, "updatedScore": 1923.9228005529196, "updatedConfidence": 35.0, "teamId": 99999}]}