{"id": 31361616, "competitionId": 30067, "createTime": {"seconds": 1637385292}, "endTime": {"seconds": 1637385292}, "agents": [{"id": 77817830, "state": 2, "submissionId": 23825370, "reward": 1700161, "index": 0, "initialScore": 1741.761245188481, "initialConfidence": 35.0, "updatedScore": 1744.6132977058385, "updatedConfidence": 35.0, "teamId": 99999}, {"id": 77817831, "state": 2, "submissionId": 23353472, "reward": 490035, "index": 1, "initialScore": 1631.7725645376977, "initialConfidence": 35.0, "updatedScore": 1628.92051202034, "updatedConfidence": 35.0, "teamId": 99999}]}