{"id": 31494635, "competitionId": 30067, "createTime": {"seconds": 1637486015}, "endTime": {"seconds": 1637486015}, "agents": [{"id": 78083868, "state": 2, "submissionId": 23674333, "reward": 10002, "index": 0, "initialScore": 1730.1990838046245, "initialConfidence": 35.0, "updatedScore": 1726.8769485249352, "updatedConfidence": 35.0, "teamId": 99999}, {"id": 78083869, "state": 2, "submissionId": 23825143, "reward": 660066, "index": 1, "initialScore": 1806.0876577109905, "initialConfidence": 35.0, "updatedScore": 1809.40979299068, "updatedConfidence": 35.0, "teamId": 99999}]}