{"id": 30608581, "competitionId": 30067, "createTime": {"seconds": 1636774988}, "endTime": {"seconds": 1636774988}, "agents": [{"id": 76311760, "state": 2, "submissionId": 23692494, "reward": 2250045, "index": 0, "initialScore": 1602.4551084251243, "initialConfidence": 35.0, "updatedScore": 1606.1037833677758, "updatedConfidence": 35.0, "teamId": 99999}, {"id": 76311761, "state": 2, "submissionId": 23607424, "reward": 80011, "index": 1, "initialScore": 1548.859751741416, "initialConfidence": 35.0, "updatedScore": 1545.211076798765, "updatedConfidence": 35.0, "teamId": 99999}]}