{"id": 29311048, "competitionId": 30067, "createTime": {"seconds": 1635519679}, "endTime": {"seconds": 1635519679}, "agents": [{"id": 73716696, "state": 2, "submissionId": 23281649, "reward": 240007, "index": 0, "initialScore": 1873.452808225047, "initialConfidence": 35.0, "updatedScore": 1875.4603440982137, "updatedConfidence": 35.0, "teamId": 99999}, {"id": 73716697, "state": 2, "submissionId": 23243815, "reward": 50005, "index": 1, "initialScore": 1693.595413679404, "initialConfidence": 35.0, "updatedScore": 1691.5878778062372, "updatedConfidence": 35.0, "teamId": 99999}]}