{"id": 30982326, "competitionId": 30067, "createTime": {"seconds": 1637086030}, "endTime": {"seconds": 1637086030}, "agents": [{"id": 77059250, "state": 2, "submissionId": 23825266, "reward": 2340222, "index": 0, "initialScore": 1536.5426311746608, "initialConfidence": 46.19568438514092, "updatedScore": 1544.4469557956418, "updatedConfidence": 45.53596532169831, "teamId": 99999}, {"id": 77059251, "state": 2, "submissionId": 23519925, "reward": 10002, "index": 1, "initialScore": 1541.9863097105588, "initialConfidence": 35.0, "updatedScore": 1537.4490039605726, "updatedConfidence": 35.0, "teamId": 99999}]}