{"id": 30974884, "competitionId": 30067, "createTime": {"seconds": 1637079774}, "endTime": {"seconds": 1637079774}, "agents": [{"id": 77044366, "state": 2, "submissionId": 23825266, "reward": 150010, "index": 0, "initialScore": 1219.671847026906, "initialConfidence": 84.69586595574457, "updatedScore": 1243.713021561324, "updatedConfidence": 81.03959535573163, "teamId": 99999}, {"id": 77044367, "state": 2, "submissionId": 23568110, "reward": 0, "index": 1, "initialScore": 1210.82467986387, "initialConfidence": 35.0, "updatedScore": 1206.7191676868815, "updatedConfidence": 35.0, "teamId": 99999}]}