{"id": 30144723, "competitionId": 30067, "createTime": {"seconds": 1636366241}, "endTime": {"seconds": 1636366241}, "agents": [{"id": 75384044, "state": 2, "submissionId": 23297953, "reward": 860027, "index": 0, "initialScore": 1963.972845426988, "initialConfidence": 35.0, "updatedScore": 1965.7569342543957, "updatedConfidence": 35.0, "teamId": 99999}, {"id": 75384045, "state": 2, "submissionId": 23554433, "reward": 60001, "index": 1, "initialScore": 1762.8924195272946, "initialConfidence": 35.0, "updatedScore": 1761.1083306998871, "updatedConfidence": 35.0, "teamId": 99999}]}