{"id": 30972808, "competitionId": 30067, "createTime": {"seconds": 1637078094}, "endTime": {"seconds": 1637078094}, "agents": [{"id": 77040214, "state": 2, "submissionId": 22771899, "reward": 10004, "index": 0, "initialScore": 1043.936242790582, "initialConfidence": 35.0, "updatedScore": 1040.9225446934422, "updatedConfidence": 35.0, "teamId": 99999}, {"id": 77040215, "state": 2, "submissionId": 23825143, "reward": 4350416, "index": 1, "initialScore": 1125.3205357019838, "initialConfidence": 113.76953421672528, "updatedScore": 1157.1636558348268, "updatedConfidence": 106.60028655901162, "teamId": 99999}]}