{"id": 31427638, "competitionId": 30067, "createTime": {"seconds": 1637435614}, "endTime": {"seconds": 1637435614}, "agents": [{"id": 77949874, "state": 2, "submissionId": 23543954, "reward": 220021, "index": 0, "initialScore": 1704.687530472908, "initialConfidence": 35.0, "updatedScore": 1701.366428528568, "updatedConfidence": 35.0, "teamId": 99999}, {"id": 77949875, "state": 2, "submissionId": 23825143, "reward": 610056, "index": 1, "initialScore": 1780.6483013751854, "initialConfidence": 35.0, "updatedScore": 1783.9694033195256, "updatedConfidence": 35.0, "teamId": 99999}]}