{"id": 28481048, "competitionId": 30067, "createTime": {"seconds": 1634574509}, "endTime": {"seconds": 1634574509}, "agents": [{"id": 72058696, "state": 2, "submissionId": 23297953, "reward": 270034, "index": 0, "initialScore": 1049.7990545311418, "initialConfidence": 94.11860060716312, "updatedScore": 1090.2858031035012, "updatedConfidence": 88.53424875808831, "teamId": 99999}, {"id": 72058697, "state": 2, "submissionId": 22746035, "reward": 0, "index": 1, "initialScore": 1144.6457835188764, "initialConfidence": 35.0, "updatedScore": 1139.0469433887756, "updatedConfidence": 35.0, "teamId": 99999}]}