{"id": 31427516, "competitionId": 30067, "createTime": {"seconds": 1637435611}, "endTime": {"seconds": 1637435611}, "agents": [{"id": 77949630, "state": 2, "submissionId": 23281649, "reward": 420028, "index": 0, "initialScore": 1948.322699293246, "initialConfidence": 35.0, "updatedScore": 1950.88267790651, "updatedConfidence": 35.0, "teamId": 99999}, {"id": 77949631, "state": 2, "submissionId": 23825329, "reward": 80014, "index": 1, "initialScore": 1815.653162573315, "initialConfidence": 35.0, "updatedScore": 1813.093183960051, "updatedConfidence": 35.0, "teamId": 99999}]}