{"id": 31363520, "competitionId": 30067, "createTime": {"seconds": 1637386733}, "endTime": {"seconds": 1637386733}, "agents": [{"id": 77821638, "state": 2, "submissionId": 23825224, "reward": 540049, "index": 0, "initialScore": 1832.702473049965, "initialConfidence": 35.0, "updatedScore": 1840.59418613402, "updatedConfidence": 35.0, "teamId": 99999}, {"id": 77821639, "state": 2, "submissionId": 23297953, "reward": 500028, "index": 1, "initialScore": 2016.5515704782572, "initialConfidence": 35.0, "updatedScore": 2008.6598573942024, "updatedConfidence": 35.0, "teamId": 99999}]}