{"id": 31048098, "competitionId": 30067, "createTime": {"seconds": 1637139232}, "endTime": {"seconds": 1637139232}, "agents": [{"id": 77190794, "state": 2, "submissionId": 23550274, "reward": 2, "index": 0, "initialScore": 1674.574771163707, "initialConfidence": 35.0, "updatedScore": 1669.2555481355246, "updatedConfidence": 35.0, "teamId": 99999}, {"id": 77190795, "state": 2, "submissionId": 23825266, "reward": 40009, "index": 1, "initialScore": 1625.157688056977, "initialConfidence": 38.20198383930899, "updatedScore": 1631.494691520109, "updatedConfidence": 37.80024194210581, "teamId": 99999}]}