{"id": 31978847, "competitionId": 30067, "createTime": {"seconds": 1637837564}, "endTime": {"seconds": 1637837564}, "agents": [{"id": 79052292, "state": 2, "submissionId": 23825224, "reward": 230023, "index": 0, "initialScore": 1853.5230529476453, "initialConfidence": 35.0, "updatedScore": 1851.1328709559352, "updatedConfidence": 35.0, "teamId": 99999}, {"id": 79052293, "state": 2, "submissionId": 23692494, "reward": 740013, "index": 1, "initialScore": 2000.0268924638544, "initialConfidence": 35.0, "updatedScore": 2002.4170744555647, "updatedConfidence": 35.0, "teamId": 99999}]}