{"id": 31206172, "competitionId": 30067, "createTime": {"seconds": 1637264798}, "endTime": {"seconds": 1637264798}, "agents": [{"id": 77506942, "state": 2, "submissionId": 23825370, "reward": 760069, "index": 0, "initialScore": 1688.9688416424112, "initialConfidence": 35.0, "updatedScore": 1693.4240272288046, "updatedConfidence": 35.0, "teamId": 99999}, {"id": 77506943, "state": 2, "submissionId": 23500168, "reward": 60006, "index": 1, "initialScore": 1686.7564548147304, "initialConfidence": 35.0, "updatedScore": 1682.301269228337, "updatedConfidence": 35.0, "teamId": 99999}]}