{"id": 31402103, "competitionId": 30067, "createTime": {"seconds": 1637416246}, "endTime": {"seconds": 1637416246}, "agents": [{"id": 77898804, "state": 2, "submissionId": 23825370, "reward": 150017, "index": 0, "initialScore": 1762.615579429195, "initialConfidence": 35.0, "updatedScore": 1759.249665518347, "updatedConfidence": 35.0, "teamId": 99999}, {"id": 77898805, "state": 2, "submissionId": 23032370, "reward": 440042, "index": 1, "initialScore": 1835.4555049541275, "initialConfidence": 35.0, "updatedScore": 1838.8214188649752, "updatedConfidence": 35.0, "teamId": 99999}]}