{"id": 28416814, "competitionId": 30067, "createTime": {"seconds": 1634494081}, "endTime": {"seconds": 1634494081}, "agents": [{"id": 71930228, "state": 2, "submissionId": 23281649, "reward": 100014, "index": 0, "initialScore": 1474.3794880007752, "initialConfidence": 43.94840066817513, "updatedScore": 1480.576935871536, "updatedConfidence": 43.41397917225368, "teamId": 99999}, {"id": 71930229, "state": 2, "submissionId": 23216750, "reward": 0, "index": 1, "initialScore": 1440.914367415001, "initialConfidence": 35.0, "updatedScore": 1436.983731476494, "updatedConfidence": 35.0, "teamId": 99999}]}