{"id": 31414715, "competitionId": 30067, "createTime": {"seconds": 1637425777}, "endTime": {"seconds": 1637425777}, "agents": [{"id": 77924028, "state": 2, "submissionId": 23457402, "reward": 40004, "index": 0, "initialScore": 1640.890252202766, "initialConfidence": 35.0, "updatedScore": 1638.1479510213169, "updatedConfidence": 35.0, "teamId": 99999}, {"id": 77924029, "state": 2, "submissionId": 23825370, "reward": 680065, "index": 1, "initialScore": 1759.249665518347, "initialConfidence": 35.0, "updatedScore": 1761.9919666997962, "updatedConfidence": 35.0, "teamId": 99999}]}