{"id": 28944033, "competitionId": 30067, "createTime": {"seconds": 1635120769}, "endTime": {"seconds": 1635120769}, "agents": [{"id": 72984666, "state": 2, "submissionId": 23281649, "reward": 460022, "index": 0, "initialScore": 1792.0583257352337, "initialConfidence": 35.0, "updatedScore": 1794.336354482081, "updatedConfidence": 35.0, "teamId": 99999}, {"id": 72984667, "state": 2, "submissionId": 23038485, "reward": 270027, "index": 1, "initialScore": 1636.1151743471182, "initialConfidence": 35.0, "updatedScore": 1633.8371456002708, "updatedConfidence": 35.0, "teamId": 99999}]}