{"id": 28412035, "competitionId": 30067, "createTime": {"seconds": 1634488051}, "endTime": {"seconds": 1634488051}, "agents": [{"id": 71920670, "state": 2, "submissionId": 22903498, "reward": 2, "index": 0, "initialScore": 1265.7910353797554, "initialConfidence": 35.0, "updatedScore": 1261.8187980073042, "updatedConfidence": 35.0, "teamId": 99999}, {"id": 71920671, "state": 2, "submissionId": 23281649, "reward": 130009, "index": 1, "initialScore": 1291.1564489163657, "initialConfidence": 64.79198199823621, "updatedScore": 1304.769066213292, "updatedConfidence": 63.12000773002281, "teamId": 99999}]}