{"id": 30983519, "competitionId": 30067, "createTime": {"seconds": 1637086989}, "endTime": {"seconds": 1637086989}, "agents": [{"id": 77061636, "state": 2, "submissionId": 23500168, "reward": 2, "index": 0, "initialScore": 1686.6459184796888, "initialConfidence": 35.0, "updatedScore": 1681.8917979023508, "updatedConfidence": 35.0, "teamId": 99999}, {"id": 77061637, "state": 2, "submissionId": 23825329, "reward": 330013, "index": 1, "initialScore": 1668.453762868727, "initialConfidence": 44.643594541320745, "updatedScore": 1676.188622095926, "updatedConfidence": 44.03519653288046, "teamId": 99999}]}