{"id": 31553164, "competitionId": 30067, "createTime": {"seconds": 1637529721}, "endTime": {"seconds": 1637529721}, "agents": [{"id": 78200926, "state": 2, "submissionId": 23297953, "reward": 850030, "index": 0, "initialScore": 1992.458231679472, "initialConfidence": 35.0, "updatedScore": 1994.47432653474, "updatedConfidence": 35.0, "teamId": 99999}, {"id": 78200927, "state": 2, "submissionId": 23769678, "reward": 290006, "index": 1, "initialScore": 1813.385215685315, "initialConfidence": 35.0, "updatedScore": 1811.369120830047, "updatedConfidence": 35.0, "teamId": 99999}]}