{"id": 30774282, "competitionId": 30067, "createTime": {"seconds": 1636914491}, "endTime": {"seconds": 1636914491}, "agents": [{"id": 76643162, "state": 2, "submissionId": 23642602, "reward": 200020, "index": 0, "initialScore": 1765.6068342041951, "initialConfidence": 35.0, "updatedScore": 1764.2776879332, "updatedConfidence": 35.0, "teamId": 99999}, {"id": 76643163, "state": 2, "submissionId": 23297953, "reward": 610030, "index": 1, "initialScore": 2041.16332826667, "initialConfidence": 35.0, "updatedScore": 2042.4924745376647, "updatedConfidence": 35.0, "teamId": 99999}]}