{"id": 31109056, "competitionId": 30067, "createTime": {"seconds": 1637187777}, "endTime": {"seconds": 1637187777}, "agents": [{"id": 77312710, "state": 2, "submissionId": 23825329, "reward": 770043, "index": 0, "initialScore": 1782.3427267678398, "initialConfidence": 35.49233125068029, "updatedScore": 1791.8627780324102, "updatedConfidence": 35.1041776938501, "teamId": 99999}, {"id": 77312711, "state": 2, "submissionId": 23297953, "reward": 80009, "index": 1, "initialScore": 2058.7930094880708, "initialConfidence": 35.0, "updatedScore": 2049.535240842445, "updatedConfidence": 35.0, "teamId": 99999}]}