{"id": 31789309, "competitionId": 30067, "createTime": {"seconds": 1637704061}, "endTime": {"seconds": 1637704061}, "agents": [{"id": 78673216, "state": 2, "submissionId": 23825224, "reward": 0, "index": 0, "initialScore": 1844.489384558046, "initialConfidence": 35.0, "updatedScore": 1842.0241471861932, "updatedConfidence": 35.0, "teamId": 99999}, {"id": 78673217, "state": 2, "submissionId": 23281649, "reward": 90009, "index": 1, "initialScore": 1984.8134766291664, "initialConfidence": 35.0, "updatedScore": 1987.2787140010196, "updatedConfidence": 35.0, "teamId": 99999}]}