{"id": 28695378, "competitionId": 30067, "createTime": {"seconds": 1634834663}, "endTime": {"seconds": 1634834663}, "agents": [{"id": 72487356, "state": 2, "submissionId": 23281649, "reward": 1140048, "index": 0, "initialScore": 1716.339241750343, "initialConfidence": 35.0, "updatedScore": 1719.016775575754, "updatedConfidence": 35.0, "teamId": 99999}, {"id": 72487357, "state": 2, "submissionId": 23086766, "reward": 230025, "index": 1, "initialScore": 1592.9565571174671, "initialConfidence": 35.0, "updatedScore": 1590.2790232920563, "updatedConfidence": 35.0, "teamId": 99999}]}