{"id": 29132201, "competitionId": 30067, "createTime": {"seconds": 1635327511}, "endTime": {"seconds": 1635327511}, "agents": [{"id": 73360002, "state": 2, "submissionId": 23129375, "reward": 0, "index": 0, "initialScore": 1683.5657995907204, "initialConfidence": 35.0, "updatedScore": 1681.1156667268035, "updatedConfidence": 35.0, "teamId": 99999}, {"id": 73360003, "state": 2, "submissionId": 23297953, "reward": 740020, "index": 1, "initialScore": 1825.1250821499848, "initialConfidence": 35.0, "updatedScore": 1827.5752150139012, "updatedConfidence": 35.0, "teamId": 99999}]}