{"id": 31724802, "competitionId": 30067, "createTime": {"seconds": 1637657521}, "endTime": {"seconds": 1637657521}, "agents": [{"id": 78544202, "state": 2, "submissionId": 23790168, "reward": 60010, "index": 0, "initialScore": 1760.1553613925364, "initialConfidence": 35.0, "updatedScore": 1756.3271231703163, "updatedConfidence": 35.0, "teamId": 99999}, {"id": 78544203, "state": 2, "submissionId": 23825370, "reward": 1220123, "index": 1, "initialScore": 1801.896108772112, "initialConfidence": 35.0, "updatedScore": 1805.724346994332, "updatedConfidence": 35.0, "teamId": 99999}]}