{"id": 28487185, "competitionId": 30067, "createTime": {"seconds": 1634581955}, "endTime": {"seconds": 1634581955}, "agents": [{"id": 72070970, "state": 2, "submissionId": 23281649, "reward": 550026, "index": 0, "initialScore": 1587.0903607499151, "initialConfidence": 35.0, "updatedScore": 1593.419577417823, "updatedConfidence": 35.0, "teamId": 99999}, {"id": 72070971, "state": 2, "submissionId": 23034455, "reward": 280028, "index": 1, "initialScore": 1691.034377425533, "initialConfidence": 35.0, "updatedScore": 1684.7051607576252, "updatedConfidence": 35.0, "teamId": 99999}]}