{"id": 28496033, "competitionId": 30067, "createTime": {"seconds": 1634593327}, "endTime": {"seconds": 1634593327}, "agents": [{"id": 72088666, "state": 2, "submissionId": 23003907, "reward": 510049, "index": 0, "initialScore": 1620.5760680027734, "initialConfidence": 35.0, "updatedScore": 1615.766192282195, "updatedConfidence": 35.0, "teamId": 99999}, {"id": 72088667, "state": 2, "submissionId": 23281649, "reward": 1050072, "index": 1, "initialScore": 1601.4986901816044, "initialConfidence": 35.0, "updatedScore": 1606.3085659021824, "updatedConfidence": 35.0, "teamId": 99999}]}