{"id": 31527482, "competitionId": 30067, "createTime": {"seconds": 1637510527}, "endTime": {"seconds": 1637510527}, "agents": [{"id": 78149562, "state": 2, "submissionId": 23769678, "reward": 760076, "index": 0, "initialScore": 1826.3502296500897, "initialConfidence": 35.0, "updatedScore": 1824.135251268648, "updatedConfidence": 35.0, "teamId": 99999}, {"id": 78149563, "state": 2, "submissionId": 23297953, "reward": 1120034, "index": 1, "initialScore": 1987.7153649961165, "initialConfidence": 35.0, "updatedScore": 1989.930343377558, "updatedConfidence": 35.0, "teamId": 99999}]}