{"id": 30564909, "competitionId": 30067, "createTime": {"seconds": 1636737536}, "endTime": {"seconds": 1636737536}, "agents": [{"id": 76224416, "state": 2, "submissionId": 23297953, "reward": 560024, "index": 0, "initialScore": 2026.501784304489, "initialConfidence": 35.0, "updatedScore": 2027.8309305754844, "updatedConfidence": 35.0, "teamId": 99999}, {"id": 76224417, "state": 2, "submissionId": 23554491, "reward": 210005, "index": 1, "initialScore": 1756.4359295362344, "initialConfidence": 35.0, "updatedScore": 1755.1067832652393, "updatedConfidence": 35.0, "teamId": 99999}]}