{"id": 30972501, "competitionId": 30067, "createTime": {"seconds": 1637077855}, "endTime": {"seconds": 1637077855}, "agents": [{"id": 77039600, "state": 2, "submissionId": 22903489, "reward": 1, "index": 0, "initialScore": 852.4945128946604, "initialConfidence": 35.0, "updatedScore": 848.8827241502429, "updatedConfidence": 35.0, "teamId": 99999}, {"id": 77039601, "state": 2, "submissionId": 23825266, "reward": 790079, "index": 1, "initialScore": 859.6917044622876, "initialConfidence": 155.0, "updatedScore": 930.5269898374964, "updatedConfidence": 140.0, "teamId": 99999}]}