{"id": 28859164, "competitionId": 30067, "createTime": {"seconds": 1635024980}, "endTime": {"seconds": 1635024980}, "agents": [{"id": 72814928, "state": 2, "submissionId": 23323058, "reward": 30003, "index": 0, "initialScore": 1702.379486012244, "initialConfidence": 35.0, "updatedScore": 1698.5806603325882, "updatedConfidence": 35.0, "teamId": 99999}, {"id": 72814929, "state": 2, "submissionId": 23297953, "reward": 900033, "index": 1, "initialScore": 1746.0439752170475, "initialConfidence": 35.0, "updatedScore": 1749.8428008967037, "updatedConfidence": 35.0, "teamId": 99999}]}