{"id": 30134457, "competitionId": 30067, "createTime": {"seconds": 1636356882}, "endTime": {"seconds": 1636356882}, "agents": [{"id": 75363512, "state": 2, "submissionId": 23554491, "reward": 1, "index": 0, "initialScore": 1772.6444127810132, "initialConfidence": 35.0, "updatedScore": 1770.7395397851014, "updatedConfidence": 35.0, "teamId": 99999}, {"id": 75363513, "state": 2, "submissionId": 23297953, "reward": 460014, "index": 1, "initialScore": 1962.0679724310764, "initialConfidence": 35.0, "updatedScore": 1963.972845426988, "updatedConfidence": 35.0, "teamId": 99999}]}