{"id": 28410303, "competitionId": 30067, "createTime": {"seconds": 1634485891}, "endTime": {"seconds": 1634485891}, "agents": [{"id": 71917206, "state": 2, "submissionId": 22944237, "reward": 1, "index": 0, "initialScore": 1033.5110878162473, "initialConfidence": 35.0, "updatedScore": 1030.3539673770304, "updatedConfidence": 35.0, "teamId": 99999}, {"id": 71917207, "state": 2, "submissionId": 23281649, "reward": 260010, "index": 1, "initialScore": 1109.785803653311, "initialConfidence": 92.59779502962516, "updatedScore": 1131.883975758948, "updatedConfidence": 88.44647127017377, "teamId": 99999}]}