{"id": 29910458, "competitionId": 30067, "createTime": {"seconds": 1636149907}, "endTime": {"seconds": 1636149907}, "agents": [{"id": 74915514, "state": 2, "submissionId": 23554491, "reward": 10003, "index": 0, "initialScore": 1765.6247673561495, "initialConfidence": 35.0, "updatedScore": 1763.585736441766, "updatedConfidence": 35.0, "teamId": 99999}, {"id": 74915515, "state": 2, "submissionId": 23297953, "reward": 220009, "index": 1, "initialScore": 1942.6053995659024, "initialConfidence": 35.0, "updatedScore": 1944.644430480286, "updatedConfidence": 35.0, "teamId": 99999}]}