{"id": 30973396, "competitionId": 30067, "createTime": {"seconds": 1637078574}, "endTime": {"seconds": 1637078574}, "agents": [{"id": 77041390, "state": 2, "submissionId": 23499835, "reward": 0, "index": 0, "initialScore": 1086.482735322387, "initialConfidence": 35.0, "updatedScore": 1082.4799853563022, "updatedConfidence": 35.0, "teamId": 99999}, {"id": 77041391, "state": 2, "submissionId": 23825329, "reward": 580052, "index": 1, "initialScore": 1079.6703043211262, "initialConfidence": 127.1232016564526, "updatedScore": 1132.4749360742414, "updatedConfidence": 116.051492152116, "teamId": 99999}]}