{"id": 30258374, "competitionId": 30067, "createTime": {"seconds": 1636468771}, "endTime": {"seconds": 1636468771}, "agents": [{"id": 75611346, "state": 2, "submissionId": 23554491, "reward": 840011, "index": 0, "initialScore": 1778.3423645973517, "initialConfidence": 35.0, "updatedScore": 1776.318446152038, "updatedConfidence": 35.0, "teamId": 99999}, {"id": 75611347, "state": 2, "submissionId": 23281649, "reward": 1540055, "index": 1, "initialScore": 1956.7001014891823, "initialConfidence": 35.0, "updatedScore": 1958.7240199344965, "updatedConfidence": 35.0, "teamId": 99999}]}