{"id": 29186271, "competitionId": 30067, "createTime": {"seconds": 1635387942}, "endTime": {"seconds": 1635387942}, "agents": [{"id": 73467142, "state": 2, "submissionId": 23281649, "reward": 1210059, "index": 0, "initialScore": 1851.1524210934144, "initialConfidence": 35.0, "updatedScore": 1853.746943378146, "updatedConfidence": 35.0, "teamId": 99999}, {"id": 73467143, "state": 2, "submissionId": 23323058, "reward": 960096, "index": 1, "initialScore": 1721.2353067279114, "initialConfidence": 35.0, "updatedScore": 1718.64078444318, "updatedConfidence": 35.0, "teamId": 99999}]}