{"id": 30955413, "competitionId": 30067, "createTime": {"seconds": 1637063937}, "endTime": {"seconds": 1637063937}, "agents": [{"id": 77005424, "state": 2, "submissionId": 23554491, "reward": 0, "index": 0, "initialScore": 1794.0633774580483, "initialConfidence": 35.0, "updatedScore": 1792.7342311870534, "updatedConfidence": 35.0, "teamId": 99999}, {"id": 77005425, "state": 2, "submissionId": 23297953, "reward": 290004, "index": 1, "initialScore": 2052.1063431518583, "initialConfidence": 35.0, "updatedScore": 2053.4354894228536, "updatedConfidence": 35.0, "teamId": 99999}]}