{"id": 30992366, "competitionId": 30067, "createTime": {"seconds": 1637094229}, "endTime": {"seconds": 1637094229}, "agents": [{"id": 77079330, "state": 2, "submissionId": 23547599, "reward": 360040, "index": 0, "initialScore": 1557.726469451214, "initialConfidence": 35.0, "updatedScore": 1553.374134921682, "updatedConfidence": 35.0, "teamId": 99999}, {"id": 77079331, "state": 2, "submissionId": 23825370, "reward": 640068, "index": 1, "initialScore": 1564.67402285886, "initialConfidence": 42.40671926789023, "updatedScore": 1571.0633559642094, "updatedConfidence": 41.90327866746939, "teamId": 99999}]}