{"id": 32077535, "competitionId": 30067, "createTime": {"seconds": 1637906979}, "endTime": {"seconds": 1637906979}, "agents": [{"id": 79249668, "state": 2, "submissionId": 23692494, "reward": 1610040, "index": 0, "initialScore": 1997.6647070414904, "initialConfidence": 35.0, "updatedScore": 2000.1590255606689, "updatedConfidence": 35.0, "teamId": 99999}, {"id": 79249669, "state": 2, "submissionId": 23825266, "reward": 490045, "index": 1, "initialScore": 1859.7070862117607, "initialConfidence": 35.0, "updatedScore": 1857.212767692583, "updatedConfidence": 35.0, "teamId": 99999}]}