{"id": 30011715, "competitionId": 30067, "createTime": {"seconds": 1636244473}, "endTime": {"seconds": 1636244473}, "agents": [{"id": 75118028, "state": 2, "submissionId": 23297953, "reward": 960041, "index": 0, "initialScore": 1960.768337362874, "initialConfidence": 35.0, "updatedScore": 1962.65700377512, "updatedConfidence": 35.0, "teamId": 99999}, {"id": 75118029, "state": 2, "submissionId": 23554491, "reward": 360008, "index": 1, "initialScore": 1769.806924829331, "initialConfidence": 35.0, "updatedScore": 1767.918258417085, "updatedConfidence": 35.0, "teamId": 99999}]}