{"id": 28515165, "competitionId": 30067, "createTime": {"seconds": 1634617355}, "endTime": {"seconds": 1634617355}, "agents": [{"id": 72126930, "state": 2, "submissionId": 23297953, "reward": 1340045, "index": 0, "initialScore": 1514.5456216839953, "initialConfidence": 39.15195653861866, "updatedScore": 1518.4985223097308, "updatedConfidence": 38.810184468617614, "teamId": 99999}, {"id": 72126931, "state": 2, "submissionId": 23097196, "reward": 10002, "index": 1, "initialScore": 1427.5669140147932, "initialConfidence": 35.0, "updatedScore": 1424.4079473327631, "updatedConfidence": 35.0, "teamId": 99999}]}