{"id": 29782770, "competitionId": 30067, "createTime": {"seconds": 1636027361}, "endTime": {"seconds": 1636027361}, "agents": [{"id": 74660138, "state": 2, "submissionId": 23281649, "reward": 830040, "index": 0, "initialScore": 1923.9228005529196, "initialConfidence": 35.0, "updatedScore": 1925.8842998383036, "updatedConfidence": 35.0, "teamId": 99999}, {"id": 74660139, "state": 2, "submissionId": 23554491, "reward": 300020, "index": 1, "initialScore": 1739.8113676537596, "initialConfidence": 35.824794037367724, "updatedScore": 1737.756331484307, "updatedConfidence": 35.62268695872703, "teamId": 99999}]}