{"id": 28507189, "competitionId": 30067, "createTime": {"seconds": 1634607303}, "endTime": {"seconds": 1634607303}, "agents": [{"id": 72110978, "state": 2, "submissionId": 23250973, "reward": 1, "index": 0, "initialScore": 1505.066564256064, "initialConfidence": 35.0, "updatedScore": 1500.564358596375, "updatedConfidence": 35.0, "teamId": 99999}, {"id": 72110979, "state": 2, "submissionId": 23297953, "reward": 640018, "index": 1, "initialScore": 1503.335741004786, "initialConfidence": 39.98364512971735, "updatedScore": 1509.2113651848645, "updatedConfidence": 39.554309086084906, "teamId": 99999}]}