{"id": 30425175, "competitionId": 30067, "createTime": {"seconds": 1636616724}, "endTime": {"seconds": 1636616724}, "agents": [{"id": 75944948, "state": 2, "submissionId": 23172036, "reward": 60006, "index": 0, "initialScore": 1382.6945499082149, "initialConfidence": 35.0, "updatedScore": 1377.7021500296082, "updatedConfidence": 35.0, "teamId": 99999}, {"id": 75944949, "state": 2, "submissionId": 23692494, "reward": 2000035, "index": 1, "initialScore": 1347.729853542315, "initialConfidence": 52.50310727970128, "updatedScore": 1358.9640829756263, "updatedConfidence": 51.50340233508719, "teamId": 99999}]}