{"id": 28486990, "competitionId": 30067, "createTime": {"seconds": 1634581715}, "endTime": {"seconds": 1634581715}, "agents": [{"id": 72070580, "state": 2, "submissionId": 23254381, "reward": 30004, "index": 0, "initialScore": 1538.6842374872756, "initialConfidence": 35.0, "updatedScore": 1534.9000106095712, "updatedConfidence": 35.0, "teamId": 99999}, {"id": 72070581, "state": 2, "submissionId": 23281649, "reward": 460013, "index": 1, "initialScore": 1583.3061338722107, "initialConfidence": 35.0, "updatedScore": 1587.0903607499151, "updatedConfidence": 35.0, "teamId": 99999}]}