{"id": 30511278, "competitionId": 30067, "createTime": {"seconds": 1636691394}, "endTime": {"seconds": 1636691394}, "agents": [{"id": 76117154, "state": 2, "submissionId": 23281649, "reward": 160016, "index": 0, "initialScore": 1969.3862710379656, "initialConfidence": 35.0, "updatedScore": 1971.1961257912803, "updatedConfidence": 35.0, "teamId": 99999}, {"id": 76117155, "state": 2, "submissionId": 23554491, "reward": 100010, "index": 1, "initialScore": 1770.831438877383, "initialConfidence": 35.0, "updatedScore": 1769.0215841240683, "updatedConfidence": 35.0, "teamId": 99999}]}