{"id": 30647625, "competitionId": 30067, "createTime": {"seconds": 1636808143}, "endTime": {"seconds": 1636808143}, "agents": [{"id": 76389848, "state": 2, "submissionId": 23692494, "reward": 530020, "index": 0, "initialScore": 1618.357416242917, "initialConfidence": 35.0, "updatedScore": 1621.1496046244313, "updatedConfidence": 35.0, "teamId": 99999}, {"id": 76389849, "state": 2, "submissionId": 23460414, "reward": 0, "index": 1, "initialScore": 1503.824378055367, "initialConfidence": 35.0, "updatedScore": 1501.0321896738528, "updatedConfidence": 35.0, "teamId": 99999}]}