{"id": 31696689, "competitionId": 30067, "createTime": {"seconds": 1637637330}, "endTime": {"seconds": 1637637330}, "agents": [{"id": 78487976, "state": 2, "submissionId": 23825224, "reward": 1380138, "index": 0, "initialScore": 1858.6948308311864, "initialConfidence": 35.0, "updatedScore": 1855.806045263238, "updatedConfidence": 35.0, "teamId": 99999}, {"id": 78487977, "state": 2, "submissionId": 23281649, "reward": 1920057, "index": 1, "initialScore": 1965.9197568626023, "initialConfidence": 35.0, "updatedScore": 1968.8085424305507, "updatedConfidence": 35.0, "teamId": 99999}]}