{"id": 31951527, "competitionId": 30067, "createTime": {"seconds": 1637818601}, "endTime": {"seconds": 1637818601}, "agents": [{"id": 78997652, "state": 2, "submissionId": 23825224, "reward": 510044, "index": 0, "initialScore": 1856.0537103347183, "initialConfidence": 35.0, "updatedScore": 1853.23091050514, "updatedConfidence": 35.0, "teamId": 99999}, {"id": 78997653, "state": 2, "submissionId": 23297953, "reward": 900028, "index": 1, "initialScore": 1968.2566731899328, "initialConfidence": 35.0, "updatedScore": 1971.079473019511, "updatedConfidence": 35.0, "teamId": 99999}]}