{"id": 28561589, "competitionId": 30067, "createTime": {"seconds": 1634674453}, "endTime": {"seconds": 1634674453}, "agents": [{"id": 72219778, "state": 2, "submissionId": 23308353, "reward": 10001, "index": 0, "initialScore": 1562.6117907585904, "initialConfidence": 39.76392435224617, "updatedScore": 1556.76983257323, "updatedConfidence": 39.3409869187986, "teamId": 99999}, {"id": 72219779, "state": 2, "submissionId": 23297953, "reward": 170010, "index": 1, "initialScore": 1559.306024957351, "initialConfidence": 35.834141021602, "updatedScore": 1564.0503448387933, "updatedConfidence": 35.52492538177743, "teamId": 99999}]}