{"id": 31120936, "competitionId": 30067, "createTime": {"seconds": 1637197311}, "endTime": {"seconds": 1637197311}, "agents": [{"id": 77336470, "state": 2, "submissionId": 23297953, "reward": 480014, "index": 0, "initialScore": 2049.535240842445, "initialConfidence": 35.0, "updatedScore": 2050.864387113441, "updatedConfidence": 35.0, "teamId": 99999}, {"id": 77336471, "state": 2, "submissionId": 23825329, "reward": 150005, "index": 1, "initialScore": 1795.7854964597132, "initialConfidence": 35.0, "updatedScore": 1794.456350188718, "updatedConfidence": 35.0, "teamId": 99999}]}