{"id": 29626248, "competitionId": 30067, "createTime": {"seconds": 1635874605}, "endTime": {"seconds": 1635874605}, "agents": [{"id": 74347094, "state": 2, "submissionId": 23431781, "reward": 10002, "index": 0, "initialScore": 1683.0543197443403, "initialConfidence": 35.0, "updatedScore": 1681.5867374226607, "updatedConfidence": 35.0, "teamId": 99999}, {"id": 74347095, "state": 2, "submissionId": 23281649, "reward": 330016, "index": 1, "initialScore": 1917.179930924848, "initialConfidence": 35.0, "updatedScore": 1918.6475132465275, "updatedConfidence": 35.0, "teamId": 99999}]}