{"id": 31802536, "competitionId": 30067, "createTime": {"seconds": 1637713424}, "endTime": {"seconds": 1637713424}, "agents": [{"id": 78699670, "state": 2, "submissionId": 23825224, "reward": 540051, "index": 0, "initialScore": 1842.0241471861932, "initialConfidence": 35.0, "updatedScore": 1849.3960973739995, "updatedConfidence": 35.0, "teamId": 99999}, {"id": 78699671, "state": 2, "submissionId": 23297953, "reward": 10003, "index": 1, "initialScore": 1999.9257793713557, "initialConfidence": 35.0, "updatedScore": 1992.5538291835492, "updatedConfidence": 35.0, "teamId": 99999}]}