{"id": 31593322, "competitionId": 30067, "createTime": {"seconds": 1637559246}, "endTime": {"seconds": 1637559246}, "agents": [{"id": 78281242, "state": 2, "submissionId": 23281649, "reward": 740042, "index": 0, "initialScore": 1953.5640795656104, "initialConfidence": 35.0, "updatedScore": 1955.5783320658431, "updatedConfidence": 35.0, "teamId": 99999}, {"id": 78281243, "state": 2, "submissionId": 23674326, "reward": 620042, "index": 1, "initialScore": 1774.322388087955, "initialConfidence": 35.0, "updatedScore": 1772.308135587722, "updatedConfidence": 35.0, "teamId": 99999}]}