{"id": 28415279, "competitionId": 30067, "createTime": {"seconds": 1634492162}, "endTime": {"seconds": 1634492162}, "agents": [{"id": 71927158, "state": 2, "submissionId": 23281649, "reward": 230016, "index": 0, "initialScore": 1443.7455658694848, "initialConfidence": 48.27894436424795, "updatedScore": 1452.5804110915258, "updatedConfidence": 47.52041636215939, "teamId": 99999}, {"id": 71927159, "state": 2, "submissionId": 23114517, "reward": 0, "index": 1, "initialScore": 1456.2661030773484, "initialConfidence": 35.0, "updatedScore": 1451.6228804931682, "updatedConfidence": 35.0, "teamId": 99999}]}