{"id": 30999353, "competitionId": 30067, "createTime": {"seconds": 1637100013}, "endTime": {"seconds": 1637100013}, "agents": [{"id": 77093304, "state": 2, "submissionId": 23825266, "reward": 1690159, "index": 0, "initialScore": 1588.0147359321743, "initialConfidence": 41.01300768902337, "updatedScore": 1592.730953707389, "updatedConfidence": 40.60425543260993, "teamId": 99999}, {"id": 77093305, "state": 2, "submissionId": 23609593, "reward": 1, "index": 1, "initialScore": 1520.736134742502, "initialConfidence": 35.0, "updatedScore": 1517.3014514257227, "updatedConfidence": 35.0, "teamId": 99999}]}