{"id": 28483957, "competitionId": 30067, "createTime": {"seconds": 1634578110}, "endTime": {"seconds": 1634578110}, "agents": [{"id": 72064514, "state": 2, "submissionId": 22996644, "reward": 0, "index": 0, "initialScore": 1366.0338152478575, "initialConfidence": 35.0, "updatedScore": 1361.1135049777122, "updatedConfidence": 35.0, "teamId": 99999}, {"id": 72064515, "state": 2, "submissionId": 23297953, "reward": 90017, "index": 1, "initialScore": 1334.4184466609845, "initialConfidence": 55.194977857804766, "updatedScore": 1346.654899143175, "updatedConfidence": 54.04464983907164, "teamId": 99999}]}