{"id": 29502891, "competitionId": 30067, "createTime": {"seconds": 1635718313}, "endTime": {"seconds": 1635718313}, "agents": [{"id": 74100382, "state": 2, "submissionId": 23297953, "reward": 1320053, "index": 0, "initialScore": 1902.5771285348849, "initialConfidence": 35.0, "updatedScore": 1904.595836385688, "updatedConfidence": 35.0, "teamId": 99999}, {"id": 74100383, "state": 2, "submissionId": 23323058, "reward": 570057, "index": 1, "initialScore": 1723.743188642516, "initialConfidence": 35.0, "updatedScore": 1721.7244807917127, "updatedConfidence": 35.0, "teamId": 99999}]}