{"id": 30983223, "competitionId": 30067, "createTime": {"seconds": 1637086749}, "endTime": {"seconds": 1637086749}, "agents": [{"id": 77061044, "state": 2, "submissionId": 23825329, "reward": 750072, "index": 0, "initialScore": 1655.407022475043, "initialConfidence": 45.8186891844741, "updatedScore": 1661.8189965441695, "updatedConfidence": 45.228093775229, "teamId": 99999}, {"id": 77061045, "state": 2, "submissionId": 23608768, "reward": 2, "index": 1, "initialScore": 1609.816490507131, "initialConfidence": 35.0, "updatedScore": 1606.075018285051, "updatedConfidence": 35.0, "teamId": 99999}]}