{"id": 30001939, "competitionId": 30067, "createTime": {"seconds": 1636235586}, "endTime": {"seconds": 1636235586}, "agents": [{"id": 75098476, "state": 2, "submissionId": 23554433, "reward": 390040, "index": 0, "initialScore": 1743.36353496848, "initialConfidence": 35.0, "updatedScore": 1741.510416032826, "updatedConfidence": 35.0, "teamId": 99999}, {"id": 75098477, "state": 2, "submissionId": 23281649, "reward": 680039, "index": 1, "initialScore": 1937.725896092793, "initialConfidence": 35.0, "updatedScore": 1939.579015028447, "updatedConfidence": 35.0, "teamId": 99999}]}