{"id": 31085423, "competitionId": 30067, "createTime": {"seconds": 1637169025}, "endTime": {"seconds": 1637169025}, "agents": [{"id": 77265444, "state": 2, "submissionId": 23825143, "reward": 1700163, "index": 0, "initialScore": 1690.4446775647607, "initialConfidence": 35.50317536167022, "updatedScore": 1695.579872691569, "updatedConfidence": 35.18796959591981, "teamId": 99999}, {"id": 77265445, "state": 2, "submissionId": 23674349, "reward": 1660080, "index": 1, "initialScore": 1720.2414796670214, "initialConfidence": 35.0, "updatedScore": 1715.2508120767611, "updatedConfidence": 35.0, "teamId": 99999}]}