{"id": 29003388, "competitionId": 30067, "createTime": {"seconds": 1635186665}, "endTime": {"seconds": 1635186665}, "agents": [{"id": 73103376, "state": 2, "submissionId": 23323058, "reward": 220022, "index": 0, "initialScore": 1724.1025806723158, "initialConfidence": 35.0, "updatedScore": 1720.80748582869, "updatedConfidence": 35.0, "teamId": 99999}, {"id": 73103377, "state": 2, "submissionId": 23281649, "reward": 630030, "index": 1, "initialScore": 1801.8840741247957, "initialConfidence": 35.0, "updatedScore": 1805.1791689684208, "updatedConfidence": 35.0, "teamId": 99999}]}