{"id": 28484150, "competitionId": 30067, "createTime": {"seconds": 1634578350}, "endTime": {"seconds": 1634578350}, "agents": [{"id": 72064900, "state": 2, "submissionId": 22924954, "reward": 0, "index": 0, "initialScore": 1296.7783322769585, "initialConfidence": 35.0, "updatedScore": 1293.1253623926843, "updatedConfidence": 35.0, "teamId": 99999}, {"id": 72064901, "state": 2, "submissionId": 23297953, "reward": 330017, "index": 1, "initialScore": 1346.654899143175, "initialConfidence": 54.04464983907164, "updatedScore": 1355.364844247681, "updatedConfidence": 53.09631187212268, "teamId": 99999}]}