{"id": 28581623, "competitionId": 30067, "createTime": {"seconds": 1634699016}, "endTime": {"seconds": 1634699016}, "agents": [{"id": 72259846, "state": 2, "submissionId": 23248264, "reward": 10002, "index": 0, "initialScore": 1522.732672138425, "initialConfidence": 35.0, "updatedScore": 1518.9537161671126, "updatedConfidence": 35.0, "teamId": 99999}, {"id": 72259847, "state": 2, "submissionId": 23297953, "reward": 450025, "index": 1, "initialScore": 1567.662268250834, "initialConfidence": 35.25515466079286, "updatedScore": 1571.4965232432126, "updatedConfidence": 35.0, "teamId": 99999}]}