{"id": 31230034, "competitionId": 30067, "createTime": {"seconds": 1637283283}, "endTime": {"seconds": 1637283283}, "agents": [{"id": 77554666, "state": 2, "submissionId": 22777661, "reward": 0, "index": 0, "initialScore": 1649.015503053071, "initialConfidence": 35.0, "updatedScore": 1645.37870152323, "updatedConfidence": 35.0, "teamId": 99999}, {"id": 77554667, "state": 2, "submissionId": 23825266, "reward": 330031, "index": 1, "initialScore": 1703.404284059636, "initialConfidence": 35.0, "updatedScore": 1707.041085589477, "updatedConfidence": 35.0, "teamId": 99999}]}