{"id": 29284003, "competitionId": 30067, "createTime": {"seconds": 1635491299}, "endTime": {"seconds": 1635491299}, "agents": [{"id": 73662606, "state": 2, "submissionId": 23034455, "reward": 230038, "index": 0, "initialScore": 1701.518461903952, "initialConfidence": 35.0, "updatedScore": 1699.314348776594, "updatedConfidence": 35.0, "teamId": 99999}, {"id": 73662607, "state": 2, "submissionId": 23297953, "reward": 790044, "index": 1, "initialScore": 1863.8267764240225, "initialConfidence": 35.0, "updatedScore": 1866.0308895513804, "updatedConfidence": 35.0, "teamId": 99999}]}