{"id": 30032434, "competitionId": 30067, "createTime": {"seconds": 1636263665}, "endTime": {"seconds": 1636263665}, "agents": [{"id": 75159466, "state": 2, "submissionId": 23554491, "reward": 100005, "index": 0, "initialScore": 1780.0218327480245, "initialConfidence": 35.0, "updatedScore": 1777.955183101198, "updatedConfidence": 35.0, "teamId": 99999}, {"id": 75159467, "state": 2, "submissionId": 23297953, "reward": 260011, "index": 1, "initialScore": 1954.501054284312, "initialConfidence": 35.0, "updatedScore": 1956.5677039311383, "updatedConfidence": 35.0, "teamId": 99999}]}