{"id": 28409735, "competitionId": 30067, "createTime": {"seconds": 1634485171}, "endTime": {"seconds": 1634485171}, "agents": [{"id": 71916070, "state": 2, "submissionId": 23281649, "reward": 550060, "index": 0, "initialScore": 1085.9539128946149, "initialConfidence": 97.3107556209633, "updatedScore": 1109.785803653311, "updatedConfidence": 92.59779502962516, "teamId": 99999}, {"id": 71916071, "state": 2, "submissionId": 22652330, "reward": 250018, "index": 1, "initialScore": 1005.0949847526068, "initialConfidence": 35.0, "updatedScore": 1002.0119891986624, "updatedConfidence": 35.0, "teamId": 99999}]}