{"id": 28952397, "competitionId": 30067, "createTime": {"seconds": 1635130127}, "endTime": {"seconds": 1635130127}, "agents": [{"id": 73001394, "state": 2, "submissionId": 23297953, "reward": 650030, "index": 0, "initialScore": 1772.5358524743558, "initialConfidence": 35.0, "updatedScore": 1776.1933514121938, "updatedConfidence": 35.0, "teamId": 99999}, {"id": 73001395, "state": 2, "submissionId": 23323058, "reward": 290029, "index": 1, "initialScore": 1719.5293566363473, "initialConfidence": 35.0, "updatedScore": 1715.8718576985093, "updatedConfidence": 35.0, "teamId": 99999}]}