{"id": 28414324, "competitionId": 30067, "createTime": {"seconds": 1634490962}, "endTime": {"seconds": 1634490962}, "agents": [{"id": 71925248, "state": 2, "submissionId": 23281649, "reward": 700045, "index": 0, "initialScore": 1403.144383805875, "initialConfidence": 52.28936301528607, "updatedScore": 1410.1171732380956, "updatedConfidence": 51.49203761166272, "teamId": 99999}, {"id": 71925249, "state": 2, "submissionId": 22969350, "reward": 30003, "index": 1, "initialScore": 1315.3783985795508, "initialConfidence": 35.0, "updatedScore": 1312.2543632516488, "updatedConfidence": 35.0, "teamId": 99999}]}