{"id": 28483182, "competitionId": 30067, "createTime": {"seconds": 1634577150}, "endTime": {"seconds": 1634577150}, "agents": [{"id": 72062964, "state": 2, "submissionId": 23158231, "reward": 20002, "index": 0, "initialScore": 1321.1694005573008, "initialConfidence": 35.0, "updatedScore": 1315.814253360726, "updatedConfidence": 35.0, "teamId": 99999}, {"id": 72062965, "state": 2, "submissionId": 23297953, "reward": 450020, "index": 1, "initialScore": 1260.157512160906, "initialConfidence": 63.30972257021777, "updatedScore": 1277.6792083129865, "updatedConfidence": 61.5363007897324, "teamId": 99999}]}