{"id": 28665466, "competitionId": 30067, "createTime": {"seconds": 1634799387}, "endTime": {"seconds": 1634799387}, "agents": [{"id": 72427532, "state": 2, "submissionId": 23281649, "reward": 210018, "index": 0, "initialScore": 1711.3659653640275, "initialConfidence": 35.0, "updatedScore": 1714.5894061832787, "updatedConfidence": 35.0, "teamId": 99999}, {"id": 72427533, "state": 2, "submissionId": 22902113, "reward": 0, "index": 1, "initialScore": 1628.5309397156764, "initialConfidence": 35.0, "updatedScore": 1625.3074988964252, "updatedConfidence": 35.0, "teamId": 99999}]}