{"id": 28456338, "competitionId": 30067, "createTime": {"seconds": 1634543526}, "endTime": {"seconds": 1634543526}, "agents": [{"id": 72009276, "state": 2, "submissionId": 22902113, "reward": 4, "index": 0, "initialScore": 1625.740469210038, "initialConfidence": 35.0, "updatedScore": 1620.1680344725994, "updatedConfidence": 35.0, "teamId": 99999}, {"id": 72009277, "state": 2, "submissionId": 23281649, "reward": 300016, "index": 1, "initialScore": 1562.5083188286042, "initialConfidence": 36.5836186618601, "updatedScore": 1568.59642510452, "updatedConfidence": 36.22382436231699, "teamId": 99999}]}