{"id": 30423796, "competitionId": 30067, "createTime": {"seconds": 1636615524}, "endTime": {"seconds": 1636615524}, "agents": [{"id": 75942190, "state": 2, "submissionId": 23119426, "reward": 10001, "index": 0, "initialScore": 1275.8618359984207, "initialConfidence": 35.0, "updatedScore": 1271.88165101532, "updatedConfidence": 35.0, "teamId": 99999}, {"id": 75942191, "state": 2, "submissionId": 23692494, "reward": 80019, "index": 1, "initialScore": 1302.823261529246, "initialConfidence": 57.53312847482063, "updatedScore": 1313.578081591518, "updatedConfidence": 56.34832773222289, "teamId": 99999}]}