{"id": 30053307, "competitionId": 30067, "createTime": {"seconds": 1636282868}, "endTime": {"seconds": 1636282868}, "agents": [{"id": 75201212, "state": 2, "submissionId": 23281649, "reward": 420019, "index": 0, "initialScore": 1947.7231200984463, "initialConfidence": 35.0, "updatedScore": 1949.4305924937523, "updatedConfidence": 35.0, "teamId": 99999}, {"id": 75201213, "state": 2, "submissionId": 23572018, "reward": 20005, "index": 1, "initialScore": 1738.9991902958732, "initialConfidence": 35.0, "updatedScore": 1737.2917179005674, "updatedConfidence": 35.0, "teamId": 99999}]}