{"id": 29772152, "competitionId": 30067, "createTime": {"seconds": 1636017279}, "endTime": {"seconds": 1636017279}, "agents": [{"id": 74638902, "state": 2, "submissionId": 23297953, "reward": 610019, "index": 0, "initialScore": 1938.368713161988, "initialConfidence": 35.0, "updatedScore": 1940.211642663933, "updatedConfidence": 35.0, "teamId": 99999}, {"id": 74638903, "state": 2, "submissionId": 23554491, "reward": 210007, "index": 1, "initialScore": 1743.000587288557, "initialConfidence": 36.81676543073586, "updatedScore": 1740.9613681675503, "updatedConfidence": 36.60560569542059, "teamId": 99999}]}