{"id": 30424349, "competitionId": 30067, "createTime": {"seconds": 1636616004}, "endTime": {"seconds": 1636616004}, "agents": [{"id": 75943296, "state": 2, "submissionId": 23692494, "reward": 560017, "index": 0, "initialScore": 1313.578081591518, "initialConfidence": 56.34832773222289, "updatedScore": 1323.5804099576908, "updatedConfidence": 55.24903780255021, "teamId": 99999}, {"id": 75943297, "state": 2, "submissionId": 22969581, "reward": 0, "index": 1, "initialScore": 1278.2200590607035, "initialConfidence": 35.0, "updatedScore": 1274.36105591278, "updatedConfidence": 35.0, "teamId": 99999}]}