{"id": 31869585, "competitionId": 30067, "createTime": {"seconds": 1637760945}, "endTime": {"seconds": 1637760945}, "agents": [{"id": 78833768, "state": 2, "submissionId": 23572005, "reward": 40007, "index": 0, "initialScore": 1690.1228038984268, "initialConfidence": 35.0, "updatedScore": 1687.619969474879, "updatedConfidence": 35.0, "teamId": 99999}, {"id": 78833769, "state": 2, "submissionId": 23825266, "reward": 2350218, "index": 1, "initialScore": 1827.39031596, "initialConfidence": 35.0, "updatedScore": 1829.893150383548, "updatedConfidence": 35.0, "teamId": 99999}]}