{"id": 30853254, "competitionId": 30067, "createTime": {"seconds": 1636980036}, "endTime": {"seconds": 1636980036}, "agents": [{"id": 76801106, "state": 2, "submissionId": 23281649, "reward": 50008, "index": 0, "initialScore": 1970.008206996172, "initialConfidence": 35.0, "updatedScore": 1962.2235007441784, "updatedConfidence": 35.0, "teamId": 99999}, {"id": 76801107, "state": 2, "submissionId": 23554433, "reward": 110011, "index": 1, "initialScore": 1791.4562147683089, "initialConfidence": 35.0, "updatedScore": 1799.2409210203025, "updatedConfidence": 35.0, "teamId": 99999}]}