{"id": 30577882, "competitionId": 30067, "createTime": {"seconds": 1636748796}, "endTime": {"seconds": 1636748796}, "agents": [{"id": 76250362, "state": 2, "submissionId": 23692494, "reward": 180016, "index": 0, "initialScore": 1582.6507596162407, "initialConfidence": 35.0, "updatedScore": 1588.7208276483768, "updatedConfidence": 35.0, "teamId": 99999}, {"id": 76250363, "state": 2, "submissionId": 23600395, "reward": 0, "index": 1, "initialScore": 1672.7158871959691, "initialConfidence": 35.0, "updatedScore": 1666.6458191638333, "updatedConfidence": 35.0, "teamId": 99999}]}