{"id": 28413943, "competitionId": 30067, "createTime": {"seconds": 1634490451}, "endTime": {"seconds": 1634490451}, "agents": [{"id": 71924486, "state": 2, "submissionId": 23281649, "reward": 590019, "index": 0, "initialScore": 1394.505814333653, "initialConfidence": 53.20514392058129, "updatedScore": 1403.144383805875, "updatedConfidence": 52.28936301528607, "teamId": 99999}, {"id": 71924487, "state": 2, "submissionId": 23015816, "reward": 20002, "index": 1, "initialScore": 1350.2533673526054, "initialConfidence": 35.0, "updatedScore": 1346.5150972765034, "updatedConfidence": 35.0, "teamId": 99999}]}