{"id": 30887147, "competitionId": 30067, "createTime": {"seconds": 1637008227}, "endTime": {"seconds": 1637008227}, "agents": [{"id": 76868892, "state": 2, "submissionId": 23297953, "reward": 150011, "index": 0, "initialScore": 2044.012719752286, "initialConfidence": 35.0, "updatedScore": 2045.3484554881315, "updatedConfidence": 35.0, "teamId": 99999}, {"id": 76868893, "state": 2, "submissionId": 23554433, "reward": 1, "index": 1, "initialScore": 1794.7918618826873, "initialConfidence": 35.0, "updatedScore": 1793.456126146842, "updatedConfidence": 35.0, "teamId": 99999}]}