{"id": 31696693, "competitionId": 30067, "createTime": {"seconds": 1637637330}, "endTime": {"seconds": 1637637330}, "agents": [{"id": 78487984, "state": 2, "submissionId": 23825329, "reward": 160018, "index": 0, "initialScore": 1849.367741348572, "initialConfidence": 35.0, "updatedScore": 1843.02163254746, "updatedConfidence": 35.0, "teamId": 99999}, {"id": 78487985, "state": 2, "submissionId": 23790156, "reward": 390018, "index": 1, "initialScore": 1744.5262096271813, "initialConfidence": 35.0, "updatedScore": 1750.8723184282933, "updatedConfidence": 35.0, "teamId": 99999}]}