{"id": 30597378, "competitionId": 30067, "createTime": {"seconds": 1636765361}, "endTime": {"seconds": 1636765361}, "agents": [{"id": 76289354, "state": 2, "submissionId": 23554433, "reward": 10001, "index": 0, "initialScore": 1761.6426248417754, "initialConfidence": 35.0, "updatedScore": 1759.9617018361537, "updatedConfidence": 35.0, "teamId": 99999}, {"id": 76289355, "state": 2, "submissionId": 23281649, "reward": 360017, "index": 1, "initialScore": 1973.0640162778136, "initialConfidence": 35.0, "updatedScore": 1974.744939283436, "updatedConfidence": 35.0, "teamId": 99999}]}