{"id": 31098025, "competitionId": 30067, "createTime": {"seconds": 1637179103}, "endTime": {"seconds": 1637179103}, "agents": [{"id": 77290648, "state": 2, "submissionId": 23608696, "reward": 270026, "index": 0, "initialScore": 1772.5499268243684, "initialConfidence": 35.0, "updatedScore": 1780.6099437696778, "updatedConfidence": 35.0, "teamId": 99999}, {"id": 77290649, "state": 2, "submissionId": 23281649, "reward": 10002, "index": 1, "initialScore": 1964.6863222287463, "initialConfidence": 35.0, "updatedScore": 1956.626305283437, "updatedConfidence": 35.0, "teamId": 99999}]}