{"id": 29950496, "competitionId": 30067, "createTime": {"seconds": 1636187592}, "endTime": {"seconds": 1636187592}, "agents": [{"id": 74995590, "state": 2, "submissionId": 23297953, "reward": 830030, "index": 0, "initialScore": 1949.9994614617883, "initialConfidence": 35.0, "updatedScore": 1951.953952280278, "updatedConfidence": 35.0, "teamId": 99999}, {"id": 74995591, "state": 2, "submissionId": 23554491, "reward": 230009, "index": 1, "initialScore": 1765.236380216919, "initialConfidence": 35.0, "updatedScore": 1763.2818893984297, "updatedConfidence": 35.0, "teamId": 99999}]}