{"id": 30083694, "competitionId": 30067, "createTime": {"seconds": 1636310737}, "endTime": {"seconds": 1636310737}, "agents": [{"id": 75261986, "state": 2, "submissionId": 23323058, "reward": 40004, "index": 0, "initialScore": 1758.98547795349, "initialConfidence": 35.0, "updatedScore": 1757.2376715000592, "updatedConfidence": 35.0, "teamId": 99999}, {"id": 75261987, "state": 2, "submissionId": 23297953, "reward": 530018, "index": 1, "initialScore": 1963.6600958469503, "initialConfidence": 35.0, "updatedScore": 1965.4079023003808, "updatedConfidence": 35.0, "teamId": 99999}]}