{"id": 28496032, "competitionId": 30067, "createTime": {"seconds": 1634593327}, "endTime": {"seconds": 1634593327}, "agents": [{"id": 72088664, "state": 2, "submissionId": 23228794, "reward": 0, "index": 0, "initialScore": 1616.300055716938, "initialConfidence": 35.0, "updatedScore": 1611.480984099096, "updatedConfidence": 35.0, "teamId": 99999}, {"id": 72088665, "state": 2, "submissionId": 23281649, "reward": 110010, "index": 1, "initialScore": 1596.6796185637625, "initialConfidence": 35.0, "updatedScore": 1601.4986901816044, "updatedConfidence": 35.0, "teamId": 99999}]}