{"id": 30425449, "competitionId": 30067, "createTime": {"seconds": 1636616964}, "endTime": {"seconds": 1636616964}, "agents": [{"id": 75945496, "state": 2, "submissionId": 23692494, "reward": 1710053, "index": 0, "initialScore": 1358.9640829756263, "initialConfidence": 51.50340233508719, "updatedScore": 1367.5390854197049, "updatedConfidence": 50.64829784561263, "teamId": 99999}, {"id": 75945497, "state": 2, "submissionId": 22968079, "reward": 70007, "index": 1, "initialScore": 1329.1099086860847, "initialConfidence": 35.0, "updatedScore": 1325.1498784502005, "updatedConfidence": 35.0, "teamId": 99999}]}