{"id": 30417760, "competitionId": 30067, "createTime": {"seconds": 1636610245}, "endTime": {"seconds": 1636610245}, "agents": [{"id": 75930118, "state": 2, "submissionId": 23003418, "reward": 0, "index": 0, "initialScore": 729.3665240737582, "initialConfidence": 35.0, "updatedScore": 727.4198193219315, "updatedConfidence": 35.0, "teamId": 99999}, {"id": 75930119, "state": 2, "submissionId": 23692494, "reward": 370006, "index": 1, "initialScore": 912.6646034053196, "initialConfidence": 127.44855588824204, "updatedScore": 938.4773274193142, "updatedConfidence": 119.77990601832953, "teamId": 99999}]}