{"id": 28481441, "competitionId": 30067, "createTime": {"seconds": 1634574990}, "endTime": {"seconds": 1634574990}, "agents": [{"id": 72059482, "state": 2, "submissionId": 22755185, "reward": 1, "index": 0, "initialScore": 1128.903836002436, "initialConfidence": 35.0, "updatedScore": 1124.9461844048567, "updatedConfidence": 35.0, "teamId": 99999}, {"id": 72059483, "state": 2, "submissionId": 23297953, "reward": 970031, "index": 1, "initialScore": 1150.5777306620585, "initialConfidence": 78.39306471806017, "updatedScore": 1170.4321302024696, "updatedConfidence": 75.5061095209368, "teamId": 99999}]}