{"id": 28410492, "competitionId": 30067, "createTime": {"seconds": 1634486131}, "endTime": {"seconds": 1634486131}, "agents": [{"id": 71917584, "state": 2, "submissionId": 22682916, "reward": 20002, "index": 0, "initialScore": 1001.9807208444646, "initialConfidence": 35.0, "updatedScore": 999.45188769796, "updatedConfidence": 35.0, "teamId": 99999}, {"id": 71917585, "state": 2, "submissionId": 23281649, "reward": 410031, "index": 1, "initialScore": 1131.883975758948, "initialConfidence": 88.44647127017377, "updatedScore": 1148.032956177388, "updatedConfidence": 85.19751579871628, "teamId": 99999}]}