{"id": 30186129, "competitionId": 30067, "createTime": {"seconds": 1636403745}, "endTime": {"seconds": 1636403745}, "agents": [{"id": 75466856, "state": 2, "submissionId": 23554491, "reward": 620061, "index": 0, "initialScore": 1777.3461249066845, "initialConfidence": 35.0, "updatedScore": 1785.0591757283555, "updatedConfidence": 35.0, "teamId": 99999}, {"id": 75466857, "state": 2, "submissionId": 23281649, "reward": 60007, "index": 1, "initialScore": 1952.3383983799763, "initialConfidence": 35.0, "updatedScore": 1944.6253475583053, "updatedConfidence": 35.0, "teamId": 99999}]}