{"id": 31869583, "competitionId": 30067, "createTime": {"seconds": 1637760945}, "endTime": {"seconds": 1637760945}, "agents": [{"id": 78833764, "state": 2, "submissionId": 23825143, "reward": 190020, "index": 0, "initialScore": 1847.3850515062527, "initialConfidence": 35.0, "updatedScore": 1854.3083470378376, "updatedConfidence": 35.0, "teamId": 99999}, {"id": 78833765, "state": 2, "submissionId": 23297953, "reward": 0, "index": 1, "initialScore": 1982.4106650343008, "initialConfidence": 35.0, "updatedScore": 1975.487369502716, "updatedConfidence": 35.0, "teamId": 99999}]}