{"id": 29239603, "competitionId": 30067, "createTime": {"seconds": 1635444706}, "endTime": {"seconds": 1635444706}, "agents": [{"id": 73573806, "state": 2, "submissionId": 23281649, "reward": 430017, "index": 0, "initialScore": 1866.1210330937868, "initialConfidence": 35.0, "updatedScore": 1868.4524695465127, "updatedConfidence": 35.0, "teamId": 99999}, {"id": 73573807, "state": 2, "submissionId": 23323058, "reward": 320032, "index": 1, "initialScore": 1714.7046520303925, "initialConfidence": 35.0, "updatedScore": 1712.3732155776663, "updatedConfidence": 35.0, "teamId": 99999}]}