{"id": 29540098, "competitionId": 30067, "createTime": {"seconds": 1635755754}, "endTime": {"seconds": 1635755754}, "agents": [{"id": 74174796, "state": 2, "submissionId": 23297953, "reward": 700015, "index": 0, "initialScore": 1909.585121504958, "initialConfidence": 35.0, "updatedScore": 1911.3617303513104, "updatedConfidence": 35.0, "teamId": 99999}, {"id": 74174797, "state": 2, "submissionId": 23323058, "reward": 0, "index": 1, "initialScore": 1707.7673727295046, "initialConfidence": 35.0, "updatedScore": 1705.990763883152, "updatedConfidence": 35.0, "teamId": 99999}]}