{"id": 30976971, "competitionId": 30067, "createTime": {"seconds": 1637081456}, "endTime": {"seconds": 1637081456}, "agents": [{"id": 77048540, "state": 2, "submissionId": 22983035, "reward": 10002, "index": 0, "initialScore": 1313.8336647995463, "initialConfidence": 35.0, "updatedScore": 1310.0397280624622, "updatedConfidence": 35.0, "teamId": 99999}, {"id": 77048541, "state": 2, "submissionId": 23825266, "reward": 1150109, "index": 1, "initialScore": 1350.8836498432906, "initialConfidence": 66.29649245542896, "updatedScore": 1364.496062301231, "updatedConfidence": 64.54705047333145, "teamId": 99999}]}