{"id": 30299763, "competitionId": 30067, "createTime": {"seconds": 1636506114}, "endTime": {"seconds": 1636506114}, "agents": [{"id": 75694124, "state": 2, "submissionId": 23281649, "reward": 900028, "index": 0, "initialScore": 1964.3416403891983, "initialConfidence": 35.0, "updatedScore": 1966.037601188861, "updatedConfidence": 35.0, "teamId": 99999}, {"id": 75694125, "state": 2, "submissionId": 23323058, "reward": 120013, "index": 1, "initialScore": 1754.451297440145, "initialConfidence": 35.0, "updatedScore": 1752.7553366404825, "updatedConfidence": 35.0, "teamId": 99999}]}