{"id": 31580165, "competitionId": 30067, "createTime": {"seconds": 1637549642}, "endTime": {"seconds": 1637549642}, "agents": [{"id": 78254928, "state": 2, "submissionId": 23825266, "reward": 750068, "index": 0, "initialScore": 1815.5536517133648, "initialConfidence": 35.0, "updatedScore": 1822.6739849277224, "updatedConfidence": 35.0, "teamId": 99999}, {"id": 78254929, "state": 2, "submissionId": 23281649, "reward": 60009, "index": 1, "initialScore": 1960.684412779968, "initialConfidence": 35.0, "updatedScore": 1953.5640795656104, "updatedConfidence": 35.0, "teamId": 99999}]}