{"id": 32147534, "competitionId": 30067, "createTime": {"seconds": 1637955969}, "endTime": {"seconds": 1637955969}, "agents": [{"id": 79389666, "state": 2, "submissionId": 23883228, "reward": 250022, "index": 0, "initialScore": 1764.5979809548842, "initialConfidence": 35.0, "updatedScore": 1761.4653719699802, "updatedConfidence": 35.0, "teamId": 99999}, {"id": 79389667, "state": 2, "submissionId": 23825266, "reward": 490048, "index": 1, "initialScore": 1853.9203598857828, "initialConfidence": 35.0, "updatedScore": 1857.0529688706868, "updatedConfidence": 35.0, "teamId": 99999}]}