{"id": 30685470, "competitionId": 30067, "createTime": {"seconds": 1636840060}, "endTime": {"seconds": 1636840060}, "agents": [{"id": 76465538, "state": 2, "submissionId": 23601919, "reward": 180011, "index": 0, "initialScore": 1646.1715261913264, "initialConfidence": 35.0, "updatedScore": 1641.3349898169174, "updatedConfidence": 35.0, "teamId": 99999}, {"id": 76465539, "state": 2, "submissionId": 23692494, "reward": 2790043, "index": 1, "initialScore": 1625.520892723266, "initialConfidence": 35.0, "updatedScore": 1630.3574290976749, "updatedConfidence": 35.0, "teamId": 99999}]}