{"id": 31553160, "competitionId": 30067, "createTime": {"seconds": 1637529721}, "endTime": {"seconds": 1637529721}, "agents": [{"id": 78200918, "state": 2, "submissionId": 23825224, "reward": 10000, "index": 0, "initialScore": 1849.3099582777595, "initialConfidence": 35.0, "updatedScore": 1846.1279598453136, "updatedConfidence": 35.0, "teamId": 99999}, {"id": 78200919, "state": 2, "submissionId": 23692494, "reward": 550002, "index": 1, "initialScore": 1935.093339649851, "initialConfidence": 35.0, "updatedScore": 1938.275338082297, "updatedConfidence": 35.0, "teamId": 99999}]}