{"id": 30975188, "competitionId": 30067, "createTime": {"seconds": 1637080014}, "endTime": {"seconds": 1637080014}, "agents": [{"id": 77044974, "state": 2, "submissionId": 23825143, "reward": 810077, "index": 0, "initialScore": 1379.1512987781537, "initialConfidence": 72.0953519473207, "updatedScore": 1399.4271081372, "updatedConfidence": 69.63019620110042, "teamId": 99999}, {"id": 77044975, "state": 2, "submissionId": 23779804, "reward": 20004, "index": 1, "initialScore": 1409.0725805080397, "initialConfidence": 35.0, "updatedScore": 1404.2939906685324, "updatedConfidence": 35.0, "teamId": 99999}]}