{"id": 28499755, "competitionId": 30067, "createTime": {"seconds": 1634597955}, "endTime": {"seconds": 1634597955}, "agents": [{"id": 72096110, "state": 2, "submissionId": 23281649, "reward": 750039, "index": 0, "initialScore": 1606.3085659021824, "initialConfidence": 35.0, "updatedScore": 1610.3721639918938, "updatedConfidence": 35.0, "teamId": 99999}, {"id": 72096111, "state": 2, "submissionId": 23256560, "reward": 130013, "index": 1, "initialScore": 1579.7240080336544, "initialConfidence": 35.0, "updatedScore": 1575.660409943943, "updatedConfidence": 35.0, "teamId": 99999}]}