{"id": 31533516, "competitionId": 30067, "createTime": {"seconds": 1637515084}, "endTime": {"seconds": 1637515084}, "agents": [{"id": 78161630, "state": 2, "submissionId": 23825143, "reward": 2030194, "index": 0, "initialScore": 1807.388489664502, "initialConfidence": 35.0, "updatedScore": 1810.2707886759224, "updatedConfidence": 35.0, "teamId": 99999}, {"id": 78161631, "state": 2, "submissionId": 23883228, "reward": 250025, "index": 1, "initialScore": 1699.6768605473528, "initialConfidence": 35.0, "updatedScore": 1696.7945615359326, "updatedConfidence": 35.0, "teamId": 99999}]}