{"id": 31896868, "competitionId": 30067, "createTime": {"seconds": 1637780144}, "endTime": {"seconds": 1637780144}, "agents": [{"id": 78888334, "state": 2, "submissionId": 23692494, "reward": 1250060, "index": 0, "initialScore": 1994.6955306043396, "initialConfidence": 35.0, "updatedScore": 1987.0563174480408, "updatedConfidence": 35.0, "teamId": 99999}, {"id": 78888335, "state": 2, "submissionId": 23825266, "reward": 1330067, "index": 1, "initialScore": 1823.3822035383075, "initialConfidence": 35.0, "updatedScore": 1831.021416694606, "updatedConfidence": 35.0, "teamId": 99999}]}