{"id": 28734495, "competitionId": 30067, "createTime": {"seconds": 1634881402}, "endTime": {"seconds": 1634881402}, "agents": [{"id": 72565590, "state": 2, "submissionId": 23003907, "reward": 540054, "index": 0, "initialScore": 1608.2514600447284, "initialConfidence": 35.0, "updatedScore": 1604.800248045641, "updatedConfidence": 35.0, "teamId": 99999}, {"id": 72565591, "state": 2, "submissionId": 23297953, "reward": 1620046, "index": 1, "initialScore": 1675.2065759782774, "initialConfidence": 35.0, "updatedScore": 1678.657787977365, "updatedConfidence": 35.0, "teamId": 99999}]}