{"id": 30975776, "competitionId": 30067, "createTime": {"seconds": 1637080494}, "endTime": {"seconds": 1637080494}, "agents": [{"id": 77046150, "state": 2, "submissionId": 23825370, "reward": 2080193, "index": 0, "initialScore": 1274.0930036055945, "initialConfidence": 81.56340790927314, "updatedScore": 1294.3641174783452, "updatedConfidence": 78.41741049552141, "teamId": 99999}, {"id": 77046151, "state": 2, "submissionId": 23294078, "reward": 200020, "index": 1, "initialScore": 1237.708839847022, "initialConfidence": 35.0, "updatedScore": 1233.9761408043958, "updatedConfidence": 35.0, "teamId": 99999}]}