{"id": 31816479, "competitionId": 30067, "createTime": {"seconds": 1637723499}, "endTime": {"seconds": 1637723499}, "agents": [{"id": 78727556, "state": 2, "submissionId": 23281649, "reward": 280016, "index": 0, "initialScore": 1989.5424780455696, "initialConfidence": 35.0, "updatedScore": 1991.9663956531856, "updatedConfidence": 35.0, "teamId": 99999}, {"id": 78727557, "state": 2, "submissionId": 23825224, "reward": 30001, "index": 1, "initialScore": 1845.8293873453365, "initialConfidence": 35.0, "updatedScore": 1843.4054697377208, "updatedConfidence": 35.0, "teamId": 99999}]}