{"id": 29521533, "competitionId": 30067, "createTime": {"seconds": 1635737034}, "endTime": {"seconds": 1635737034}, "agents": [{"id": 74137666, "state": 2, "submissionId": 23281649, "reward": 180011, "index": 0, "initialScore": 1898.4257030652268, "initialConfidence": 35.0, "updatedScore": 1900.2472176067715, "updatedConfidence": 35.0, "teamId": 99999}, {"id": 74137667, "state": 2, "submissionId": 23430612, "reward": 20001, "index": 1, "initialScore": 1701.006635750431, "initialConfidence": 35.0, "updatedScore": 1699.1851212088866, "updatedConfidence": 35.0, "teamId": 99999}]}