{"id": 31302199, "competitionId": 30067, "createTime": {"seconds": 1637339231}, "endTime": {"seconds": 1637339231}, "agents": [{"id": 77698996, "state": 2, "submissionId": 23536222, "reward": 110013, "index": 0, "initialScore": 1616.7218474579709, "initialConfidence": 35.0, "updatedScore": 1613.7601252767925, "updatedConfidence": 35.0, "teamId": 99999}, {"id": 77698997, "state": 2, "submissionId": 23825370, "reward": 890052, "index": 1, "initialScore": 1718.5127332039954, "initialConfidence": 35.0, "updatedScore": 1721.4744553851738, "updatedConfidence": 35.0, "teamId": 99999}]}