{"id": 28529416, "competitionId": 30067, "createTime": {"seconds": 1634634904}, "endTime": {"seconds": 1634634904}, "agents": [{"id": 72155432, "state": 2, "submissionId": 23233541, "reward": 10001, "index": 0, "initialScore": 1490.916828567185, "initialConfidence": 35.0, "updatedScore": 1487.0418266595016, "updatedConfidence": 35.0, "teamId": 99999}, {"id": 72155433, "state": 2, "submissionId": 23297953, "reward": 110003, "index": 1, "initialScore": 1529.11292607272, "initialConfidence": 38.04866278271196, "updatedScore": 1533.6923898502876, "updatedConfidence": 37.70196798599964, "teamId": 99999}]}