{"id": 30808248, "competitionId": 30067, "createTime": {"seconds": 1636942806}, "endTime": {"seconds": 1636942806}, "agents": [{"id": 76711094, "state": 2, "submissionId": 23692494, "reward": 600004, "index": 0, "initialScore": 1696.7077986426236, "initialConfidence": 35.0, "updatedScore": 1701.6627630220676, "updatedConfidence": 35.0, "teamId": 99999}, {"id": 76711095, "state": 2, "submissionId": 23674333, "reward": 0, "index": 1, "initialScore": 1724.3042682761718, "initialConfidence": 35.0, "updatedScore": 1719.349303896728, "updatedConfidence": 35.0, "teamId": 99999}]}