{"id": 32049262, "competitionId": 30067, "createTime": {"seconds": 1637887063}, "endTime": {"seconds": 1637887063}, "agents": [{"id": 79193122, "state": 2, "submissionId": 23825143, "reward": 20009, "index": 0, "initialScore": 1855.3029377361684, "initialConfidence": 35.0, "updatedScore": 1862.4634569632417, "updatedConfidence": 35.0, "teamId": 99999}, {"id": 79193123, "state": 2, "submissionId": 23692494, "reward": 2, "index": 1, "initialScore": 2002.483164659422, "initialConfidence": 35.0, "updatedScore": 1995.3226454323487, "updatedConfidence": 35.0, "teamId": 99999}]}