{"id": 31302211, "competitionId": 30067, "createTime": {"seconds": 1637339231}, "endTime": {"seconds": 1637339231}, "agents": [{"id": 77699020, "state": 2, "submissionId": 23825224, "reward": 440044, "index": 0, "initialScore": 1814.142774590204, "initialConfidence": 35.0, "updatedScore": 1822.8782992667452, "updatedConfidence": 35.0, "teamId": 99999}, {"id": 77699021, "state": 2, "submissionId": 23297953, "reward": 320025, "index": 1, "initialScore": 2039.0430193909776, "initialConfidence": 35.0, "updatedScore": 2030.307494714436, "updatedConfidence": 35.0, "teamId": 99999}]}