{"id": 31049980, "competitionId": 30067, "createTime": {"seconds": 1637140674}, "endTime": {"seconds": 1637140674}, "agents": [{"id": 77194558, "state": 2, "submissionId": 23554433, "reward": 220009, "index": 0, "initialScore": 1801.1167871463958, "initialConfidence": 35.0, "updatedScore": 1799.7876408754007, "updatedConfidence": 35.0, "teamId": 99999}, {"id": 77194559, "state": 2, "submissionId": 23297953, "reward": 1040036, "index": 1, "initialScore": 2052.147278133094, "initialConfidence": 35.0, "updatedScore": 2053.4764244040894, "updatedConfidence": 35.0, "teamId": 99999}]}