{"id": 29266353, "competitionId": 30067, "createTime": {"seconds": 1635472818}, "endTime": {"seconds": 1635472818}, "agents": [{"id": 73627306, "state": 2, "submissionId": 23297953, "reward": 160016, "index": 0, "initialScore": 1859.242616025345, "initialConfidence": 35.0, "updatedScore": 1861.6032740984588, "updatedConfidence": 35.0, "teamId": 99999}, {"id": 73627307, "state": 2, "submissionId": 23323058, "reward": 100011, "index": 1, "initialScore": 1710.2784023656243, "initialConfidence": 35.0, "updatedScore": 1707.9177442925106, "updatedConfidence": 35.0, "teamId": 99999}]}