{"id": 28926397, "competitionId": 30067, "createTime": {"seconds": 1635101087}, "endTime": {"seconds": 1635101087}, "agents": [{"id": 72949394, "state": 2, "submissionId": 23297953, "reward": 10011, "index": 0, "initialScore": 1764.2646504410031, "initialConfidence": 35.0, "updatedScore": 1767.3105786577023, "updatedConfidence": 35.0, "teamId": 99999}, {"id": 72949395, "state": 2, "submissionId": 23034455, "reward": 1, "index": 1, "initialScore": 1668.6623225594917, "initialConfidence": 35.0, "updatedScore": 1665.6163943427923, "updatedConfidence": 35.0, "teamId": 99999}]}