{"id": 31060831, "competitionId": 30067, "createTime": {"seconds": 1637149315}, "endTime": {"seconds": 1637149315}, "agents": [{"id": 77216260, "state": 2, "submissionId": 23825143, "reward": 240048, "index": 0, "initialScore": 1684.675938117559, "initialConfidence": 36.45435802854757, "updatedScore": 1680.387381636937, "updatedConfidence": 36.146146432964905, "teamId": 99999}, {"id": 77216261, "state": 2, "submissionId": 23552447, "reward": 740070, "index": 1, "initialScore": 1718.0769057208297, "initialConfidence": 35.0, "updatedScore": 1722.0301014150257, "updatedConfidence": 35.0, "teamId": 99999}]}