{"id": 30790920, "competitionId": 30067, "createTime": {"seconds": 1636928407}, "endTime": {"seconds": 1636928407}, "agents": [{"id": 76676438, "state": 2, "submissionId": 23692494, "reward": 2130038, "index": 0, "initialScore": 1687.27003450445, "initialConfidence": 35.0, "updatedScore": 1692.7765854124923, "updatedConfidence": 35.0, "teamId": 99999}, {"id": 76676439, "state": 2, "submissionId": 23542431, "reward": 60010, "index": 1, "initialScore": 1746.3769357524802, "initialConfidence": 35.0, "updatedScore": 1740.8703848444377, "updatedConfidence": 35.0, "teamId": 99999}]}