{"id": 31567116, "competitionId": 30067, "createTime": {"seconds": 1637540041}, "endTime": {"seconds": 1637540041}, "agents": [{"id": 78228830, "state": 2, "submissionId": 23770016, "reward": 390039, "index": 0, "initialScore": 1831.5090997117643, "initialConfidence": 35.0, "updatedScore": 1838.453642012401, "updatedConfidence": 35.0, "teamId": 99999}, {"id": 78228831, "state": 2, "submissionId": 23281649, "reward": 0, "index": 1, "initialScore": 1967.6289550806048, "initialConfidence": 35.0, "updatedScore": 1960.684412779968, "updatedConfidence": 35.0, "teamId": 99999}]}