{"id": 29045350, "competitionId": 30067, "createTime": {"seconds": 1635233473}, "endTime": {"seconds": 1635233473}, "agents": [{"id": 73187300, "state": 2, "submissionId": 23323058, "reward": 40008, "index": 0, "initialScore": 1720.2615315669557, "initialConfidence": 35.0, "updatedScore": 1717.1005309735256, "updatedConfidence": 35.0, "teamId": 99999}, {"id": 73187301, "state": 2, "submissionId": 23297953, "reward": 770025, "index": 1, "initialScore": 1807.5461127453304, "initialConfidence": 35.0, "updatedScore": 1810.7071133387603, "updatedConfidence": 35.0, "teamId": 99999}]}