{"id": 31711410, "competitionId": 30067, "createTime": {"seconds": 1637647917}, "endTime": {"seconds": 1637647917}, "agents": [{"id": 78517418, "state": 2, "submissionId": 23825143, "reward": 1530082, "index": 0, "initialScore": 1819.4026506458447, "initialConfidence": 35.0, "updatedScore": 1823.3406904387004, "updatedConfidence": 35.0, "teamId": 99999}, {"id": 78517419, "state": 2, "submissionId": 23032370, "reward": 1170065, "index": 1, "initialScore": 1784.7840409811924, "initialConfidence": 35.0, "updatedScore": 1780.846001188337, "updatedConfidence": 35.0, "teamId": 99999}]}