{"id": 30973688, "competitionId": 30067, "createTime": {"seconds": 1637078813}, "endTime": {"seconds": 1637078813}, "agents": [{"id": 77041974, "state": 2, "submissionId": 23825370, "reward": 2640247, "index": 0, "initialScore": 1023.2124218603564, "initialConfidence": 126.59769380437824, "updatedScore": 1085.1493348077993, "updatedConfidence": 114.83862723101774, "teamId": 99999}, {"id": 77041975, "state": 2, "submissionId": 22816238, "reward": 10001, "index": 1, "initialScore": 1085.5033824880616, "initialConfidence": 35.0, "updatedScore": 1080.7693192438132, "updatedConfidence": 35.0, "teamId": 99999}]}