{"id": 30478185, "competitionId": 30067, "createTime": {"seconds": 1636662601}, "endTime": {"seconds": 1636662601}, "agents": [{"id": 76050968, "state": 2, "submissionId": 23363299, "reward": 0, "index": 0, "initialScore": 1522.4470618695752, "initialConfidence": 35.0, "updatedScore": 1518.0424193998315, "updatedConfidence": 35.0, "teamId": 99999}, {"id": 76050969, "state": 2, "submissionId": 23692494, "reward": 300018, "index": 1, "initialScore": 1527.263358516488, "initialConfidence": 37.41237536326068, "updatedScore": 1532.296105987943, "updatedConfidence": 37.06305705283719, "teamId": 99999}]}