{"id": 30608329, "competitionId": 30067, "createTime": {"seconds": 1636774749}, "endTime": {"seconds": 1636774749}, "agents": [{"id": 76311256, "state": 2, "submissionId": 23281649, "reward": 250027, "index": 0, "initialScore": 1974.744939283436, "initialConfidence": 35.0, "updatedScore": 1976.3257955560896, "updatedConfidence": 35.0, "teamId": 99999}, {"id": 76311257, "state": 2, "submissionId": 23323058, "reward": 160017, "index": 1, "initialScore": 1752.913244853073, "initialConfidence": 35.0, "updatedScore": 1751.3323885804189, "updatedConfidence": 35.0, "teamId": 99999}]}