{"id": 28891899, "competitionId": 30067, "createTime": {"seconds": 1635062181}, "endTime": {"seconds": 1635062181}, "agents": [{"id": 72880398, "state": 2, "submissionId": 23302588, "reward": 90007, "index": 0, "initialScore": 1691.484722791354, "initialConfidence": 35.0, "updatedScore": 1687.9277287317295, "updatedConfidence": 35.0, "teamId": 99999}, {"id": 72880399, "state": 2, "submissionId": 23297953, "reward": 140014, "index": 1, "initialScore": 1751.238760861227, "initialConfidence": 35.0, "updatedScore": 1754.7957549208518, "updatedConfidence": 35.0, "teamId": 99999}]}