{"id": 31910410, "competitionId": 30067, "createTime": {"seconds": 1637789802}, "endTime": {"seconds": 1637789802}, "agents": [{"id": 78915418, "state": 2, "submissionId": 23825143, "reward": 800034, "index": 0, "initialScore": 1861.3046595708452, "initialConfidence": 35.0, "updatedScore": 1858.3344153536784, "updatedConfidence": 35.0, "teamId": 99999}, {"id": 78915419, "state": 2, "submissionId": 23297953, "reward": 1010020, "index": 1, "initialScore": 1962.4651593131312, "initialConfidence": 35.0, "updatedScore": 1965.435403530298, "updatedConfidence": 35.0, "teamId": 99999}]}