{"id": 32007229, "competitionId": 30067, "createTime": {"seconds": 1637857481}, "endTime": {"seconds": 1637857481}, "agents": [{"id": 79109056, "state": 2, "submissionId": 23825266, "reward": 60006, "index": 0, "initialScore": 1845.9685057405168, "initialConfidence": 35.0, "updatedScore": 1852.847180857441, "updatedConfidence": 35.0, "teamId": 99999}, {"id": 79109057, "state": 2, "submissionId": 23297953, "reward": 2, "index": 1, "initialScore": 1978.6923995377, "initialConfidence": 35.0, "updatedScore": 1971.8137244207765, "updatedConfidence": 35.0, "teamId": 99999}]}