{"id": 29822074, "competitionId": 30067, "createTime": {"seconds": 1636065406}, "endTime": {"seconds": 1636065406}, "agents": [{"id": 74738746, "state": 2, "submissionId": 23281649, "reward": 40005, "index": 0, "initialScore": 1921.4007134859228, "initialConfidence": 35.0, "updatedScore": 1923.4226508883037, "updatedConfidence": 35.0, "teamId": 99999}, {"id": 74738747, "state": 2, "submissionId": 23554491, "reward": 10001, "index": 1, "initialScore": 1742.8620111812618, "initialConfidence": 35.0, "updatedScore": 1740.840073778881, "updatedConfidence": 35.0, "teamId": 99999}]}