{"id": 31217125, "competitionId": 30067, "createTime": {"seconds": 1637273204}, "endTime": {"seconds": 1637273204}, "agents": [{"id": 77528848, "state": 2, "submissionId": 23642602, "reward": 30002, "index": 0, "initialScore": 1726.5127564879551, "initialConfidence": 35.0, "updatedScore": 1730.5429246587885, "updatedConfidence": 35.0, "teamId": 99999}, {"id": 77528849, "state": 2, "submissionId": 23825370, "reward": 0, "index": 1, "initialScore": 1697.8002366167009, "initialConfidence": 35.0, "updatedScore": 1693.7700684458678, "updatedConfidence": 35.0, "teamId": 99999}]}