{"id": 29569227, "competitionId": 30067, "createTime": {"seconds": 1635785129}, "endTime": {"seconds": 1635785129}, "agents": [{"id": 74233054, "state": 2, "submissionId": 23281649, "reward": 350016, "index": 0, "initialScore": 1907.048806691936, "initialConfidence": 35.0, "updatedScore": 1908.7821329179365, "updatedConfidence": 35.0, "teamId": 99999}, {"id": 74233055, "state": 2, "submissionId": 23308353, "reward": 150015, "index": 1, "initialScore": 1700.9270858699622, "initialConfidence": 35.0, "updatedScore": 1699.1937596439616, "updatedConfidence": 35.0, "teamId": 99999}]}