{"id": 31528914, "competitionId": 30067, "createTime": {"seconds": 1637511722}, "endTime": {"seconds": 1637511722}, "agents": [{"id": 78152426, "state": 2, "submissionId": 23825370, "reward": 1230123, "index": 0, "initialScore": 1782.542638928296, "initialConfidence": 35.0, "updatedScore": 1786.3772636129952, "updatedConfidence": 35.0, "teamId": 99999}, {"id": 78152427, "state": 2, "submissionId": 23790168, "reward": 580046, "index": 1, "initialScore": 1741.218696140569, "initialConfidence": 35.0, "updatedScore": 1737.3840714558696, "updatedConfidence": 35.0, "teamId": 99999}]}