{"id": 29802300, "competitionId": 30067, "createTime": {"seconds": 1636046306}, "endTime": {"seconds": 1636046306}, "agents": [{"id": 74699198, "state": 2, "submissionId": 23323058, "reward": 30004, "index": 0, "initialScore": 1722.6773020723065, "initialConfidence": 35.0, "updatedScore": 1721.087368937385, "updatedConfidence": 35.0, "teamId": 99999}, {"id": 74699199, "state": 2, "submissionId": 23297953, "reward": 440008, "index": 1, "initialScore": 1943.548114824423, "initialConfidence": 35.0, "updatedScore": 1945.1380479593445, "updatedConfidence": 35.0, "teamId": 99999}]}