{"id": 31502811, "competitionId": 30067, "createTime": {"seconds": 1637492251}, "endTime": {"seconds": 1637492251}, "agents": [{"id": 78100220, "state": 2, "submissionId": 23281649, "reward": 320005, "index": 0, "initialScore": 1964.1236018437503, "initialConfidence": 35.0, "updatedScore": 1966.6204797906887, "updatedConfidence": 35.0, "teamId": 99999}, {"id": 78100221, "state": 2, "submissionId": 23770016, "reward": 10001, "index": 1, "initialScore": 1826.3735266000344, "initialConfidence": 35.0, "updatedScore": 1823.876648653096, "updatedConfidence": 35.0, "teamId": 99999}]}