{"id": 30980545, "competitionId": 30067, "createTime": {"seconds": 1637084590}, "endTime": {"seconds": 1637084590}, "agents": [{"id": 77055688, "state": 2, "submissionId": 23430038, "reward": 20003, "index": 0, "initialScore": 1546.9510199318863, "initialConfidence": 35.0, "updatedScore": 1543.2532805599571, "updatedConfidence": 35.0, "teamId": 99999}, {"id": 77055689, "state": 2, "submissionId": 23825329, "reward": 1330129, "index": 1, "initialScore": 1594.2959978518682, "initialConfidence": 51.646240855846784, "updatedScore": 1602.3475135002311, "updatedConfidence": 50.81117642454238, "teamId": 99999}]}