{"id": 29301892, "competitionId": 30067, "createTime": {"seconds": 1635510020}, "endTime": {"seconds": 1635510020}, "agents": [{"id": 73698384, "state": 2, "submissionId": 23297953, "reward": 380029, "index": 0, "initialScore": 1868.2767003797612, "initialConfidence": 35.0, "updatedScore": 1870.5341395554692, "updatedConfidence": 35.0, "teamId": 99999}, {"id": 73698385, "state": 2, "submissionId": 23323058, "reward": 220022, "index": 1, "initialScore": 1710.5724259739604, "initialConfidence": 35.0, "updatedScore": 1708.3149867982524, "updatedConfidence": 35.0, "teamId": 99999}]}