{"id": 30992309, "competitionId": 30067, "createTime": {"seconds": 1637094227}, "endTime": {"seconds": 1637094227}, "agents": [{"id": 77079216, "state": 2, "submissionId": 23769678, "reward": 50002, "index": 0, "initialScore": 1704.3563625020602, "initialConfidence": 35.0, "updatedScore": 1701.4736703598978, "updatedConfidence": 35.0, "teamId": 99999}, {"id": 77079217, "state": 2, "submissionId": 23692494, "reward": 540008, "index": 1, "initialScore": 1812.0384777735185, "initialConfidence": 35.0, "updatedScore": 1814.9211699156808, "updatedConfidence": 35.0, "teamId": 99999}]}