{"id": 31816488, "competitionId": 30067, "createTime": {"seconds": 1637723500}, "endTime": {"seconds": 1637723500}, "agents": [{"id": 78727574, "state": 2, "submissionId": 23297953, "reward": 670037, "index": 0, "initialScore": 1992.5538291835492, "initialConfidence": 35.0, "updatedScore": 1994.7840720277936, "updatedConfidence": 35.0, "teamId": 99999}, {"id": 78727575, "state": 2, "submissionId": 23825266, "reward": 490018, "index": 1, "initialScore": 1832.50931207325, "initialConfidence": 35.0, "updatedScore": 1830.2790692290057, "updatedConfidence": 35.0, "teamId": 99999}]}