{"id": 30975479, "competitionId": 30067, "createTime": {"seconds": 1637080256}, "endTime": {"seconds": 1637080256}, "agents": [{"id": 77045556, "state": 2, "submissionId": 23192349, "reward": 80008, "index": 0, "initialScore": 1287.7801718128032, "initialConfidence": 35.0, "updatedScore": 1283.1713442995342, "updatedConfidence": 35.0, "teamId": 99999}, {"id": 77045557, "state": 2, "submissionId": 23825266, "reward": 510049, "index": 1, "initialScore": 1266.0411763823186, "initialConfidence": 77.79290850246994, "updatedScore": 1288.809674509921, "updatedConfidence": 74.77398462593722, "teamId": 99999}]}