{"id": 30427650, "competitionId": 30067, "createTime": {"seconds": 1636618884}, "endTime": {"seconds": 1636618884}, "agents": [{"id": 75949898, "state": 2, "submissionId": 23692494, "reward": 440003, "index": 0, "initialScore": 1410.6796279663902, "initialConfidence": 46.80131563424962, "updatedScore": 1419.4095884957574, "updatedConfidence": 46.09443457420553, "teamId": 99999}, {"id": 75949899, "state": 2, "submissionId": 23500953, "reward": 0, "index": 1, "initialScore": 1437.188689503646, "initialConfidence": 35.0, "updatedScore": 1432.3063019998135, "updatedConfidence": 35.0, "teamId": 99999}]}