{"id": 31109364, "competitionId": 30067, "createTime": {"seconds": 1637188017}, "endTime": {"seconds": 1637188017}, "agents": [{"id": 77313326, "state": 2, "submissionId": 23825370, "reward": 440044, "index": 0, "initialScore": 1639.4820808152606, "initialConfidence": 36.04036947367548, "updatedScore": 1644.094155053369, "updatedConfidence": 35.72938410828581, "teamId": 99999}, {"id": 77313327, "state": 2, "submissionId": 23679827, "reward": 0, "index": 1, "initialScore": 1630.998815531302, "initialConfidence": 35.0, "updatedScore": 1626.6491695722048, "updatedConfidence": 35.0, "teamId": 99999}]}