{"id": 31789295, "competitionId": 30067, "createTime": {"seconds": 1637704061}, "endTime": {"seconds": 1637704061}, "agents": [{"id": 78673188, "state": 2, "submissionId": 23770016, "reward": 290028, "index": 0, "initialScore": 1838.4905680681425, "initialConfidence": 35.0, "updatedScore": 1835.9773426474917, "updatedConfidence": 35.0, "teamId": 99999}, {"id": 78673189, "state": 2, "submissionId": 23692494, "reward": 520022, "index": 1, "initialScore": 1974.9177586744568, "initialConfidence": 35.0, "updatedScore": 1977.430984095108, "updatedConfidence": 35.0, "teamId": 99999}]}