{"id": 31302209, "competitionId": 30067, "createTime": {"seconds": 1637339231}, "endTime": {"seconds": 1637339231}, "agents": [{"id": 77699016, "state": 2, "submissionId": 23642611, "reward": 1300101, "index": 0, "initialScore": 1760.2683692862893, "initialConfidence": 35.0, "updatedScore": 1765.379637588402, "updatedConfidence": 35.0, "teamId": 99999}, {"id": 77699017, "state": 2, "submissionId": 23825329, "reward": 55, "index": 1, "initialScore": 1796.9296197932515, "initialConfidence": 35.0, "updatedScore": 1791.8183514911386, "updatedConfidence": 35.0, "teamId": 99999}]}