{"id": 31389709, "competitionId": 30067, "createTime": {"seconds": 1637406652}, "endTime": {"seconds": 1637406652}, "agents": [{"id": 77874016, "state": 2, "submissionId": 23500158, "reward": 470045, "index": 0, "initialScore": 1658.5275025763506, "initialConfidence": 35.0, "updatedScore": 1655.5305963450987, "updatedConfidence": 35.0, "teamId": 99999}, {"id": 77874017, "state": 2, "submissionId": 23825266, "reward": 1730034, "index": 1, "initialScore": 1757.7217679312146, "initialConfidence": 35.0, "updatedScore": 1760.7186741624664, "updatedConfidence": 35.0, "teamId": 99999}]}