{"id": 31938264, "competitionId": 30067, "createTime": {"seconds": 1637809249}, "endTime": {"seconds": 1637809249}, "agents": [{"id": 78971126, "state": 2, "submissionId": 23825224, "reward": 1810180, "index": 0, "initialScore": 1874.1722777153248, "initialConfidence": 35.0, "updatedScore": 1871.409709135925, "updatedConfidence": 35.0, "teamId": 99999}, {"id": 78971127, "state": 2, "submissionId": 23281649, "reward": 2010055, "index": 1, "initialScore": 1990.9727650370253, "initialConfidence": 35.0, "updatedScore": 1993.7353336164256, "updatedConfidence": 35.0, "teamId": 99999}]}