{"id": 31254332, "competitionId": 30067, "createTime": {"seconds": 1637302240}, "endTime": {"seconds": 1637302240}, "agents": [{"id": 77603262, "state": 2, "submissionId": 23674317, "reward": 640040, "index": 0, "initialScore": 1791.677901809555, "initialConfidence": 35.0, "updatedScore": 1789.455968603227, "updatedConfidence": 35.0, "teamId": 99999}, {"id": 77603263, "state": 2, "submissionId": 23281649, "reward": 1120045, "index": 1, "initialScore": 1952.4406939620967, "initialConfidence": 35.0, "updatedScore": 1954.662627168425, "updatedConfidence": 35.0, "teamId": 99999}]}