{"id": 29606914, "competitionId": 30067, "createTime": {"seconds": 1635836653}, "endTime": {"seconds": 1635836653}, "agents": [{"id": 74308426, "state": 2, "submissionId": 23323058, "reward": 510051, "index": 0, "initialScore": 1710.4716490146325, "initialConfidence": 35.0, "updatedScore": 1708.7827360260092, "updatedConfidence": 35.0, "teamId": 99999}, {"id": 74308427, "state": 2, "submissionId": 23297953, "reward": 1540049, "index": 1, "initialScore": 1921.078510582572, "initialConfidence": 35.0, "updatedScore": 1922.7674235711956, "updatedConfidence": 35.0, "teamId": 99999}]}