{"id": 31178707, "competitionId": 30067, "createTime": {"seconds": 1637242938}, "endTime": {"seconds": 1637242938}, "agents": [{"id": 77452012, "state": 2, "submissionId": 23825370, "reward": 440021, "index": 0, "initialScore": 1665.9641305870243, "initialConfidence": 35.0, "updatedScore": 1670.9202721226152, "updatedConfidence": 35.0, "teamId": 99999}, {"id": 77452013, "state": 2, "submissionId": 23790168, "reward": 0, "index": 1, "initialScore": 1693.6292979761663, "initialConfidence": 35.0, "updatedScore": 1688.6731564405757, "updatedConfidence": 35.0, "teamId": 99999}]}