{"id": 30980248, "competitionId": 30067, "createTime": {"seconds": 1637084348}, "endTime": {"seconds": 1637084348}, "agents": [{"id": 77055094, "state": 2, "submissionId": 23825266, "reward": 580057, "index": 0, "initialScore": 1472.3481915797786, "initialConfidence": 52.27790970785005, "updatedScore": 1478.6625231061234, "updatedConfidence": 51.52071637079077, "teamId": 99999}, {"id": 77055095, "state": 2, "submissionId": 23016288, "reward": 20005, "index": 1, "initialScore": 1362.372717430578, "initialConfidence": 35.0, "updatedScore": 1359.5424528245694, "updatedConfidence": 35.0, "teamId": 99999}]}