{"id": 31026528, "competitionId": 30067, "createTime": {"seconds": 1637121921}, "endTime": {"seconds": 1637121921}, "agents": [{"id": 77147654, "state": 2, "submissionId": 23642575, "reward": 960029, "index": 0, "initialScore": 1784.860099183691, "initialConfidence": 35.0, "updatedScore": 1783.530952912696, "updatedConfidence": 35.0, "teamId": 99999}, {"id": 77147655, "state": 2, "submissionId": 23297953, "reward": 1540045, "index": 1, "initialScore": 2060.0812207778304, "initialConfidence": 35.0, "updatedScore": 2061.4103670488257, "updatedConfidence": 35.0, "teamId": 99999}]}