{"id": 28817799, "competitionId": 30067, "createTime": {"seconds": 1634977701}, "endTime": {"seconds": 1634977701}, "agents": [{"id": 72732198, "state": 2, "submissionId": 23010508, "reward": 210022, "index": 0, "initialScore": 1646.6067507970497, "initialConfidence": 35.0, "updatedScore": 1643.3307372743427, "updatedConfidence": 35.0, "teamId": 99999}, {"id": 72732199, "state": 2, "submissionId": 23297953, "reward": 730018, "index": 1, "initialScore": 1725.7286203580454, "initialConfidence": 35.0, "updatedScore": 1729.0046338807522, "updatedConfidence": 35.0, "teamId": 99999}]}