{"id": 28761135, "competitionId": 30067, "createTime": {"seconds": 1634912389}, "endTime": {"seconds": 1634912389}, "agents": [{"id": 72618870, "state": 2, "submissionId": 23159502, "reward": 70008, "index": 0, "initialScore": 1630.4510547554637, "initialConfidence": 35.0, "updatedScore": 1626.9034232216184, "updatedConfidence": 35.0, "teamId": 99999}, {"id": 72618871, "state": 2, "submissionId": 23297953, "reward": 1090028, "index": 1, "initialScore": 1690.838256672383, "initialConfidence": 35.0, "updatedScore": 1694.3858882062282, "updatedConfidence": 35.0, "teamId": 99999}]}