{"id": 30853773, "competitionId": 30067, "createTime": {"seconds": 1636980514}, "endTime": {"seconds": 1636980514}, "agents": [{"id": 76802144, "state": 2, "submissionId": 23552447, "reward": 20001, "index": 0, "initialScore": 1725.120127577885, "initialConfidence": 35.0, "updatedScore": 1720.7055414065214, "updatedConfidence": 35.0, "teamId": 99999}, {"id": 76802145, "state": 2, "submissionId": 23692494, "reward": 280015, "index": 1, "initialScore": 1729.8146516056638, "initialConfidence": 35.0, "updatedScore": 1734.2292377770273, "updatedConfidence": 35.0, "teamId": 99999}]}