{"id": 30808524, "competitionId": 30067, "createTime": {"seconds": 1636943046}, "endTime": {"seconds": 1636943046}, "agents": [{"id": 76711646, "state": 2, "submissionId": 23692494, "reward": 610028, "index": 0, "initialScore": 1701.6627630220676, "initialConfidence": 35.0, "updatedScore": 1706.3075323198425, "updatedConfidence": 35.0, "teamId": 99999}, {"id": 76711647, "state": 2, "submissionId": 23674338, "reward": 40005, "index": 1, "initialScore": 1710.9152290217746, "initialConfidence": 35.0, "updatedScore": 1706.2704597239997, "updatedConfidence": 35.0, "teamId": 99999}]}