{"id": 30993328, "competitionId": 30067, "createTime": {"seconds": 1637095182}, "endTime": {"seconds": 1637095182}, "agents": [{"id": 77081254, "state": 2, "submissionId": 23825370, "reward": 1190100, "index": 0, "initialScore": 1571.0633559642094, "initialConfidence": 41.90327866746939, "updatedScore": 1576.9055003096864, "updatedConfidence": 41.43837073837638, "teamId": 99999}, {"id": 77081255, "state": 2, "submissionId": 23827251, "reward": 520051, "index": 1, "initialScore": 1548.8880639044328, "initialConfidence": 46.558656969066135, "updatedScore": 1541.675707804174, "updatedConfidence": 45.92010419283794, "teamId": 99999}]}