{"id": 32035289, "competitionId": 30067, "createTime": {"seconds": 1637877414}, "endTime": {"seconds": 1637877414}, "agents": [{"id": 79165176, "state": 2, "submissionId": 23825329, "reward": 640062, "index": 0, "initialScore": 1838.715756952109, "initialConfidence": 35.0, "updatedScore": 1842.644985472255, "updatedConfidence": 35.0, "teamId": 99999}, {"id": 79165177, "state": 2, "submissionId": 23032370, "reward": 2, "index": 1, "initialScore": 1803.5290042900156, "initialConfidence": 35.0, "updatedScore": 1799.5997757698694, "updatedConfidence": 35.0, "teamId": 99999}]}