{"id": 31389676, "competitionId": 30067, "createTime": {"seconds": 1637406651}, "endTime": {"seconds": 1637406651}, "agents": [{"id": 77873950, "state": 2, "submissionId": 23770123, "reward": 1, "index": 0, "initialScore": 1804.877579272904, "initialConfidence": 35.0, "updatedScore": 1802.1084204510423, "updatedConfidence": 35.0, "teamId": 99999}, {"id": 77873951, "state": 2, "submissionId": 23692494, "reward": 840023, "index": 1, "initialScore": 1921.1724646783773, "initialConfidence": 35.0, "updatedScore": 1923.9416235002388, "updatedConfidence": 35.0, "teamId": 99999}]}