{"id": 31643017, "competitionId": 30067, "createTime": {"seconds": 1637595786}, "endTime": {"seconds": 1637595786}, "agents": [{"id": 78380632, "state": 2, "submissionId": 23674333, "reward": 310034, "index": 0, "initialScore": 1759.440301145949, "initialConfidence": 35.0, "updatedScore": 1755.401265995409, "updatedConfidence": 35.0, "teamId": 99999}, {"id": 78380633, "state": 2, "submissionId": 23825370, "reward": 1050101, "index": 1, "initialScore": 1787.5876258658864, "initialConfidence": 35.0, "updatedScore": 1791.6266610164264, "updatedConfidence": 35.0, "teamId": 99999}]}