{"id": 31541941, "competitionId": 30067, "createTime": {"seconds": 1637521325}, "endTime": {"seconds": 1637521325}, "agents": [{"id": 78178480, "state": 2, "submissionId": 23552447, "reward": 410041, "index": 0, "initialScore": 1681.3340712518218, "initialConfidence": 35.0, "updatedScore": 1678.9958563465086, "updatedConfidence": 35.0, "teamId": 99999}, {"id": 78178481, "state": 2, "submissionId": 23825329, "reward": 810081, "index": 1, "initialScore": 1832.180104156126, "initialConfidence": 35.0, "updatedScore": 1834.5183190614391, "updatedConfidence": 35.0, "teamId": 99999}]}