{"id": 31489899, "competitionId": 30067, "createTime": {"seconds": 1637482419}, "endTime": {"seconds": 1637482419}, "agents": [{"id": 78074396, "state": 2, "submissionId": 23281649, "reward": 180013, "index": 0, "initialScore": 1961.5252943250052, "initialConfidence": 35.0, "updatedScore": 1964.1236018437503, "updatedConfidence": 35.0, "teamId": 99999}, {"id": 78074397, "state": 2, "submissionId": 23770016, "reward": 0, "index": 1, "initialScore": 1831.9085749890112, "initialConfidence": 35.0, "updatedScore": 1829.310267470266, "updatedConfidence": 35.0, "teamId": 99999}]}