{"id": 31163075, "competitionId": 30067, "createTime": {"seconds": 1637230675}, "endTime": {"seconds": 1637230675}, "agents": [{"id": 77420748, "state": 2, "submissionId": 23680001, "reward": 0, "index": 0, "initialScore": 1647.23576877472, "initialConfidence": 35.0, "updatedScore": 1643.8485963342043, "updatedConfidence": 35.0, "teamId": 99999}, {"id": 77420749, "state": 2, "submissionId": 23825143, "reward": 330013, "index": 1, "initialScore": 1718.6023074791285, "initialConfidence": 35.0, "updatedScore": 1721.9894799196438, "updatedConfidence": 35.0, "teamId": 99999}]}