{"id": 29447153, "competitionId": 30067, "createTime": {"seconds": 1635661610}, "endTime": {"seconds": 1635661610}, "agents": [{"id": 73988906, "state": 2, "submissionId": 23281649, "reward": 210018, "index": 0, "initialScore": 1891.9878300482303, "initialConfidence": 35.0, "updatedScore": 1883.9350517236087, "updatedConfidence": 35.0, "teamId": 99999}, {"id": 73988907, "state": 2, "submissionId": 23430612, "reward": 350035, "index": 1, "initialScore": 1700.206780903463, "initialConfidence": 35.0, "updatedScore": 1708.2595592280843, "updatedConfidence": 35.0, "teamId": 99999}]}