{"id": 31193312, "competitionId": 30067, "createTime": {"seconds": 1637254721}, "endTime": {"seconds": 1637254721}, "agents": [{"id": 77481222, "state": 2, "submissionId": 23825329, "reward": 10002, "index": 0, "initialScore": 1810.4853698805816, "initialConfidence": 35.0, "updatedScore": 1804.300200705325, "updatedConfidence": 35.0, "teamId": 99999}, {"id": 77481223, "state": 2, "submissionId": 23674349, "reward": 210012, "index": 1, "initialScore": 1714.2300520423548, "initialConfidence": 35.0, "updatedScore": 1720.4152212176114, "updatedConfidence": 35.0, "teamId": 99999}]}