{"id": 28480469, "competitionId": 30067, "createTime": {"seconds": 1634573790}, "endTime": {"seconds": 1634573790}, "agents": [{"id": 72057538, "state": 2, "submissionId": 23297953, "reward": 1150041, "index": 0, "initialScore": 974.9553169203124, "initialConfidence": 107.144649574327, "updatedScore": 1019.3124090382992, "updatedConfidence": 99.66349795072166, "teamId": 99999}, {"id": 72057539, "state": 2, "submissionId": 23282165, "reward": 1, "index": 1, "initialScore": 1022.4127334137688, "initialConfidence": 35.71320795228143, "updatedScore": 1017.4846299697824, "updatedConfidence": 35.44483074624122, "teamId": 99999}]}