{"id": 31515550, "competitionId": 30067, "createTime": {"seconds": 1637501617}, "endTime": {"seconds": 1637501617}, "agents": [{"id": 78125698, "state": 2, "submissionId": 23769678, "reward": 730052, "index": 0, "initialScore": 1828.846816641233, "initialConfidence": 35.0, "updatedScore": 1826.3502296500897, "updatedConfidence": 35.0, "teamId": 99999}, {"id": 78125699, "state": 2, "submissionId": 23281649, "reward": 2100085, "index": 1, "initialScore": 1966.6204797906887, "initialConfidence": 35.0, "updatedScore": 1969.1170667818328, "updatedConfidence": 35.0, "teamId": 99999}]}