{"id": 28657503, "competitionId": 30067, "createTime": {"seconds": 1634790025}, "endTime": {"seconds": 1634790025}, "agents": [{"id": 72411606, "state": 2, "submissionId": 23281649, "reward": 1550077, "index": 0, "initialScore": 1707.2968517767133, "initialConfidence": 35.0, "updatedScore": 1711.3659653640275, "updatedConfidence": 35.0, "teamId": 99999}, {"id": 72411607, "state": 2, "submissionId": 23128925, "reward": 650065, "index": 1, "initialScore": 1681.062621222821, "initialConfidence": 35.0, "updatedScore": 1676.9935076355068, "updatedConfidence": 35.0, "teamId": 99999}]}