{"id": 31951533, "competitionId": 30067, "createTime": {"seconds": 1637818602}, "endTime": {"seconds": 1637818602}, "agents": [{"id": 78997664, "state": 2, "submissionId": 23825329, "reward": 1070101, "index": 0, "initialScore": 1830.2652397404136, "initialConfidence": 35.0, "updatedScore": 1833.446053394085, "updatedConfidence": 35.0, "teamId": 99999}, {"id": 78997665, "state": 2, "submissionId": 23642618, "reward": 30003, "index": 1, "initialScore": 1744.3972874482513, "initialConfidence": 35.0, "updatedScore": 1741.2164737945798, "updatedConfidence": 35.0, "teamId": 99999}]}