{"id": 31132794, "competitionId": 30067, "createTime": {"seconds": 1637206674}, "endTime": {"seconds": 1637206674}, "agents": [{"id": 77360186, "state": 2, "submissionId": 23825329, "reward": 330022, "index": 0, "initialScore": 1793.127203917723, "initialConfidence": 35.0, "updatedScore": 1789.6125490393542, "updatedConfidence": 35.0, "teamId": 99999}, {"id": 77360187, "state": 2, "submissionId": 23692494, "reward": 730024, "index": 1, "initialScore": 1855.7509342842989, "initialConfidence": 35.0, "updatedScore": 1859.2655891626675, "updatedConfidence": 35.0, "teamId": 99999}]}