{"id": 30309683, "competitionId": 30067, "createTime": {"seconds": 1636514759}, "endTime": {"seconds": 1636514759}, "agents": [{"id": 75713964, "state": 2, "submissionId": 23297953, "reward": 200011, "index": 0, "initialScore": 1991.9660191971395, "initialConfidence": 35.0, "updatedScore": 1993.4993578325889, "updatedConfidence": 35.0, "teamId": 99999}, {"id": 75713965, "state": 2, "submissionId": 23554433, "reward": 60006, "index": 1, "initialScore": 1765.0469091487269, "initialConfidence": 35.0, "updatedScore": 1763.5135705132775, "updatedConfidence": 35.0, "teamId": 99999}]}