{"id": 30104760, "competitionId": 30067, "createTime": {"seconds": 1636329938}, "endTime": {"seconds": 1636329938}, "agents": [{"id": 75304118, "state": 2, "submissionId": 23572018, "reward": 40007, "index": 0, "initialScore": 1727.5521914964363, "initialConfidence": 35.0, "updatedScore": 1725.947742631708, "updatedConfidence": 35.0, "teamId": 99999}, {"id": 75304119, "state": 2, "submissionId": 23281649, "reward": 270016, "index": 1, "initialScore": 1946.8934401838635, "initialConfidence": 35.0, "updatedScore": 1948.497889048592, "updatedConfidence": 35.0, "teamId": 99999}]}