{"id": 31236392, "competitionId": 30067, "createTime": {"seconds": 1637288319}, "endTime": {"seconds": 1637288319}, "agents": [{"id": 77567382, "state": 2, "submissionId": 23811859, "reward": 1, "index": 0, "initialScore": 1615.705702040492, "initialConfidence": 35.0, "updatedScore": 1612.601012382596, "updatedConfidence": 35.0, "teamId": 99999}, {"id": 77567383, "state": 2, "submissionId": 23825266, "reward": 760076, "index": 1, "initialScore": 1707.041085589477, "initialConfidence": 35.0, "updatedScore": 1710.1457752473732, "updatedConfidence": 35.0, "teamId": 99999}]}