{"id": 28439950, "competitionId": 30067, "createTime": {"seconds": 1634523122}, "endTime": {"seconds": 1634523122}, "agents": [{"id": 71976500, "state": 2, "submissionId": 23194180, "reward": 80006, "index": 0, "initialScore": 1491.3737194045038, "initialConfidence": 35.0, "updatedScore": 1487.6321595265413, "updatedConfidence": 35.0, "teamId": 99999}, {"id": 71976501, "state": 2, "submissionId": 23281649, "reward": 280019, "index": 1, "initialScore": 1538.2933941174742, "initialConfidence": 38.30789814241755, "updatedScore": 1542.7756150464052, "updatedConfidence": 37.95989692249904, "teamId": 99999}]}