{"id": 29113920, "competitionId": 30067, "createTime": {"seconds": 1635308548}, "endTime": {"seconds": 1635308548}, "agents": [{"id": 73324440, "state": 2, "submissionId": 23281649, "reward": 360014, "index": 0, "initialScore": 1831.7716869830303, "initialConfidence": 35.0, "updatedScore": 1834.5312163666736, "updatedConfidence": 35.0, "teamId": 99999}, {"id": 73324441, "state": 2, "submissionId": 23323058, "reward": 90009, "index": 1, "initialScore": 1714.7378181929118, "initialConfidence": 35.0, "updatedScore": 1711.9782888092686, "updatedConfidence": 35.0, "teamId": 99999}]}