{"id": 30426546, "competitionId": 30067, "createTime": {"seconds": 1636617924}, "endTime": {"seconds": 1636617924}, "agents": [{"id": 75947690, "state": 2, "submissionId": 23692494, "reward": 2360045, "index": 0, "initialScore": 1389.8141122934474, "initialConfidence": 48.400813294896565, "updatedScore": 1399.5695289350767, "updatedConfidence": 47.60650972402977, "teamId": 99999}, {"id": 75947691, "state": 2, "submissionId": 23426872, "reward": 30003, "index": 1, "initialScore": 1429.797518344273, "initialConfidence": 35.0, "updatedScore": 1424.6962685249289, "updatedConfidence": 35.0, "teamId": 99999}]}