{"id": 31644220, "competitionId": 30067, "createTime": {"seconds": 1637596742}, "endTime": {"seconds": 1637596742}, "agents": [{"id": 78383038, "state": 2, "submissionId": 23281649, "reward": 1080041, "index": 0, "initialScore": 1954.67492316404, "initialConfidence": 35.0, "updatedScore": 1957.2751941662127, "updatedConfidence": 35.0, "teamId": 99999}, {"id": 78383039, "state": 2, "submissionId": 23825266, "reward": 520022, "index": 1, "initialScore": 1825.2139320230413, "initialConfidence": 35.0, "updatedScore": 1822.613661020868, "updatedConfidence": 35.0, "teamId": 99999}]}