{"id": 30977267, "competitionId": 30067, "createTime": {"seconds": 1637081694}, "endTime": {"seconds": 1637081694}, "agents": [{"id": 77049132, "state": 2, "submissionId": 23511008, "reward": 220028, "index": 0, "initialScore": 1438.4141439677967, "initialConfidence": 35.0, "updatedScore": 1434.7628684743677, "updatedConfidence": 35.0, "teamId": 99999}, {"id": 77049133, "state": 2, "submissionId": 23825329, "reward": 2780275, "index": 1, "initialScore": 1486.1456145443526, "initialConfidence": 63.43935982899563, "updatedScore": 1498.1413283898485, "updatedConfidence": 61.92689926644506, "teamId": 99999}]}