{"id": 28484196, "competitionId": 30067, "createTime": {"seconds": 1634578352}, "endTime": {"seconds": 1634578352}, "agents": [{"id": 72064992, "state": 2, "submissionId": 23291559, "reward": 1, "index": 0, "initialScore": 1263.020384230853, "initialConfidence": 40.03077869961585, "updatedScore": 1259.0257532046028, "updatedConfidence": 39.68074302097379, "teamId": 99999}, {"id": 72064993, "state": 2, "submissionId": 23297953, "reward": 320015, "index": 1, "initialScore": 1355.364844247681, "initialConfidence": 53.09631187212268, "updatedScore": 1362.3926104542124, "updatedConfidence": 52.27674365311525, "teamId": 99999}]}