{"id": 30975182, "competitionId": 30067, "createTime": {"seconds": 1637080014}, "endTime": {"seconds": 1637080014}, "agents": [{"id": 77044962, "state": 2, "submissionId": 23758810, "reward": 1, "index": 0, "initialScore": 1237.3655617468364, "initialConfidence": 35.0, "updatedScore": 1233.2007593966437, "updatedConfidence": 35.0, "teamId": 99999}, {"id": 77044963, "state": 2, "submissionId": 23825266, "reward": 1800169, "index": 1, "initialScore": 1243.713021561324, "initialConfidence": 81.03959535573163, "updatedScore": 1266.0411763823186, "updatedConfidence": 77.79290850246994, "teamId": 99999}]}