{"id": 30372966, "competitionId": 30067, "createTime": {"seconds": 1636570890}, "endTime": {"seconds": 1636570890}, "agents": [{"id": 75840530, "state": 2, "submissionId": 23554491, "reward": 0, "index": 0, "initialScore": 1782.9810757119576, "initialConfidence": 35.0, "updatedScore": 1781.3626138274765, "updatedConfidence": 35.0, "teamId": 99999}, {"id": 75840531, "state": 2, "submissionId": 23297953, "reward": 140016, "index": 1, "initialScore": 2000.8538764518376, "initialConfidence": 35.0, "updatedScore": 2002.472338336319, "updatedConfidence": 35.0, "teamId": 99999}]}