{"id": 32105438, "competitionId": 30067, "createTime": {"seconds": 1637926451}, "endTime": {"seconds": 1637926451}, "agents": [{"id": 79305474, "state": 2, "submissionId": 23909489, "reward": 90009, "index": 0, "initialScore": 1736.178885963818, "initialConfidence": 35.0, "updatedScore": 1733.461619289668, "updatedConfidence": 35.0, "teamId": 99999}, {"id": 79305475, "state": 2, "submissionId": 23825329, "reward": 290019, "index": 1, "initialScore": 1856.4723686563573, "initialConfidence": 35.0, "updatedScore": 1859.1896353305076, "updatedConfidence": 35.0, "teamId": 99999}]}