{"id": 31567300, "competitionId": 30067, "createTime": {"seconds": 1637540047}, "endTime": {"seconds": 1637540047}, "agents": [{"id": 78229198, "state": 2, "submissionId": 23825370, "reward": 390014, "index": 0, "initialScore": 1781.0394465340653, "initialConfidence": 35.0, "updatedScore": 1775.7595865233757, "updatedConfidence": 35.0, "teamId": 99999}, {"id": 78229199, "state": 2, "submissionId": 23608696, "reward": 550055, "index": 1, "initialScore": 1734.7243544440385, "initialConfidence": 35.0, "updatedScore": 1740.004214454728, "updatedConfidence": 35.0, "teamId": 99999}]}