{"id": 31896892, "competitionId": 30067, "createTime": {"seconds": 1637780145}, "endTime": {"seconds": 1637780145}, "agents": [{"id": 78888382, "state": 2, "submissionId": 23825143, "reward": 810023, "index": 0, "initialScore": 1860.9602848725328, "initialConfidence": 35.0, "updatedScore": 1858.5122120676624, "updatedConfidence": 35.0, "teamId": 99999}, {"id": 78888383, "state": 2, "submissionId": 23281649, "reward": 1290051, "index": 1, "initialScore": 2002.688356527681, "initialConfidence": 35.0, "updatedScore": 2005.1364293325516, "updatedConfidence": 35.0, "teamId": 99999}]}