{"id": 31710153, "competitionId": 30067, "createTime": {"seconds": 1637646958}, "endTime": {"seconds": 1637646958}, "agents": [{"id": 78514904, "state": 2, "submissionId": 23825329, "reward": 690070, "index": 0, "initialScore": 1840.3815788480529, "initialConfidence": 35.0, "updatedScore": 1834.783025729327, "updatedConfidence": 35.0, "teamId": 99999}, {"id": 78514905, "state": 2, "submissionId": 23032370, "reward": 830056, "index": 1, "initialScore": 1776.1414434379408, "initialConfidence": 35.0, "updatedScore": 1781.7399965566667, "updatedConfidence": 35.0, "teamId": 99999}]}