{"id": 29062520, "competitionId": 30067, "createTime": {"seconds": 1635252198}, "endTime": {"seconds": 1635252198}, "agents": [{"id": 73221640, "state": 2, "submissionId": 23297953, "reward": 150012, "index": 0, "initialScore": 1813.7532063167885, "initialConfidence": 35.0, "updatedScore": 1816.5117277282625, "updatedConfidence": 35.0, "teamId": 99999}, {"id": 73221641, "state": 2, "submissionId": 23302588, "reward": 0, "index": 1, "initialScore": 1696.64190475438, "initialConfidence": 35.0, "updatedScore": 1693.8833833429062, "updatedConfidence": 35.0, "teamId": 99999}]}