{"id": 30980253, "competitionId": 30067, "createTime": {"seconds": 1637084348}, "endTime": {"seconds": 1637084348}, "agents": [{"id": 77055104, "state": 2, "submissionId": 23825143, "reward": 560047, "index": 0, "initialScore": 1573.5637879971282, "initialConfidence": 50.13646820581057, "updatedScore": 1580.3142054524048, "updatedConfidence": 49.41316146677376, "teamId": 99999}, {"id": 77055105, "state": 2, "submissionId": 23635399, "reward": 10002, "index": 1, "initialScore": 1497.4976604718986, "initialConfidence": 35.0, "updatedScore": 1494.2079381256128, "updatedConfidence": 35.0, "teamId": 99999}]}