{"id": 28641726, "competitionId": 30067, "createTime": {"seconds": 1634771070}, "endTime": {"seconds": 1634771070}, "agents": [{"id": 72380052, "state": 2, "submissionId": 23281649, "reward": 410021, "index": 0, "initialScore": 1700.3791475518117, "initialConfidence": 35.0, "updatedScore": 1703.2263949030196, "updatedConfidence": 35.0, "teamId": 99999}, {"id": 72380053, "state": 2, "submissionId": 23126536, "reward": 1, "index": 1, "initialScore": 1590.0275593158758, "initialConfidence": 35.0, "updatedScore": 1587.180311964668, "updatedConfidence": 35.0, "teamId": 99999}]}