{"id": 30429311, "competitionId": 30067, "createTime": {"seconds": 1636620324}, "endTime": {"seconds": 1636620324}, "agents": [{"id": 75953220, "state": 2, "submissionId": 23499991, "reward": 30003, "index": 0, "initialScore": 1396.9977235914637, "initialConfidence": 35.0, "updatedScore": 1393.731753189229, "updatedConfidence": 35.0, "teamId": 99999}, {"id": 75953221, "state": 2, "submissionId": 23692494, "reward": 1540037, "index": 1, "initialScore": 1476.0596055136434, "initialConfidence": 41.32560554122694, "updatedScore": 1480.6127832948075, "updatedConfidence": 40.91783316236612, "teamId": 99999}]}