{"id": 28411065, "competitionId": 30067, "createTime": {"seconds": 1634486851}, "endTime": {"seconds": 1634486851}, "agents": [{"id": 71918730, "state": 2, "submissionId": 22862980, "reward": 0, "index": 0, "initialScore": 1168.6770795919172, "initialConfidence": 35.0, "updatedScore": 1164.6749429173817, "updatedConfidence": 35.0, "teamId": 99999}, {"id": 71918731, "state": 2, "submissionId": 23281649, "reward": 10020, "index": 1, "initialScore": 1187.1220200249438, "initialConfidence": 78.77789594620587, "updatedScore": 1207.3971936322098, "updatedConfidence": 75.83547757045137, "teamId": 99999}]}