{"id": 31951438, "competitionId": 30067, "createTime": {"seconds": 1637818599}, "endTime": {"seconds": 1637818599}, "agents": [{"id": 78997474, "state": 2, "submissionId": 23825266, "reward": 810073, "index": 0, "initialScore": 1840.2406543961413, "initialConfidence": 35.0, "updatedScore": 1842.9029282575632, "updatedConfidence": 35.0, "teamId": 99999}, {"id": 78997475, "state": 2, "submissionId": 23642597, "reward": 690049, "index": 1, "initialScore": 1715.665007314156, "initialConfidence": 35.0, "updatedScore": 1713.0027334527344, "updatedConfidence": 35.0, "teamId": 99999}]}