{"id": 31266384, "competitionId": 30067, "createTime": {"seconds": 1637311598}, "endTime": {"seconds": 1637311598}, "agents": [{"id": 77627366, "state": 2, "submissionId": 23825329, "reward": 450025, "index": 0, "initialScore": 1787.8338040978708, "initialConfidence": 35.0, "updatedScore": 1795.3833147583866, "updatedConfidence": 35.0, "teamId": 99999}, {"id": 77627367, "state": 2, "submissionId": 23281649, "reward": 30005, "index": 1, "initialScore": 1954.662627168425, "initialConfidence": 35.0, "updatedScore": 1947.113116507909, "updatedConfidence": 35.0, "teamId": 99999}]}