{"id": 31546349, "competitionId": 30067, "createTime": {"seconds": 1637524681}, "endTime": {"seconds": 1637524681}, "agents": [{"id": 78187296, "state": 2, "submissionId": 23600585, "reward": 0, "index": 0, "initialScore": 1676.0170111592035, "initialConfidence": 35.0, "updatedScore": 1673.4768011725398, "updatedConfidence": 35.0, "teamId": 99999}, {"id": 78187297, "state": 2, "submissionId": 23825143, "reward": 890087, "index": 1, "initialScore": 1810.2707886759224, "initialConfidence": 35.0, "updatedScore": 1812.810998662586, "updatedConfidence": 35.0, "teamId": 99999}]}