{"id": 30944462, "competitionId": 30067, "createTime": {"seconds": 1637055027}, "endTime": {"seconds": 1637055027}, "agents": [{"id": 76983522, "state": 2, "submissionId": 23281649, "reward": 250021, "index": 0, "initialScore": 1957.9394010016329, "initialConfidence": 35.0, "updatedScore": 1960.1527117745015, "updatedConfidence": 35.0, "teamId": 99999}, {"id": 76983523, "state": 2, "submissionId": 23554433, "reward": 200036, "index": 1, "initialScore": 1796.4296773626752, "initialConfidence": 35.0, "updatedScore": 1794.2163665898065, "updatedConfidence": 35.0, "teamId": 99999}]}