{"id": 30973693, "competitionId": 30067, "createTime": {"seconds": 1637078814}, "endTime": {"seconds": 1637078814}, "agents": [{"id": 77041984, "state": 2, "submissionId": 22833838, "reward": 20005, "index": 0, "initialScore": 1051.1950717116783, "initialConfidence": 35.0, "updatedScore": 1047.554119864017, "updatedConfidence": 35.0, "teamId": 99999}, {"id": 77041985, "state": 2, "submissionId": 23825266, "reward": 3180314, "index": 1, "initialScore": 1083.862769981752, "initialConfidence": 107.25623482679252, "updatedScore": 1118.054725597904, "updatedConfidence": 100.5653709013268, "teamId": 99999}]}