{"id": 30206052, "competitionId": 30067, "createTime": {"seconds": 1636421969}, "endTime": {"seconds": 1636421969}, "agents": [{"id": 75506702, "state": 2, "submissionId": 23554491, "reward": 190020, "index": 0, "initialScore": 1786.2815155267854, "initialConfidence": 35.0, "updatedScore": 1784.3664732247612, "updatedConfidence": 35.0, "teamId": 99999}, {"id": 75506703, "state": 2, "submissionId": 23297953, "reward": 890036, "index": 1, "initialScore": 1974.7440782424017, "initialConfidence": 35.0, "updatedScore": 1976.659120544426, "updatedConfidence": 35.0, "teamId": 99999}]}