{"id": 31501837, "competitionId": 30067, "createTime": {"seconds": 1637491530}, "endTime": {"seconds": 1637491530}, "agents": [{"id": 78098272, "state": 2, "submissionId": 23642602, "reward": 830020, "index": 0, "initialScore": 1746.3372561624583, "initialConfidence": 35.0, "updatedScore": 1751.3932311285575, "updatedConfidence": 35.0, "teamId": 99999}, {"id": 78098273, "state": 2, "submissionId": 23825370, "reward": 780018, "index": 1, "initialScore": 1779.8047493569882, "initialConfidence": 35.0, "updatedScore": 1774.748774390889, "updatedConfidence": 35.0, "teamId": 99999}]}