{"id": 30967883, "competitionId": 30067, "createTime": {"seconds": 1637074018}, "endTime": {"seconds": 1637074018}, "agents": [{"id": 77030364, "state": 2, "submissionId": 23281649, "reward": 600032, "index": 0, "initialScore": 1962.315315025527, "initialConfidence": 35.0, "updatedScore": 1964.451665183465, "updatedConfidence": 35.0, "teamId": 99999}, {"id": 77030365, "state": 2, "submissionId": 23554433, "reward": 290032, "index": 1, "initialScore": 1794.063745480987, "initialConfidence": 35.0, "updatedScore": 1791.9273953230495, "updatedConfidence": 35.0, "teamId": 99999}]}