{"id": 30974214, "competitionId": 30067, "createTime": {"seconds": 1637079065}, "endTime": {"seconds": 1637079065}, "agents": [{"id": 77043026, "state": 2, "submissionId": 23825143, "reward": 2320222, "index": 0, "initialScore": 1293.1679285829923, "initialConfidence": 84.38754310690327, "updatedScore": 1316.4552865597666, "updatedConfidence": 80.80844335676859, "teamId": 99999}, {"id": 77043027, "state": 2, "submissionId": 23217034, "reward": 10000, "index": 1, "initialScore": 1277.2467075014374, "initialConfidence": 35.0, "updatedScore": 1273.2408119421948, "updatedConfidence": 35.0, "teamId": 99999}]}