{"id": 31290866, "competitionId": 30067, "createTime": {"seconds": 1637330557}, "endTime": {"seconds": 1637330557}, "agents": [{"id": 77676330, "state": 2, "submissionId": 23692494, "reward": 1280031, "index": 0, "initialScore": 1898.4544742080336, "initialConfidence": 35.0, "updatedScore": 1901.70294833112, "updatedConfidence": 35.0, "teamId": 99999}, {"id": 77676331, "state": 2, "submissionId": 23825224, "reward": 710031, "index": 1, "initialScore": 1817.39124871329, "initialConfidence": 35.0, "updatedScore": 1814.142774590204, "updatedConfidence": 35.0, "teamId": 99999}]}