{"id": 31964987, "competitionId": 30067, "createTime": {"seconds": 1637827961}, "endTime": {"seconds": 1637827961}, "agents": [{"id": 79024572, "state": 2, "submissionId": 23825143, "reward": 1, "index": 0, "initialScore": 1859.029747122732, "initialConfidence": 35.0, "updatedScore": 1856.5422288710135, "updatedConfidence": 35.0, "teamId": 99999}, {"id": 79024573, "state": 2, "submissionId": 23692494, "reward": 420007, "index": 1, "initialScore": 1997.539374212136, "initialConfidence": 35.0, "updatedScore": 2000.0268924638544, "updatedConfidence": 35.0, "teamId": 99999}]}