{"id": 31427682, "competitionId": 30067, "createTime": {"seconds": 1637435616}, "endTime": {"seconds": 1637435616}, "agents": [{"id": 77949962, "state": 2, "submissionId": 23825266, "reward": 440044, "index": 0, "initialScore": 1769.0084762385732, "initialConfidence": 35.0, "updatedScore": 1771.9180624022788, "updatedConfidence": 35.0, "teamId": 99999}, {"id": 77949963, "state": 2, "submissionId": 23499928, "reward": 40004, "index": 1, "initialScore": 1663.340449426731, "initialConfidence": 35.0, "updatedScore": 1660.4308632630257, "updatedConfidence": 35.0, "teamId": 99999}]}