{"id": 30341543, "competitionId": 30067, "createTime": {"seconds": 1636543107}, "endTime": {"seconds": 1636543107}, "agents": [{"id": 75777684, "state": 2, "submissionId": 23554491, "reward": 420020, "index": 0, "initialScore": 1767.2290375809032, "initialConfidence": 35.0, "updatedScore": 1765.4757953824053, "updatedConfidence": 35.0, "teamId": 99999}, {"id": 75777685, "state": 2, "submissionId": 23281649, "reward": 720040, "index": 1, "initialScore": 1971.3623123309128, "initialConfidence": 35.0, "updatedScore": 1973.1155545294107, "updatedConfidence": 35.0, "teamId": 99999}]}