{"id": 32133553, "competitionId": 30067, "createTime": {"seconds": 1637946131}, "endTime": {"seconds": 1637946131}, "agents": [{"id": 79361704, "state": 2, "submissionId": 23674333, "reward": 850048, "index": 0, "initialScore": 1767.3050992298583, "initialConfidence": 35.0, "updatedScore": 1773.4714044247246, "updatedConfidence": 35.0, "teamId": 99999}, {"id": 79361705, "state": 2, "submissionId": 23825266, "reward": 810081, "index": 1, "initialScore": 1862.5487842408609, "initialConfidence": 35.0, "updatedScore": 1856.3824790459944, "updatedConfidence": 35.0, "teamId": 99999}]}