{"id": 28429082, "competitionId": 30067, "createTime": {"seconds": 1634509450}, "endTime": {"seconds": 1634509450}, "agents": [{"id": 71954764, "state": 2, "submissionId": 23056892, "reward": 0, "index": 0, "initialScore": 1537.4232944073144, "initialConfidence": 35.0, "updatedScore": 1532.607364716284, "updatedConfidence": 35.0, "teamId": 99999}, {"id": 71954765, "state": 2, "submissionId": 23281649, "reward": 13, "index": 1, "initialScore": 1516.8795274914228, "initialConfidence": 39.63665679405321, "updatedScore": 1523.055965425908, "updatedConfidence": 39.20618692432049, "teamId": 99999}]}