{"id": 30619495, "competitionId": 30067, "createTime": {"seconds": 1636784346}, "endTime": {"seconds": 1636784346}, "agents": [{"id": 76333588, "state": 2, "submissionId": 23692494, "reward": 1070024, "index": 0, "initialScore": 1606.1037833677758, "initialConfidence": 35.0, "updatedScore": 1610.2035381702935, "updatedConfidence": 35.0, "teamId": 99999}, {"id": 76333589, "state": 2, "submissionId": 23055500, "reward": 40006, "index": 1, "initialScore": 1581.8119187061984, "initialConfidence": 35.0, "updatedScore": 1577.712163903681, "updatedConfidence": 35.0, "teamId": 99999}]}