{"id": 31477492, "competitionId": 30067, "createTime": {"seconds": 1637473290}, "endTime": {"seconds": 1637473290}, "agents": [{"id": 78049582, "state": 2, "submissionId": 23825329, "reward": 1300130, "index": 0, "initialScore": 1820.1878014829003, "initialConfidence": 35.0, "updatedScore": 1824.831636878504, "updatedConfidence": 35.0, "teamId": 99999}, {"id": 78049583, "state": 2, "submissionId": 23032370, "reward": 1150074, "index": 1, "initialScore": 1829.3842823702612, "initialConfidence": 35.0, "updatedScore": 1824.7404469746584, "updatedConfidence": 35.0, "teamId": 99999}]}