{"id": 30206569, "competitionId": 30067, "createTime": {"seconds": 1636422448}, "endTime": {"seconds": 1636422448}, "agents": [{"id": 75507736, "state": 2, "submissionId": 23554491, "reward": 160005, "index": 0, "initialScore": 1790.342720265142, "initialConfidence": 35.0, "updatedScore": 1788.07190588749, "updatedConfidence": 35.0, "teamId": 99999}, {"id": 75507737, "state": 2, "submissionId": 23281649, "reward": 460023, "index": 1, "initialScore": 1946.9019218951105, "initialConfidence": 35.0, "updatedScore": 1949.1727362727624, "updatedConfidence": 35.0, "teamId": 99999}]}