{"id": 32147603, "competitionId": 30067, "createTime": {"seconds": 1637955971}, "endTime": {"seconds": 1637955971}, "agents": [{"id": 79389804, "state": 2, "submissionId": 23883222, "reward": 160016, "index": 0, "initialScore": 1744.125330767509, "initialConfidence": 35.0, "updatedScore": 1741.1500615290283, "updatedConfidence": 35.0, "teamId": 99999}, {"id": 79389805, "state": 2, "submissionId": 23825370, "reward": 970065, "index": 1, "initialScore": 1844.914559823505, "initialConfidence": 35.0, "updatedScore": 1847.8898290619857, "updatedConfidence": 35.0, "teamId": 99999}]}