{"id": 30956011, "competitionId": 30067, "createTime": {"seconds": 1637064417}, "endTime": {"seconds": 1637064417}, "agents": [{"id": 77006620, "state": 2, "submissionId": 23554433, "reward": 420018, "index": 0, "initialScore": 1794.2163665898065, "initialConfidence": 35.0, "updatedScore": 1792.053763338781, "updatedConfidence": 35.0, "teamId": 99999}, {"id": 77006621, "state": 2, "submissionId": 23281649, "reward": 810030, "index": 1, "initialScore": 1960.1527117745015, "initialConfidence": 35.0, "updatedScore": 1962.315315025527, "updatedConfidence": 35.0, "teamId": 99999}]}