{"id": 31120781, "competitionId": 30067, "createTime": {"seconds": 1637197307}, "endTime": {"seconds": 1637197307}, "agents": [{"id": 77336160, "state": 2, "submissionId": 23642602, "reward": 180017, "index": 0, "initialScore": 1754.7694932677894, "initialConfidence": 35.0, "updatedScore": 1750.870022978006, "updatedConfidence": 35.0, "teamId": 99999}, {"id": 77336161, "state": 2, "submissionId": 23825329, "reward": 450091, "index": 1, "initialScore": 1791.8627780324102, "initialConfidence": 35.1041776938501, "updatedScore": 1795.7854964597132, "updatedConfidence": 35.0, "teamId": 99999}]}