{"id": 28785645, "competitionId": 30067, "createTime": {"seconds": 1634940708}, "endTime": {"seconds": 1634940708}, "agents": [{"id": 72667890, "state": 2, "submissionId": 23254381, "reward": 0, "index": 0, "initialScore": 1625.9520281142427, "initialConfidence": 35.0, "updatedScore": 1622.7273716648729, "updatedConfidence": 35.0, "teamId": 99999}, {"id": 72667891, "state": 2, "submissionId": 23297953, "reward": 370012, "index": 1, "initialScore": 1708.7008562692008, "initialConfidence": 35.0, "updatedScore": 1711.9255127185706, "updatedConfidence": 35.0, "teamId": 99999}]}