{"id": 31938237, "competitionId": 30067, "createTime": {"seconds": 1637809248}, "endTime": {"seconds": 1637809248}, "agents": [{"id": 78971072, "state": 2, "submissionId": 23692494, "reward": 1400043, "index": 0, "initialScore": 1992.3140476360077, "initialConfidence": 35.0, "updatedScore": 1995.0234328005456, "updatedConfidence": 35.0, "teamId": 99999}, {"id": 78971073, "state": 2, "submissionId": 23825224, "reward": 930086, "index": 1, "initialScore": 1871.409709135925, "initialConfidence": 35.0, "updatedScore": 1868.7003239713863, "updatedConfidence": 35.0, "teamId": 99999}]}