{"id": 30226315, "competitionId": 30067, "createTime": {"seconds": 1636440208}, "endTime": {"seconds": 1636440208}, "agents": [{"id": 75547228, "state": 2, "submissionId": 23554433, "reward": 0, "index": 0, "initialScore": 1768.0638413862168, "initialConfidence": 35.0, "updatedScore": 1766.373966880954, "updatedConfidence": 35.0, "teamId": 99999}, {"id": 75547229, "state": 2, "submissionId": 23297953, "reward": 260012, "index": 1, "initialScore": 1978.5728419569716, "initialConfidence": 35.0, "updatedScore": 1980.2627164622345, "updatedConfidence": 35.0, "teamId": 99999}]}