{"id": 30416663, "competitionId": 30067, "createTime": {"seconds": 1636609284}, "endTime": {"seconds": 1636609284}, "agents": [{"id": 75927924, "state": 2, "submissionId": 23270881, "reward": 0, "index": 0, "initialScore": 363.64959292007205, "initialConfidence": 35.0, "updatedScore": 362.1234922810637, "updatedConfidence": 35.0, "teamId": 99999}, {"id": 75927925, "state": 2, "submissionId": 23692494, "reward": 220007, "index": 1, "initialScore": 600.0, "initialConfidence": 200.0, "updatedScore": 649.8318576002754, "updatedConfidence": 185.0, "teamId": 99999}]}