{"id": 28656970, "competitionId": 30067, "createTime": {"seconds": 1634789309}, "endTime": {"seconds": 1634789309}, "agents": [{"id": 72410540, "state": 2, "submissionId": 23297953, "reward": 370008, "index": 0, "initialScore": 1630.3164125741573, "initialConfidence": 35.0, "updatedScore": 1634.571596206514, "updatedConfidence": 35.0, "teamId": 99999}, {"id": 72410541, "state": 2, "submissionId": 23308353, "reward": 50006, "index": 1, "initialScore": 1615.779234948131, "initialConfidence": 35.0, "updatedScore": 1611.5240513157744, "updatedConfidence": 35.0, "teamId": 99999}]}