{"id": 29087875, "competitionId": 30067, "createTime": {"seconds": 1635279860}, "endTime": {"seconds": 1635279860}, "agents": [{"id": 73272350, "state": 2, "submissionId": 23281649, "reward": 1040044, "index": 0, "initialScore": 1823.3616558200852, "initialConfidence": 35.0, "updatedScore": 1825.847256603524, "updatedConfidence": 35.0, "teamId": 99999}, {"id": 73272351, "state": 2, "submissionId": 23302588, "reward": 250027, "index": 1, "initialScore": 1684.696230089445, "initialConfidence": 35.0, "updatedScore": 1682.2106293060062, "updatedConfidence": 35.0, "teamId": 99999}]}