{"id": 30663943, "competitionId": 30067, "createTime": {"seconds": 1636822054}, "endTime": {"seconds": 1636822054}, "agents": [{"id": 76422484, "state": 2, "submissionId": 23565821, "reward": 230023, "index": 0, "initialScore": 1716.3288860712833, "initialConfidence": 35.0, "updatedScore": 1725.5919749870147, "updatedConfidence": 35.0, "teamId": 99999}, {"id": 76422485, "state": 2, "submissionId": 23281649, "reward": 180020, "index": 1, "initialScore": 1982.754864008706, "initialConfidence": 35.0, "updatedScore": 1973.4917750929744, "updatedConfidence": 35.0, "teamId": 99999}]}