{"id": 30973391, "competitionId": 30067, "createTime": {"seconds": 1637078574}, "endTime": {"seconds": 1637078574}, "agents": [{"id": 77041380, "state": 2, "submissionId": 22789413, "reward": 0, "index": 0, "initialScore": 938.9000851985002, "initialConfidence": 35.0, "updatedScore": 935.4193848106568, "updatedConfidence": 35.0, "teamId": 99999}, {"id": 77041381, "state": 2, "submissionId": 23825370, "reward": 540020, "index": 1, "initialScore": 967.521215654862, "initialConfidence": 140.0, "updatedScore": 1023.2124218603564, "updatedConfidence": 126.59769380437824, "teamId": 99999}]}