{"id": 31763579, "competitionId": 30067, "createTime": {"seconds": 1637685388}, "endTime": {"seconds": 1637685388}, "agents": [{"id": 78621756, "state": 2, "submissionId": 23825266, "reward": 2220044, "index": 0, "initialScore": 1848.1999812299132, "initialConfidence": 35.0, "updatedScore": 1842.4375104590972, "updatedConfidence": 35.0, "teamId": 99999}, {"id": 78621757, "state": 2, "submissionId": 23889524, "reward": 2360236, "index": 1, "initialScore": 1774.892988421933, "initialConfidence": 35.0, "updatedScore": 1780.655459192749, "updatedConfidence": 35.0, "teamId": 99999}]}