{"id": 31477348, "competitionId": 30067, "createTime": {"seconds": 1637473055}, "endTime": {"seconds": 1637473055}, "agents": [{"id": 78049294, "state": 2, "submissionId": 23825143, "reward": 740065, "index": 0, "initialScore": 1799.2495115299153, "initialConfidence": 35.0, "updatedScore": 1802.5092678983483, "updatedConfidence": 35.0, "teamId": 99999}, {"id": 78049295, "state": 2, "submissionId": 23674338, "reward": 0, "index": 1, "initialScore": 1718.982597612291, "initialConfidence": 35.0, "updatedScore": 1715.722841243858, "updatedConfidence": 35.0, "teamId": 99999}]}