{"id": 28777609, "competitionId": 30067, "createTime": {"seconds": 1634931351}, "endTime": {"seconds": 1634931351}, "agents": [{"id": 72651818, "state": 2, "submissionId": 23297953, "reward": 1330045, "index": 0, "initialScore": 1701.416436500925, "initialConfidence": 35.0, "updatedScore": 1705.2616841848912, "updatedConfidence": 35.0, "teamId": 99999}, {"id": 72651819, "state": 2, "submissionId": 23323058, "reward": 450045, "index": 1, "initialScore": 1660.785080852319, "initialConfidence": 35.0, "updatedScore": 1656.9398331683528, "updatedConfidence": 35.0, "teamId": 99999}]}