{"id": 30943886, "competitionId": 30067, "createTime": {"seconds": 1637054546}, "endTime": {"seconds": 1637054546}, "agents": [{"id": 76982370, "state": 2, "submissionId": 23297953, "reward": 1030033, "index": 0, "initialScore": 2050.777196880863, "initialConfidence": 35.0, "updatedScore": 2052.1063431518583, "updatedConfidence": 35.0, "teamId": 99999}, {"id": 76982371, "state": 2, "submissionId": 23554433, "reward": 510009, "index": 1, "initialScore": 1793.7065784782258, "initialConfidence": 35.0, "updatedScore": 1792.3774322072306, "updatedConfidence": 35.0, "teamId": 99999}]}