{"id": 31465167, "competitionId": 30067, "createTime": {"seconds": 1637463937}, "endTime": {"seconds": 1637463937}, "agents": [{"id": 78024932, "state": 2, "submissionId": 23550274, "reward": 670069, "index": 0, "initialScore": 1673.899578631038, "initialConfidence": 35.0, "updatedScore": 1670.8816214698645, "updatedConfidence": 35.0, "teamId": 99999}, {"id": 78024933, "state": 2, "submissionId": 23825370, "reward": 1130096, "index": 1, "initialScore": 1771.5477449181276, "initialConfidence": 35.0, "updatedScore": 1774.5657020793014, "updatedConfidence": 35.0, "teamId": 99999}]}