{"id": 31016136, "competitionId": 30067, "createTime": {"seconds": 1637113455}, "endTime": {"seconds": 1637113455}, "agents": [{"id": 77126870, "state": 2, "submissionId": 23825143, "reward": 570053, "index": 0, "initialScore": 1656.881114373893, "initialConfidence": 39.85333603868139, "updatedScore": 1664.260299535514, "updatedConfidence": 39.38602568747212, "teamId": 99999}, {"id": 77126871, "state": 2, "submissionId": 23565821, "reward": 60007, "index": 1, "initialScore": 1727.7369623309262, "initialConfidence": 35.0, "updatedScore": 1722.045614424287, "updatedConfidence": 35.0, "teamId": 99999}]}