{"id": 31030864, "competitionId": 30067, "createTime": {"seconds": 1637125285}, "endTime": {"seconds": 1637125285}, "agents": [{"id": 77156326, "state": 2, "submissionId": 23825143, "reward": 130012, "index": 0, "initialScore": 1669.6811249769944, "initialConfidence": 38.98431661146951, "updatedScore": 1672.8077542583387, "updatedConfidence": 38.6868014930074, "teamId": 99999}, {"id": 77156327, "state": 2, "submissionId": 23830410, "reward": 0, "index": 1, "initialScore": 1534.352897130067, "initialConfidence": 40.94624743034129, "updatedScore": 1530.9036464968012, "updatedConfidence": 40.60137855712746, "teamId": 99999}]}