{"id": 30979654, "competitionId": 30067, "createTime": {"seconds": 1637083869}, "endTime": {"seconds": 1637083869}, "agents": [{"id": 77053906, "state": 2, "submissionId": 23825266, "reward": 2050196, "index": 0, "initialScore": 1453.2115047154168, "initialConfidence": 54.21437893061101, "updatedScore": 1460.7965270394775, "updatedConfidence": 53.32267021224901, "teamId": 99999}, {"id": 77053907, "state": 2, "submissionId": 23155346, "reward": 110011, "index": 1, "initialScore": 1368.492185174911, "initialConfidence": 35.0, "updatedScore": 1365.330897791043, "updatedConfidence": 35.0, "teamId": 99999}]}