{"id": 31630287, "competitionId": 30067, "createTime": {"seconds": 1637586400}, "endTime": {"seconds": 1637586400}, "agents": [{"id": 78355172, "state": 2, "submissionId": 23770016, "reward": 210018, "index": 0, "initialScore": 1842.4839394874527, "initialConfidence": 35.0, "updatedScore": 1849.962490519708, "updatedConfidence": 35.0, "teamId": 99999}, {"id": 78355173, "state": 2, "submissionId": 23297953, "reward": 180013, "index": 1, "initialScore": 2005.753284715288, "initialConfidence": 35.0, "updatedScore": 1998.2747336830328, "updatedConfidence": 35.0, "teamId": 99999}]}