{"id": 31133516, "competitionId": 30067, "createTime": {"seconds": 1637207387}, "endTime": {"seconds": 1637207387}, "agents": [{"id": 77361630, "state": 2, "submissionId": 23825329, "reward": 500047, "index": 0, "initialScore": 1797.1265056686598, "initialConfidence": 35.0, "updatedScore": 1794.9344863068902, "updatedConfidence": 35.0, "teamId": 99999}, {"id": 77361631, "state": 2, "submissionId": 23281649, "reward": 620029, "index": 1, "initialScore": 1960.4877690094, "initialConfidence": 35.0, "updatedScore": 1962.6797883711693, "updatedConfidence": 35.0, "teamId": 99999}]}