{"id": 31427498, "competitionId": 30067, "createTime": {"seconds": 1637435610}, "endTime": {"seconds": 1637435610}, "agents": [{"id": 77949594, "state": 2, "submissionId": 23825266, "reward": 740062, "index": 0, "initialScore": 1771.9180624022788, "initialConfidence": 35.0, "updatedScore": 1775.3800941901995, "updatedConfidence": 35.0, "teamId": 99999}, {"id": 77949595, "state": 2, "submissionId": 23565821, "reward": 80008, "index": 1, "initialScore": 1705.7043403852035, "initialConfidence": 35.0, "updatedScore": 1702.242308597283, "updatedConfidence": 35.0, "teamId": 99999}]}