{"id": 31401142, "competitionId": 30067, "createTime": {"seconds": 1637415525}, "endTime": {"seconds": 1637415525}, "agents": [{"id": 77896882, "state": 2, "submissionId": 23825329, "reward": 630058, "index": 0, "initialScore": 1799.9180649718037, "initialConfidence": 35.0, "updatedScore": 1803.609054703457, "updatedConfidence": 35.0, "teamId": 99999}, {"id": 77896883, "state": 2, "submissionId": 23790156, "reward": 420029, "index": 1, "initialScore": 1749.1404699676616, "initialConfidence": 35.0, "updatedScore": 1745.449480236008, "updatedConfidence": 35.0, "teamId": 99999}]}