{"id": 28554897, "competitionId": 30067, "createTime": {"seconds": 1634666123}, "endTime": {"seconds": 1634666123}, "agents": [{"id": 72206394, "state": 2, "submissionId": 23297953, "reward": 1110027, "index": 0, "initialScore": 1555.707234709888, "initialConfidence": 36.11237001460087, "updatedScore": 1559.306024957351, "updatedConfidence": 35.834141021602, "teamId": 99999}, {"id": 72206395, "state": 2, "submissionId": 23285378, "reward": 1, "index": 1, "initialScore": 1484.0139463714715, "initialConfidence": 35.0, "updatedScore": 1480.6334487060822, "updatedConfidence": 35.0, "teamId": 99999}]}