{"id": 30479722, "competitionId": 30067, "createTime": {"seconds": 1636664037}, "endTime": {"seconds": 1636664037}, "agents": [{"id": 76054042, "state": 2, "submissionId": 23281649, "reward": 1930069, "index": 0, "initialScore": 1974.8489374222024, "initialConfidence": 35.0, "updatedScore": 1976.2753050486856, "updatedConfidence": 35.0, "teamId": 99999}, {"id": 76054043, "state": 2, "submissionId": 23608696, "reward": 1240124, "index": 1, "initialScore": 1736.1014719480404, "initialConfidence": 35.0, "updatedScore": 1734.675104321557, "updatedConfidence": 35.0, "teamId": 99999}]}