{"id": 30757192, "competitionId": 30067, "createTime": {"seconds": 1636900327}, "endTime": {"seconds": 1636900327}, "agents": [{"id": 76608982, "state": 2, "submissionId": 23553129, "reward": 1, "index": 0, "initialScore": 1656.635581938598, "initialConfidence": 35.0, "updatedScore": 1652.5493096770406, "updatedConfidence": 35.0, "teamId": 99999}, {"id": 76608983, "state": 2, "submissionId": 23692494, "reward": 410009, "index": 1, "initialScore": 1681.7813082983398, "initialConfidence": 35.0, "updatedScore": 1685.8675805598973, "updatedConfidence": 35.0, "teamId": 99999}]}