{"id": 30565462, "competitionId": 30067, "createTime": {"seconds": 1636738014}, "endTime": {"seconds": 1636738014}, "agents": [{"id": 76225522, "state": 2, "submissionId": 23323058, "reward": 170017, "index": 0, "initialScore": 1765.6616819219416, "initialConfidence": 35.0, "updatedScore": 1763.8899385305942, "updatedConfidence": 35.0, "teamId": 99999}, {"id": 76225523, "state": 2, "submissionId": 23281649, "reward": 380010, "index": 1, "initialScore": 1967.960043215918, "initialConfidence": 35.0, "updatedScore": 1969.7317866072651, "updatedConfidence": 35.0, "teamId": 99999}]}