{"id": 30421876, "competitionId": 30067, "createTime": {"seconds": 1636613845}, "endTime": {"seconds": 1636613845}, "agents": [{"id": 75938350, "state": 2, "submissionId": 23427448, "reward": 30003, "index": 0, "initialScore": 1296.862964382586, "initialConfidence": 35.0, "updatedScore": 1291.1980021434867, "updatedConfidence": 35.0, "teamId": 99999}, {"id": 75938351, "state": 2, "submissionId": 23692494, "reward": 100003, "index": 1, "initialScore": 1215.0929964634545, "initialConfidence": 68.17983706647071, "updatedScore": 1236.5897485876828, "updatedConfidence": 65.93524727901823, "teamId": 99999}]}