{"id": 31856325, "competitionId": 30067, "createTime": {"seconds": 1637751584}, "endTime": {"seconds": 1637751584}, "agents": [{"id": 78807248, "state": 2, "submissionId": 23825329, "reward": 1280121, "index": 0, "initialScore": 1834.674426760558, "initialConfidence": 35.0, "updatedScore": 1829.63489494984, "updatedConfidence": 35.0, "teamId": 99999}, {"id": 78807249, "state": 2, "submissionId": 23889524, "reward": 2400240, "index": 1, "initialScore": 1802.159401352483, "initialConfidence": 35.0, "updatedScore": 1807.1989331632008, "updatedConfidence": 35.0, "teamId": 99999}]}