{"id": 31061935, "competitionId": 30067, "createTime": {"seconds": 1637150271}, "endTime": {"seconds": 1637150271}, "agents": [{"id": 77218468, "state": 2, "submissionId": 23554433, "reward": 240009, "index": 0, "initialScore": 1797.6420692526306, "initialConfidence": 35.0, "updatedScore": 1796.3129229816354, "updatedConfidence": 35.0, "teamId": 99999}, {"id": 77218469, "state": 2, "submissionId": 23297953, "reward": 800040, "index": 1, "initialScore": 2053.4764244040894, "initialConfidence": 35.0, "updatedScore": 2054.8055706750847, "updatedConfidence": 35.0, "teamId": 99999}]}