{"id": 30978473, "competitionId": 30067, "createTime": {"seconds": 1637082656}, "endTime": {"seconds": 1637082656}, "agents": [{"id": 77051544, "state": 2, "submissionId": 23717857, "reward": 0, "index": 0, "initialScore": 1465.3466449456273, "initialConfidence": 35.0, "updatedScore": 1461.9068279736723, "updatedConfidence": 35.0, "teamId": 99999}, {"id": 77051545, "state": 2, "submissionId": 23825143, "reward": 80009, "index": 1, "initialScore": 1529.9225151106502, "initialConfidence": 54.65544041946856, "updatedScore": 1538.3106623037077, "updatedConfidence": 53.70331990274292, "teamId": 99999}]}