{"id": 31074887, "competitionId": 30067, "createTime": {"seconds": 1637160594}, "endTime": {"seconds": 1637160594}, "agents": [{"id": 77244372, "state": 2, "submissionId": 23825143, "reward": 400032, "index": 0, "initialScore": 1685.2132823995505, "initialConfidence": 35.827038894269215, "updatedScore": 1690.4446775647607, "updatedConfidence": 35.50317536167022, "teamId": 99999}, {"id": 77244373, "state": 2, "submissionId": 23543954, "reward": 70006, "index": 1, "initialScore": 1715.20392967396, "initialConfidence": 35.0, "updatedScore": 1710.211272049494, "updatedConfidence": 35.0, "teamId": 99999}]}