{"id": 29981069, "competitionId": 30067, "createTime": {"seconds": 1636216149}, "endTime": {"seconds": 1636216149}, "agents": [{"id": 75056736, "state": 2, "submissionId": 23297953, "reward": 890043, "index": 0, "initialScore": 1955.5491661470387, "initialConfidence": 35.0, "updatedScore": 1957.279341212736, "updatedConfidence": 35.0, "teamId": 99999}, {"id": 75056737, "state": 2, "submissionId": 23554433, "reward": 230009, "index": 1, "initialScore": 1749.1115535090355, "initialConfidence": 35.0, "updatedScore": 1747.3813784433382, "updatedConfidence": 35.0, "teamId": 99999}]}