{"id": 30982323, "competitionId": 30067, "createTime": {"seconds": 1637086030}, "endTime": {"seconds": 1637086030}, "agents": [{"id": 77059244, "state": 2, "submissionId": 23825329, "reward": 550054, "index": 0, "initialScore": 1641.8686627619254, "initialConfidence": 47.063330210178805, "updatedScore": 1650.3065734654017, "updatedConfidence": 46.358114210686594, "teamId": 99999}, {"id": 77059245, "state": 2, "submissionId": 23486372, "reward": 0, "index": 1, "initialScore": 1655.4624905780947, "initialConfidence": 35.0, "updatedScore": 1650.7958354799498, "updatedConfidence": 35.0, "teamId": 99999}]}