{"id": 30991068, "competitionId": 30067, "createTime": {"seconds": 1637093235}, "endTime": {"seconds": 1637093235}, "agents": [{"id": 77076734, "state": 2, "submissionId": 23297953, "reward": 1100040, "index": 0, "initialScore": 2056.0937819648443, "initialConfidence": 35.0, "updatedScore": 2057.42292823584, "updatedConfidence": 35.0, "teamId": 99999}, {"id": 77076735, "state": 2, "submissionId": 23642575, "reward": 50007, "index": 1, "initialScore": 1794.4888718734353, "initialConfidence": 35.0, "updatedScore": 1793.1597256024402, "updatedConfidence": 35.0, "teamId": 99999}]}