{"id": 32035167, "competitionId": 30067, "createTime": {"seconds": 1637877179}, "endTime": {"seconds": 1637877179}, "agents": [{"id": 79164932, "state": 2, "submissionId": 23825143, "reward": 1340125, "index": 0, "initialScore": 1860.5297787928605, "initialConfidence": 35.0, "updatedScore": 1855.3029377361684, "updatedConfidence": 35.0, "teamId": 99999}, {"id": 79164933, "state": 2, "submissionId": 23889524, "reward": 1790179, "index": 1, "initialScore": 1817.2372815949327, "initialConfidence": 35.0, "updatedScore": 1822.4641226516253, "updatedConfidence": 35.0, "teamId": 99999}]}