{"id": 31656432, "competitionId": 30067, "createTime": {"seconds": 1637605624}, "endTime": {"seconds": 1637605624}, "agents": [{"id": 78407462, "state": 2, "submissionId": 23692494, "reward": 100004, "index": 0, "initialScore": 1958.7566332126637, "initialConfidence": 35.0, "updatedScore": 1960.847368307397, "updatedConfidence": 35.0, "teamId": 99999}, {"id": 78407463, "state": 2, "submissionId": 23825370, "reward": 0, "index": 1, "initialScore": 1786.442982714516, "initialConfidence": 35.0, "updatedScore": 1784.3522476197822, "updatedConfidence": 35.0, "teamId": 99999}]}