{"id": 29674972, "competitionId": 30067, "createTime": {"seconds": 1635923006}, "endTime": {"seconds": 1635923006}, "agents": [{"id": 74444542, "state": 2, "submissionId": 23323058, "reward": 460048, "index": 0, "initialScore": 1710.2023793231665, "initialConfidence": 35.0, "updatedScore": 1708.6244347890308, "updatedConfidence": 35.0, "teamId": 99999}, {"id": 74444543, "state": 2, "submissionId": 23297953, "reward": 1030042, "index": 1, "initialScore": 1932.343041095575, "initialConfidence": 35.0, "updatedScore": 1933.920985629711, "updatedConfidence": 35.0, "teamId": 99999}]}