{"id": 30696492, "competitionId": 30067, "createTime": {"seconds": 1636849417}, "endTime": {"seconds": 1636849417}, "agents": [{"id": 76487582, "state": 2, "submissionId": 23281649, "reward": 470032, "index": 0, "initialScore": 1976.6866723969931, "initialConfidence": 35.0, "updatedScore": 1978.2727060235268, "updatedConfidence": 35.0, "teamId": 99999}, {"id": 76487583, "state": 2, "submissionId": 23608696, "reward": 260025, "index": 1, "initialScore": 1755.403475860204, "initialConfidence": 35.0, "updatedScore": 1753.8174422336706, "updatedConfidence": 35.0, "teamId": 99999}]}