{"id": 31515798, "competitionId": 30067, "createTime": {"seconds": 1637501855}, "endTime": {"seconds": 1637501855}, "agents": [{"id": 78126194, "state": 2, "submissionId": 23825266, "reward": 1710034, "index": 0, "initialScore": 1804.1503096476629, "initialConfidence": 35.0, "updatedScore": 1807.202670325814, "updatedConfidence": 35.0, "teamId": 99999}, {"id": 78126195, "state": 2, "submissionId": 23674338, "reward": 1410031, "index": 1, "initialScore": 1709.0171019790814, "initialConfidence": 35.0, "updatedScore": 1705.9647413009302, "updatedConfidence": 35.0, "teamId": 99999}]}