{"id": 30993562, "competitionId": 30067, "createTime": {"seconds": 1637095188}, "endTime": {"seconds": 1637095188}, "agents": [{"id": 77081722, "state": 2, "submissionId": 23589630, "reward": 20005, "index": 0, "initialScore": 1596.1710018096062, "initialConfidence": 35.0, "updatedScore": 1591.4595488219852, "updatedConfidence": 35.0, "teamId": 99999}, {"id": 77081723, "state": 2, "submissionId": 23825266, "reward": 480046, "index": 1, "initialScore": 1581.39028296736, "initialConfidence": 41.50167487469423, "updatedScore": 1588.0147359321743, "updatedConfidence": 41.01300768902337, "teamId": 99999}]}