{"id": 28995092, "competitionId": 30067, "createTime": {"seconds": 1635177444}, "endTime": {"seconds": 1635177444}, "agents": [{"id": 73086784, "state": 2, "submissionId": 23302588, "reward": 0, "index": 0, "initialScore": 1670.8613287119226, "initialConfidence": 35.0, "updatedScore": 1668.116999487882, "updatedConfidence": 35.0, "teamId": 99999}, {"id": 73086785, "state": 2, "submissionId": 23297953, "reward": 130016, "index": 1, "initialScore": 1789.0644747705326, "initialConfidence": 35.0, "updatedScore": 1791.808803994573, "updatedConfidence": 35.0, "teamId": 99999}]}