{"id": 31132795, "competitionId": 30067, "createTime": {"seconds": 1637206674}, "endTime": {"seconds": 1637206674}, "agents": [{"id": 77360188, "state": 2, "submissionId": 23825329, "reward": 500050, "index": 0, "initialScore": 1794.456350188718, "initialConfidence": 35.0, "updatedScore": 1793.127203917723, "updatedConfidence": 35.0, "teamId": 99999}, {"id": 77360189, "state": 2, "submissionId": 23297953, "reward": 1170036, "index": 1, "initialScore": 2050.864387113441, "initialConfidence": 35.0, "updatedScore": 2052.1935333844363, "updatedConfidence": 35.0, "teamId": 99999}]}