{"id": 31314718, "competitionId": 30067, "createTime": {"seconds": 1637349057}, "endTime": {"seconds": 1637349057}, "agents": [{"id": 77724034, "state": 2, "submissionId": 23032370, "reward": 120009, "index": 0, "initialScore": 1837.7655620820271, "initialConfidence": 35.0, "updatedScore": 1841.5534084900405, "updatedConfidence": 35.0, "teamId": 99999}, {"id": 77724035, "state": 2, "submissionId": 23825329, "reward": 10001, "index": 1, "initialScore": 1793.3811986477303, "initialConfidence": 35.0, "updatedScore": 1789.5933522397172, "updatedConfidence": 35.0, "teamId": 99999}]}