{"id": 31376999, "competitionId": 30067, "createTime": {"seconds": 1637397050}, "endTime": {"seconds": 1637397050}, "agents": [{"id": 77848596, "state": 2, "submissionId": 23825266, "reward": 1070100, "index": 0, "initialScore": 1750.471552372284, "initialConfidence": 35.0, "updatedScore": 1754.4272265660995, "updatedConfidence": 35.0, "teamId": 99999}, {"id": 77848597, "state": 2, "submissionId": 23542431, "reward": 610062, "index": 1, "initialScore": 1716.988253978732, "initialConfidence": 35.0, "updatedScore": 1713.0325797849166, "updatedConfidence": 35.0, "teamId": 99999}]}