{"id": 30977264, "competitionId": 30067, "createTime": {"seconds": 1637081694}, "endTime": {"seconds": 1637081694}, "agents": [{"id": 77049126, "state": 2, "submissionId": 23825370, "reward": 140017, "index": 0, "initialScore": 1362.8042506546874, "initialConfidence": 68.62900776856628, "updatedScore": 1376.410130798441, "updatedConfidence": 66.75838736362563, "teamId": 99999}, {"id": 77049127, "state": 2, "submissionId": 23376605, "reward": 80008, "index": 1, "initialScore": 1308.4988408274494, "initialConfidence": 35.0, "updatedScore": 1304.960111953374, "updatedConfidence": 35.0, "teamId": 99999}]}