{"id": 28409925, "competitionId": 30067, "createTime": {"seconds": 1634485412}, "endTime": {"seconds": 1634485412}, "agents": [{"id": 71916450, "state": 2, "submissionId": 23142242, "reward": 0, "index": 0, "initialScore": 998.1460782066736, "initialConfidence": 35.0, "updatedScore": 993.8945996132228, "updatedConfidence": 35.0, "teamId": 99999}, {"id": 71916451, "state": 2, "submissionId": 23281649, "reward": 10, "index": 1, "initialScore": 977.5041343213692, "initialConfidence": 119.05653171764092, "updatedScore": 1026.6979332398016, "updatedConfidence": 109.52237748986164, "teamId": 99999}]}