{"id": 29132272, "competitionId": 30067, "createTime": {"seconds": 1635327513}, "endTime": {"seconds": 1635327513}, "agents": [{"id": 73360144, "state": 2, "submissionId": 23228794, "reward": 270020, "index": 0, "initialScore": 1671.838286162551, "initialConfidence": 35.0, "updatedScore": 1669.668538742472, "updatedConfidence": 35.0, "teamId": 99999}, {"id": 73360145, "state": 2, "submissionId": 23281649, "reward": 1570046, "index": 1, "initialScore": 1837.1473953643967, "initialConfidence": 35.0, "updatedScore": 1839.317142784476, "updatedConfidence": 35.0, "teamId": 99999}]}