{"id": 31992571, "competitionId": 30067, "createTime": {"seconds": 1637847164}, "endTime": {"seconds": 1637847164}, "agents": [{"id": 79079740, "state": 2, "submissionId": 23769678, "reward": 170007, "index": 0, "initialScore": 1819.7794932545603, "initialConfidence": 35.0, "updatedScore": 1817.5691754610364, "updatedConfidence": 35.0, "teamId": 99999}, {"id": 79079741, "state": 2, "submissionId": 23281649, "reward": 410004, "index": 1, "initialScore": 1981.5488759423276, "initialConfidence": 35.0, "updatedScore": 1983.7591937358516, "updatedConfidence": 35.0, "teamId": 99999}]}