{"id": 28573775, "competitionId": 30067, "createTime": {"seconds": 1634689419}, "endTime": {"seconds": 1634689419}, "agents": [{"id": 72244150, "state": 2, "submissionId": 23297953, "reward": 1130032, "index": 0, "initialScore": 1564.0503448387933, "initialConfidence": 35.52492538177743, "updatedScore": 1567.662268250834, "updatedConfidence": 35.25515466079286, "teamId": 99999}, {"id": 72244151, "state": 2, "submissionId": 23157600, "reward": 60005, "index": 1, "initialScore": 1500.9043917728045, "initialConfidence": 35.0, "updatedScore": 1497.3984211495283, "updatedConfidence": 35.0, "teamId": 99999}]}