{"id": 31109714, "competitionId": 30067, "createTime": {"seconds": 1637188258}, "endTime": {"seconds": 1637188258}, "agents": [{"id": 77314026, "state": 2, "submissionId": 23642602, "reward": 190019, "index": 0, "initialScore": 1756.5639414166076, "initialConfidence": 35.0, "updatedScore": 1754.7694932677894, "updatedConfidence": 35.0, "teamId": 99999}, {"id": 77314027, "state": 2, "submissionId": 23281649, "reward": 520025, "index": 1, "initialScore": 1956.626305283437, "initialConfidence": 35.0, "updatedScore": 1958.4207534322552, "updatedConfidence": 35.0, "teamId": 99999}]}