{"id": 30988597, "competitionId": 30067, "createTime": {"seconds": 1637091312}, "endTime": {"seconds": 1637091312}, "agents": [{"id": 77071792, "state": 2, "submissionId": 23825370, "reward": 620049, "index": 0, "initialScore": 1556.7838692264118, "initialConfidence": 42.97199601432302, "updatedScore": 1564.67402285886, "updatedConfidence": 42.40671926789023, "teamId": 99999}, {"id": 77071793, "state": 2, "submissionId": 23608768, "reward": 1, "index": 1, "initialScore": 1602.743304390819, "initialConfidence": 35.0, "updatedScore": 1597.5091022015513, "updatedConfidence": 35.0, "teamId": 99999}]}