{"id": 31643011, "competitionId": 30067, "createTime": {"seconds": 1637595786}, "endTime": {"seconds": 1637595786}, "agents": [{"id": 78380620, "state": 2, "submissionId": 23825266, "reward": 260007, "index": 0, "initialScore": 1821.8850006610787, "initialConfidence": 35.0, "updatedScore": 1825.2139320230413, "updatedConfidence": 35.0, "teamId": 99999}, {"id": 78380621, "state": 2, "submissionId": 23608696, "reward": 110015, "index": 1, "initialScore": 1746.4709797564708, "initialConfidence": 35.0, "updatedScore": 1743.1420483945085, "updatedConfidence": 35.0, "teamId": 99999}]}