{"id": 31002681, "competitionId": 30067, "createTime": {"seconds": 1637102656}, "endTime": {"seconds": 1637102656}, "agents": [{"id": 77099960, "state": 2, "submissionId": 23297953, "reward": 1080034, "index": 0, "initialScore": 2057.42292823584, "initialConfidence": 35.0, "updatedScore": 2058.752074506835, "updatedConfidence": 35.0, "teamId": 99999}, {"id": 77099961, "state": 2, "submissionId": 23642575, "reward": 460034, "index": 1, "initialScore": 1787.059593793491, "initialConfidence": 35.0, "updatedScore": 1785.730447522496, "updatedConfidence": 35.0, "teamId": 99999}]}