{"id": 28411641, "competitionId": 30067, "createTime": {"seconds": 1634487571}, "endTime": {"seconds": 1634487571}, "agents": [{"id": 71919882, "state": 2, "submissionId": 23281649, "reward": 570027, "index": 0, "initialScore": 1240.1080506139472, "initialConfidence": 71.04022713654567, "updatedScore": 1258.8756578885716, "updatedConfidence": 68.72409026812326, "teamId": 99999}, {"id": 71919883, "state": 2, "submissionId": 22930725, "reward": 20002, "index": 1, "initialScore": 1255.3507142119024, "initialConfidence": 35.0, "updatedScore": 1250.7952114637208, "updatedConfidence": 35.0, "teamId": 99999}]}