{"id": 30973991, "competitionId": 30067, "createTime": {"seconds": 1637079055}, "endTime": {"seconds": 1637079055}, "agents": [{"id": 77042580, "state": 2, "submissionId": 22996379, "reward": 10001, "index": 0, "initialScore": 1273.4785519944417, "initialConfidence": 35.0, "updatedScore": 1267.9872537754302, "updatedConfidence": 35.0, "teamId": 99999}, {"id": 77042581, "state": 2, "submissionId": 23825329, "reward": 1870182, "index": 1, "initialScore": 1174.6666321876558, "initialConfidence": 107.54976736727149, "updatedScore": 1226.5177223485773, "updatedConfidence": 99.53171839964962, "teamId": 99999}]}