{"id": 30684966, "competitionId": 30067, "createTime": {"seconds": 1636839812}, "endTime": {"seconds": 1636839812}, "agents": [{"id": 76464530, "state": 2, "submissionId": 23297953, "reward": 310003, "index": 0, "initialScore": 2030.530158098709, "initialConfidence": 35.0, "updatedScore": 2031.859304369704, "updatedConfidence": 35.0, "teamId": 99999}, {"id": 76464531, "state": 2, "submissionId": 23542431, "reward": 1, "index": 1, "initialScore": 1762.5808111181273, "initialConfidence": 35.0, "updatedScore": 1761.251664847132, "updatedConfidence": 35.0, "teamId": 99999}]}