{"id": 31938235, "competitionId": 30067, "createTime": {"seconds": 1637809248}, "endTime": {"seconds": 1637809248}, "agents": [{"id": 78971068, "state": 2, "submissionId": 23825266, "reward": 1060098, "index": 0, "initialScore": 1837.3275411231928, "initialConfidence": 35.0, "updatedScore": 1840.2406543961413, "updatedConfidence": 35.0, "teamId": 99999}, {"id": 78971069, "state": 2, "submissionId": 23642602, "reward": 170016, "index": 1, "initialScore": 1731.922940033661, "initialConfidence": 35.0, "updatedScore": 1729.0098267607127, "updatedConfidence": 35.0, "teamId": 99999}]}