{"id": 29079471, "competitionId": 30067, "createTime": {"seconds": 1635270741}, "endTime": {"seconds": 1635270741}, "agents": [{"id": 73255542, "state": 2, "submissionId": 23129375, "reward": 450045, "index": 0, "initialScore": 1670.663318179375, "initialConfidence": 35.0, "updatedScore": 1678.0791488983955, "updatedConfidence": 35.0, "teamId": 99999}, {"id": 73255543, "state": 2, "submissionId": 23281649, "reward": 370034, "index": 1, "initialScore": 1830.777486539106, "initialConfidence": 35.0, "updatedScore": 1823.3616558200852, "updatedConfidence": 35.0, "teamId": 99999}]}