{"id": 31003300, "competitionId": 30067, "createTime": {"seconds": 1637103135}, "endTime": {"seconds": 1637103135}, "agents": [{"id": 77101198, "state": 2, "submissionId": 23554433, "reward": 590025, "index": 0, "initialScore": 1797.7228686130038, "initialConfidence": 35.0, "updatedScore": 1795.5064000288878, "updatedConfidence": 35.0, "teamId": 99999}, {"id": 77101199, "state": 2, "submissionId": 23281649, "reward": 1200055, "index": 1, "initialScore": 1958.958849945191, "initialConfidence": 35.0, "updatedScore": 1961.175318529307, "updatedConfidence": 35.0, "teamId": 99999}]}