{"id": 30521039, "competitionId": 30067, "createTime": {"seconds": 1636699826}, "endTime": {"seconds": 1636699826}, "agents": [{"id": 76136676, "state": 2, "submissionId": 23692494, "reward": 530015, "index": 0, "initialScore": 1553.1967941395617, "initialConfidence": 35.544686938474086, "updatedScore": 1558.3402063994013, "updatedConfidence": 35.22848156106642, "teamId": 99999}, {"id": 76136677, "state": 2, "submissionId": 23041086, "reward": 0, "index": 1, "initialScore": 1582.789062133468, "initialConfidence": 35.0, "updatedScore": 1577.802077415314, "updatedConfidence": 35.0, "teamId": 99999}]}