{"id": 31883113, "competitionId": 30067, "createTime": {"seconds": 1637770541}, "endTime": {"seconds": 1637770541}, "agents": [{"id": 78860824, "state": 2, "submissionId": 23825266, "reward": 20001, "index": 0, "initialScore": 1829.893150383548, "initialConfidence": 35.0, "updatedScore": 1823.3822035383075, "updatedConfidence": 35.0, "teamId": 99999}, {"id": 78860825, "state": 2, "submissionId": 23608696, "reward": 430043, "index": 1, "initialScore": 1716.337358807809, "initialConfidence": 35.0, "updatedScore": 1722.8483056530497, "updatedConfidence": 35.0, "teamId": 99999}]}