{"id": 31302204, "competitionId": 30067, "createTime": {"seconds": 1637339231}, "endTime": {"seconds": 1637339231}, "agents": [{"id": 77699006, "state": 2, "submissionId": 23642575, "reward": 0, "index": 0, "initialScore": 1751.3448816253874, "initialConfidence": 35.0, "updatedScore": 1747.5168884271638, "updatedConfidence": 35.0, "teamId": 99999}, {"id": 77699007, "state": 2, "submissionId": 23825329, "reward": 260019, "index": 1, "initialScore": 1793.101626595028, "initialConfidence": 35.0, "updatedScore": 1796.9296197932515, "updatedConfidence": 35.0, "teamId": 99999}]}