{"id": 31476309, "competitionId": 30067, "createTime": {"seconds": 1637472333}, "endTime": {"seconds": 1637472333}, "agents": [{"id": 78047216, "state": 2, "submissionId": 23692494, "reward": 3040099, "index": 0, "initialScore": 1923.4952436118665, "initialConfidence": 35.0, "updatedScore": 1926.738133815908, "updatedConfidence": 35.0, "teamId": 99999}, {"id": 78047217, "state": 2, "submissionId": 23825224, "reward": 1410137, "index": 1, "initialScore": 1842.0373914656843, "initialConfidence": 35.0, "updatedScore": 1838.7945012616424, "updatedConfidence": 35.0, "teamId": 99999}]}