{"id": 28556149, "competitionId": 30067, "createTime": {"seconds": 1634667564}, "endTime": {"seconds": 1634667564}, "agents": [{"id": 72208898, "state": 2, "submissionId": 23143395, "reward": 0, "index": 0, "initialScore": 1660.115126085958, "initialConfidence": 35.0, "updatedScore": 1655.4698590794324, "updatedConfidence": 35.0, "teamId": 99999}, {"id": 72208899, "state": 2, "submissionId": 23281649, "reward": 210009, "index": 1, "initialScore": 1650.832825619905, "initialConfidence": 35.0, "updatedScore": 1655.478092626431, "updatedConfidence": 35.0, "teamId": 99999}]}