{"id": 31048719, "competitionId": 30067, "createTime": {"seconds": 1637139712}, "endTime": {"seconds": 1637139712}, "agents": [{"id": 77192036, "state": 2, "submissionId": 23825329, "reward": 1460141, "index": 0, "initialScore": 1751.449039783599, "initialConfidence": 38.17211455506951, "updatedScore": 1756.4667188547264, "updatedConfidence": 37.80833334403283, "teamId": 99999}, {"id": 77192037, "state": 2, "submissionId": 23674333, "reward": 30006, "index": 1, "initialScore": 1735.221066128006, "initialConfidence": 35.0, "updatedScore": 1731.0026780366964, "updatedConfidence": 35.0, "teamId": 99999}]}