{"id": 30808070, "competitionId": 30067, "createTime": {"seconds": 1636942571}, "endTime": {"seconds": 1636942571}, "agents": [{"id": 76710738, "state": 2, "submissionId": 23281649, "reward": 250008, "index": 0, "initialScore": 1962.5445530607356, "initialConfidence": 35.0, "updatedScore": 1964.603862146421, "updatedConfidence": 35.0, "teamId": 99999}, {"id": 76710739, "state": 2, "submissionId": 23554433, "reward": 10001, "index": 1, "initialScore": 1787.4024121136265, "initialConfidence": 35.0, "updatedScore": 1785.3431030279403, "updatedConfidence": 35.0, "teamId": 99999}]}