{"id": 30979955, "competitionId": 30067, "createTime": {"seconds": 1637084109}, "endTime": {"seconds": 1637084109}, "agents": [{"id": 77054508, "state": 2, "submissionId": 23825143, "reward": 2320154, "index": 0, "initialScore": 1580.3142054524048, "initialConfidence": 49.41316146677376, "updatedScore": 1589.0840354523089, "updatedConfidence": 48.61956607531993, "teamId": 99999}, {"id": 77054509, "state": 2, "submissionId": 23213375, "reward": 560056, "index": 1, "initialScore": 1578.1204488455248, "initialConfidence": 35.0, "updatedScore": 1573.7205572001208, "updatedConfidence": 35.0, "teamId": 99999}]}