{"id": 29230494, "competitionId": 30067, "createTime": {"seconds": 1635435031}, "endTime": {"seconds": 1635435031}, "agents": [{"id": 73555588, "state": 2, "submissionId": 23281649, "reward": 460037, "index": 0, "initialScore": 1863.736192758917, "initialConfidence": 35.0, "updatedScore": 1866.1210330937868, "updatedConfidence": 35.0, "teamId": 99999}, {"id": 73555589, "state": 2, "submissionId": 23323058, "reward": 320032, "index": 1, "initialScore": 1716.7884666701225, "initialConfidence": 35.0, "updatedScore": 1714.4036263352527, "updatedConfidence": 35.0, "teamId": 99999}]}