{"id": 28817763, "competitionId": 30067, "createTime": {"seconds": 1634977699}, "endTime": {"seconds": 1634977699}, "agents": [{"id": 72732126, "state": 2, "submissionId": 23323058, "reward": 250025, "index": 0, "initialScore": 1673.205131945432, "initialConfidence": 35.0, "updatedScore": 1669.9920801404298, "updatedConfidence": 35.0, "teamId": 99999}, {"id": 72732127, "state": 2, "submissionId": 23281649, "reward": 650030, "index": 1, "initialScore": 1756.7774807083683, "initialConfidence": 35.0, "updatedScore": 1759.9905325133705, "updatedConfidence": 35.0, "teamId": 99999}]}