{"id": 28413179, "competitionId": 30067, "createTime": {"seconds": 1634489491}, "endTime": {"seconds": 1634489491}, "agents": [{"id": 71922958, "state": 2, "submissionId": 22985416, "reward": 10002, "index": 0, "initialScore": 1353.6763544377957, "initialConfidence": 35.0, "updatedScore": 1349.2980267728756, "updatedConfidence": 35.0, "teamId": 99999}, {"id": 71922959, "state": 2, "submissionId": 23281649, "reward": 540010, "index": 1, "initialScore": 1354.8091154832523, "initialConfidence": 57.49442552402598, "updatedScore": 1366.6238413499664, "updatedConfidence": 56.260709964738965, "teamId": 99999}]}