{"id": 31951529, "competitionId": 30067, "createTime": {"seconds": 1637818601}, "endTime": {"seconds": 1637818601}, "agents": [{"id": 78997656, "state": 2, "submissionId": 23642618, "reward": 420023, "index": 0, "initialScore": 1741.2164737945798, "initialConfidence": 35.0, "updatedScore": 1747.2142860882386, "updatedConfidence": 35.0, "teamId": 99999}, {"id": 78997657, "state": 2, "submissionId": 23825370, "reward": 390039, "index": 1, "initialScore": 1827.3737916165785, "initialConfidence": 35.0, "updatedScore": 1821.37597932292, "updatedConfidence": 35.0, "teamId": 99999}]}