{"id": 31465198, "competitionId": 30067, "createTime": {"seconds": 1637463938}, "endTime": {"seconds": 1637463938}, "agents": [{"id": 78024994, "state": 2, "submissionId": 23572011, "reward": 2, "index": 0, "initialScore": 1709.0549679356382, "initialConfidence": 35.0, "updatedScore": 1705.4856746742516, "updatedConfidence": 35.0, "teamId": 99999}, {"id": 78024995, "state": 2, "submissionId": 23825370, "reward": 400039, "index": 1, "initialScore": 1767.978451656741, "initialConfidence": 35.0, "updatedScore": 1771.5477449181276, "updatedConfidence": 35.0, "teamId": 99999}]}