{"id": 30624970, "competitionId": 30067, "createTime": {"seconds": 1636788912}, "endTime": {"seconds": 1636788912}, "agents": [{"id": 76344538, "state": 2, "submissionId": 23488683, "reward": 160016, "index": 0, "initialScore": 1547.974438315298, "initialConfidence": 35.0, "updatedScore": 1544.453975515911, "updatedConfidence": 35.0, "teamId": 99999}, {"id": 76344539, "state": 2, "submissionId": 23692494, "reward": 3140047, "index": 1, "initialScore": 1610.2035381702935, "initialConfidence": 35.0, "updatedScore": 1613.7240009696804, "updatedConfidence": 35.0, "teamId": 99999}]}