{"id": 30974582, "competitionId": 30067, "createTime": {"seconds": 1637079534}, "endTime": {"seconds": 1637079534}, "agents": [{"id": 77043762, "state": 2, "submissionId": 22746035, "reward": 10001, "index": 0, "initialScore": 1080.4172858081256, "initialConfidence": 35.0, "updatedScore": 1077.4315354771968, "updatedConfidence": 35.0, "teamId": 99999}, {"id": 77043763, "state": 2, "submissionId": 23825370, "reward": 3400325, "index": 1, "initialScore": 1168.6806062749374, "initialConfidence": 99.47947515984384, "updatedScore": 1192.8009988006302, "updatedConfidence": 94.54916524785666, "teamId": 99999}]}