{"id": 31776779, "competitionId": 30067, "createTime": {"seconds": 1637695004}, "endTime": {"seconds": 1637695004}, "agents": [{"id": 78648156, "state": 2, "submissionId": 23281649, "reward": 40006, "index": 0, "initialScore": 1982.4603405608989, "initialConfidence": 35.0, "updatedScore": 1984.8134766291664, "updatedConfidence": 35.0, "teamId": 99999}, {"id": 78648157, "state": 2, "submissionId": 23825329, "reward": 10002, "index": 1, "initialScore": 1832.8665397696573, "initialConfidence": 35.0, "updatedScore": 1830.5134037013895, "updatedConfidence": 35.0, "teamId": 99999}]}