{"id": 28728007, "competitionId": 30067, "createTime": {"seconds": 1634873959}, "endTime": {"seconds": 1634873959}, "agents": [{"id": 72552614, "state": 2, "submissionId": 23129375, "reward": 330033, "index": 0, "initialScore": 1646.3735143399567, "initialConfidence": 35.0, "updatedScore": 1643.1617112036363, "updatedConfidence": 35.0, "teamId": 99999}, {"id": 72552615, "state": 2, "submissionId": 23281649, "reward": 710043, "index": 1, "initialScore": 1730.034562935922, "initialConfidence": 35.0, "updatedScore": 1733.2463660722424, "updatedConfidence": 35.0, "teamId": 99999}]}