{"id": 30980840, "competitionId": 30067, "createTime": {"seconds": 1637084830}, "endTime": {"seconds": 1637084830}, "agents": [{"id": 77056278, "state": 2, "submissionId": 23508243, "reward": 0, "index": 0, "initialScore": 1548.189009347164, "initialConfidence": 35.0, "updatedScore": 1544.5885274116622, "updatedConfidence": 35.0, "teamId": 99999}, {"id": 77056279, "state": 2, "submissionId": 23825329, "reward": 1070106, "index": 1, "initialScore": 1602.3475135002311, "initialConfidence": 50.81117642454238, "updatedScore": 1609.935788266002, "updatedConfidence": 50.02511202570968, "teamId": 99999}]}