{"id": 32049506, "competitionId": 30067, "createTime": {"seconds": 1637887300}, "endTime": {"seconds": 1637887300}, "agents": [{"id": 79193610, "state": 2, "submissionId": 23825266, "reward": 860085, "index": 0, "initialScore": 1861.2081937718765, "initialConfidence": 35.0, "updatedScore": 1864.88588570622, "updatedConfidence": 35.0, "teamId": 99999}, {"id": 79193611, "state": 2, "submissionId": 23032370, "reward": 110010, "index": 1, "initialScore": 1809.5467405068637, "initialConfidence": 35.0, "updatedScore": 1805.86904857252, "updatedConfidence": 35.0, "teamId": 99999}]}