{"id": 31696679, "competitionId": 30067, "createTime": {"seconds": 1637637330}, "endTime": {"seconds": 1637637330}, "agents": [{"id": 78487956, "state": 2, "submissionId": 23770016, "reward": 0, "index": 0, "initialScore": 1852.488457173241, "initialConfidence": 35.0, "updatedScore": 1849.6899899888228, "updatedConfidence": 35.0, "teamId": 99999}, {"id": 78487957, "state": 2, "submissionId": 23692494, "reward": 320000, "index": 1, "initialScore": 1966.5424748541, "initialConfidence": 35.0, "updatedScore": 1969.3409420385176, "updatedConfidence": 35.0, "teamId": 99999}]}