{"id": 31439812, "competitionId": 30067, "createTime": {"seconds": 1637444738}, "endTime": {"seconds": 1637444738}, "agents": [{"id": 77974222, "state": 2, "submissionId": 23825329, "reward": 1880174, "index": 0, "initialScore": 1813.093183960051, "initialConfidence": 35.0, "updatedScore": 1817.9849491172072, "updatedConfidence": 35.0, "teamId": 99999}, {"id": 77974223, "state": 2, "submissionId": 23032370, "reward": 580045, "index": 1, "initialScore": 1836.9915710469609, "initialConfidence": 35.0, "updatedScore": 1832.0998058898044, "updatedConfidence": 35.0, "teamId": 99999}]}