{"id": 30746081, "competitionId": 30067, "createTime": {"seconds": 1636890970}, "endTime": {"seconds": 1636890970}, "agents": [{"id": 76586760, "state": 2, "submissionId": 23602603, "reward": 0, "index": 0, "initialScore": 1620.861539379485, "initialConfidence": 35.0, "updatedScore": 1617.2685444659392, "updatedConfidence": 35.0, "teamId": 99999}, {"id": 76586761, "state": 2, "submissionId": 23692494, "reward": 390021, "index": 1, "initialScore": 1678.188313384794, "initialConfidence": 35.0, "updatedScore": 1681.7813082983398, "updatedConfidence": 35.0, "teamId": 99999}]}