{"id": 31154769, "competitionId": 30067, "createTime": {"seconds": 1637224187}, "endTime": {"seconds": 1637224187}, "agents": [{"id": 77404136, "state": 2, "submissionId": 23551906, "reward": 280039, "index": 0, "initialScore": 1690.586680619152, "initialConfidence": 35.0, "updatedScore": 1685.5693678325554, "updatedConfidence": 35.0, "teamId": 99999}, {"id": 77404137, "state": 2, "submissionId": 23825370, "reward": 1070097, "index": 1, "initialScore": 1659.3606844678966, "initialConfidence": 35.0, "updatedScore": 1664.3779972544933, "updatedConfidence": 35.0, "teamId": 99999}]}