{"id": 28408782, "competitionId": 30067, "createTime": {"seconds": 1634483971}, "endTime": {"seconds": 1634483971}, "agents": [{"id": 71914164, "state": 2, "submissionId": 23281649, "reward": 130025, "index": 0, "initialScore": 844.3667097373216, "initialConfidence": 155.0, "updatedScore": 872.4111706899915, "updatedConfidence": 144.3660015574339, "teamId": 99999}, {"id": 71914165, "state": 2, "submissionId": 22657811, "reward": 0, "index": 1, "initialScore": 378.9981645109884, "initialConfidence": 35.0, "updatedScore": 377.56821801080025, "updatedConfidence": 35.0, "teamId": 99999}]}