{"id": 31789315, "competitionId": 30067, "createTime": {"seconds": 1637704061}, "endTime": {"seconds": 1637704061}, "agents": [{"id": 78673228, "state": 2, "submissionId": 23642602, "reward": 50000, "index": 0, "initialScore": 1752.6142114190138, "initialConfidence": 35.0, "updatedScore": 1749.3207943065197, "updatedConfidence": 35.0, "teamId": 99999}, {"id": 78673229, "state": 2, "submissionId": 23825329, "reward": 580050, "index": 1, "initialScore": 1830.5134037013895, "initialConfidence": 35.0, "updatedScore": 1833.806820813884, "updatedConfidence": 35.0, "teamId": 99999}]}