{"id": 31978919, "competitionId": 30067, "createTime": {"seconds": 1637837796}, "endTime": {"seconds": 1637837796}, "agents": [{"id": 79052436, "state": 2, "submissionId": 23825224, "reward": 620056, "index": 0, "initialScore": 1851.1328709559352, "initialConfidence": 35.0, "updatedScore": 1858.102008506632, "updatedConfidence": 35.0, "teamId": 99999}, {"id": 79052437, "state": 2, "submissionId": 23281649, "reward": 3, "index": 1, "initialScore": 1988.518013493024, "initialConfidence": 35.0, "updatedScore": 1981.5488759423276, "updatedConfidence": 35.0, "teamId": 99999}]}