{"id": 31289936, "competitionId": 30067, "createTime": {"seconds": 1637329836}, "endTime": {"seconds": 1637329836}, "agents": [{"id": 77674470, "state": 2, "submissionId": 23601228, "reward": 680035, "index": 0, "initialScore": 1669.8166932594468, "initialConfidence": 35.0, "updatedScore": 1666.1214973847707, "updatedConfidence": 35.0, "teamId": 99999}, {"id": 77674471, "state": 2, "submissionId": 23825266, "reward": 1830180, "index": 1, "initialScore": 1720.31503255357, "initialConfidence": 35.0, "updatedScore": 1724.010228428246, "updatedConfidence": 35.0, "teamId": 99999}]}