{"id": 29410817, "competitionId": 30067, "createTime": {"seconds": 1635624175}, "endTime": {"seconds": 1635624175}, "agents": [{"id": 73916234, "state": 2, "submissionId": 23034455, "reward": 370053, "index": 0, "initialScore": 1675.8749534284632, "initialConfidence": 35.0, "updatedScore": 1674.1677374790056, "updatedConfidence": 35.0, "teamId": 99999}, {"id": 73916235, "state": 2, "submissionId": 23281649, "reward": 820047, "index": 1, "initialScore": 1884.624815044716, "initialConfidence": 35.0, "updatedScore": 1886.3320309941737, "updatedConfidence": 35.0, "teamId": 99999}]}