{"id": 30419130, "competitionId": 30067, "createTime": {"seconds": 1636611444}, "endTime": {"seconds": 1636611444}, "agents": [{"id": 75932858, "state": 2, "submissionId": 22866257, "reward": 0, "index": 0, "initialScore": 953.515834646652, "initialConfidence": 35.0, "updatedScore": 949.776008599421, "updatedConfidence": 35.0, "teamId": 99999}, {"id": 75932859, "state": 2, "submissionId": 23692494, "reward": 220006, "index": 1, "initialScore": 977.9936876223144, "initialConfidence": 108.38403683533907, "updatedScore": 1013.8566333103412, "updatedConfidence": 101.41179362681495, "teamId": 99999}]}