{"id": 29221665, "competitionId": 30067, "createTime": {"seconds": 1635425642}, "endTime": {"seconds": 1635425642}, "agents": [{"id": 73537930, "state": 2, "submissionId": 23323058, "reward": 50005, "index": 0, "initialScore": 1715.2327996024694, "initialConfidence": 35.0, "updatedScore": 1712.8378539288396, "updatedConfidence": 35.0, "teamId": 99999}, {"id": 73537931, "state": 2, "submissionId": 23281649, "reward": 250017, "index": 1, "initialScore": 1861.3412470852877, "initialConfidence": 35.0, "updatedScore": 1863.736192758917, "updatedConfidence": 35.0, "teamId": 99999}]}