{"id": 31843242, "competitionId": 30067, "createTime": {"seconds": 1637742458}, "endTime": {"seconds": 1637742458}, "agents": [{"id": 78781082, "state": 2, "submissionId": 23281649, "reward": 270020, "index": 0, "initialScore": 1993.419401907379, "initialConfidence": 35.0, "updatedScore": 1995.7970915714152, "updatedConfidence": 35.0, "teamId": 99999}, {"id": 78781083, "state": 2, "submissionId": 23825143, "reward": 240024, "index": 1, "initialScore": 1845.876594412606, "initialConfidence": 35.0, "updatedScore": 1843.4989047485697, "updatedConfidence": 35.0, "teamId": 99999}]}