{"id": 31315533, "competitionId": 30067, "createTime": {"seconds": 1637349774}, "endTime": {"seconds": 1637349774}, "agents": [{"id": 77725664, "state": 2, "submissionId": 23825370, "reward": 40004, "index": 0, "initialScore": 1725.911338235854, "initialConfidence": 35.0, "updatedScore": 1730.1755548531255, "updatedConfidence": 35.0, "teamId": 99999}, {"id": 77725665, "state": 2, "submissionId": 23551893, "reward": 1, "index": 1, "initialScore": 1711.9361822867552, "initialConfidence": 35.0, "updatedScore": 1707.6719656694836, "updatedConfidence": 35.0, "teamId": 99999}]}