{"id": 30842433, "competitionId": 30067, "createTime": {"seconds": 1636971154}, "endTime": {"seconds": 1636971154}, "agents": [{"id": 76779464, "state": 2, "submissionId": 23692494, "reward": 40007, "index": 0, "initialScore": 1724.786269379924, "initialConfidence": 35.0, "updatedScore": 1729.8146516056638, "updatedConfidence": 35.0, "teamId": 99999}, {"id": 76779465, "state": 2, "submissionId": 23642597, "reward": 20010, "index": 1, "initialScore": 1756.654742974751, "initialConfidence": 35.0, "updatedScore": 1751.6263607490112, "updatedConfidence": 35.0, "teamId": 99999}]}