{"id": 29851658, "competitionId": 30067, "createTime": {"seconds": 1636093783}, "endTime": {"seconds": 1636093783}, "agents": [{"id": 74797914, "state": 2, "submissionId": 23353472, "reward": 50005, "index": 0, "initialScore": 1691.8991459111774, "initialConfidence": 35.0, "updatedScore": 1690.3539233830006, "updatedConfidence": 35.0, "teamId": 99999}, {"id": 74797915, "state": 2, "submissionId": 23281649, "reward": 140006, "index": 1, "initialScore": 1917.536758365803, "initialConfidence": 35.0, "updatedScore": 1919.08198089398, "updatedConfidence": 35.0, "teamId": 99999}]}