{"id": 31142924, "competitionId": 30067, "createTime": {"seconds": 1637214827}, "endTime": {"seconds": 1637214827}, "agents": [{"id": 77380446, "state": 2, "submissionId": 23674326, "reward": 1150032, "index": 0, "initialScore": 1750.2078394812631, "initialConfidence": 35.0, "updatedScore": 1744.0077977692197, "updatedConfidence": 35.0, "teamId": 99999}, {"id": 77380447, "state": 2, "submissionId": 23825370, "reward": 1780044, "index": 1, "initialScore": 1653.1145500882317, "initialConfidence": 35.12985849297708, "updatedScore": 1659.3606844678966, "updatedConfidence": 35.0, "teamId": 99999}]}