{"id": 30447744, "competitionId": 30067, "createTime": {"seconds": 1636636201}, "endTime": {"seconds": 1636636201}, "agents": [{"id": 75990086, "state": 2, "submissionId": 23281649, "reward": 160004, "index": 0, "initialScore": 1969.4735888081705, "initialConfidence": 35.0, "updatedScore": 1971.3173226664292, "updatedConfidence": 35.0, "teamId": 99999}, {"id": 75990087, "state": 2, "submissionId": 23554433, "reward": 2, "index": 1, "initialScore": 1774.206816162065, "initialConfidence": 35.0, "updatedScore": 1772.363082303806, "updatedConfidence": 35.0, "teamId": 99999}]}