{"id": 31802529, "competitionId": 30067, "createTime": {"seconds": 1637713424}, "endTime": {"seconds": 1637713424}, "agents": [{"id": 78699656, "state": 2, "submissionId": 23281649, "reward": 110003, "index": 0, "initialScore": 1987.2787140010196, "initialConfidence": 35.0, "updatedScore": 1989.5424780455696, "updatedConfidence": 35.0, "teamId": 99999}, {"id": 78699657, "state": 2, "submissionId": 23770016, "reward": 10002, "index": 1, "initialScore": 1830.116399180861, "initialConfidence": 35.0, "updatedScore": 1827.8526351363105, "updatedConfidence": 35.0, "teamId": 99999}]}