{"id": 30852690, "competitionId": 30067, "createTime": {"seconds": 1636979556}, "endTime": {"seconds": 1636979556}, "agents": [{"id": 76799978, "state": 2, "submissionId": 23554433, "reward": 150005, "index": 0, "initialScore": 1789.559274503559, "initialConfidence": 35.0, "updatedScore": 1788.230128232564, "updatedConfidence": 35.0, "teamId": 99999}, {"id": 76799979, "state": 2, "submissionId": 23297953, "reward": 1640050, "index": 1, "initialScore": 2039.9160962222431, "initialConfidence": 35.0, "updatedScore": 2041.2452424932385, "updatedConfidence": 35.0, "teamId": 99999}]}