{"id": 30992279, "competitionId": 30067, "createTime": {"seconds": 1637094226}, "endTime": {"seconds": 1637094226}, "agents": [{"id": 77079156, "state": 2, "submissionId": 23825143, "reward": 30003, "index": 0, "initialScore": 1638.113195443852, "initialConfidence": 42.08028051970354, "updatedScore": 1633.2489373812184, "updatedConfidence": 41.64368779686348, "teamId": 99999}, {"id": 77079157, "state": 2, "submissionId": 23543917, "reward": 120013, "index": 1, "initialScore": 1710.083576763737, "initialConfidence": 35.0, "updatedScore": 1713.4486571521202, "updatedConfidence": 35.0, "teamId": 99999}]}