{"id": 31014765, "competitionId": 30067, "createTime": {"seconds": 1637112259}, "endTime": {"seconds": 1637112259}, "agents": [{"id": 77124128, "state": 2, "submissionId": 23297953, "reward": 1070034, "index": 0, "initialScore": 2058.752074506835, "initialConfidence": 35.0, "updatedScore": 2060.0812207778304, "updatedConfidence": 35.0, "teamId": 99999}, {"id": 77124129, "state": 2, "submissionId": 23642575, "reward": 40006, "index": 1, "initialScore": 1791.6330979168774, "initialConfidence": 35.0, "updatedScore": 1790.3039516458823, "updatedConfidence": 35.0, "teamId": 99999}]}