{"id": 30468699, "competitionId": 30067, "createTime": {"seconds": 1636654438}, "endTime": {"seconds": 1636654438}, "agents": [{"id": 76031996, "state": 2, "submissionId": 23554433, "reward": 10002, "index": 0, "initialScore": 1769.1051683949458, "initialConfidence": 35.0, "updatedScore": 1767.736586135502, "updatedConfidence": 35.0, "teamId": 99999}, {"id": 76031997, "state": 2, "submissionId": 23297953, "reward": 870019, "index": 1, "initialScore": 2014.4788888329624, "initialConfidence": 35.0, "updatedScore": 2015.8474710924063, "updatedConfidence": 35.0, "teamId": 99999}]}