{"id": 30976374, "competitionId": 30067, "createTime": {"seconds": 1637080975}, "endTime": {"seconds": 1637080975}, "agents": [{"id": 77047346, "state": 2, "submissionId": 23573053, "reward": 0, "index": 0, "initialScore": 1263.3515756007546, "initialConfidence": 35.0, "updatedScore": 1259.7647284289114, "updatedConfidence": 35.0, "teamId": 99999}, {"id": 77047347, "state": 2, "submissionId": 23825370, "reward": 410016, "index": 1, "initialScore": 1312.1827925851924, "initialConfidence": 75.67081980832275, "updatedScore": 1328.948954740193, "updatedConfidence": 73.17793893919377, "teamId": 99999}]}