{"id": 32049526, "competitionId": 30067, "createTime": {"seconds": 1637887301}, "endTime": {"seconds": 1637887301}, "agents": [{"id": 79193650, "state": 2, "submissionId": 23825370, "reward": 430037, "index": 0, "initialScore": 1831.8882629179816, "initialConfidence": 35.0, "updatedScore": 1834.819613159391, "updatedConfidence": 35.0, "teamId": 99999}, {"id": 79193651, "state": 2, "submissionId": 23790148, "reward": 1, "index": 1, "initialScore": 1727.8430771491317, "initialConfidence": 35.0, "updatedScore": 1724.9117269077224, "updatedConfidence": 35.0, "teamId": 99999}]}