{"id": 30983522, "competitionId": 30067, "createTime": {"seconds": 1637086989}, "endTime": {"seconds": 1637086989}, "agents": [{"id": 77061642, "state": 2, "submissionId": 23475004, "reward": 90007, "index": 0, "initialScore": 1546.9610831063571, "initialConfidence": 35.0, "updatedScore": 1542.765896952368, "updatedConfidence": 35.0, "teamId": 99999}, {"id": 77061643, "state": 2, "submissionId": 23825266, "reward": 2740260, "index": 1, "initialScore": 1563.4390299592746, "initialConfidence": 43.86477296643997, "updatedScore": 1570.0284458628096, "updatedConfidence": 43.31745888788614, "teamId": 99999}]}