{"id": 30807614, "competitionId": 30067, "createTime": {"seconds": 1636942324}, "endTime": {"seconds": 1636942324}, "agents": [{"id": 76709826, "state": 2, "submissionId": 23297953, "reward": 60003, "index": 0, "initialScore": 2034.5585318929288, "initialConfidence": 35.0, "updatedScore": 2035.9235254249008, "updatedConfidence": 35.0, "teamId": 99999}, {"id": 76709827, "state": 2, "submissionId": 23554433, "reward": 50003, "index": 1, "initialScore": 1788.7674056455985, "initialConfidence": 35.0, "updatedScore": 1787.4024121136265, "updatedConfidence": 35.0, "teamId": 99999}]}