{"id": 31617784, "competitionId": 30067, "createTime": {"seconds": 1637577276}, "endTime": {"seconds": 1637577276}, "agents": [{"id": 78330166, "state": 2, "submissionId": 23825224, "reward": 10001, "index": 0, "initialScore": 1851.0324277252064, "initialConfidence": 35.0, "updatedScore": 1848.0308321108832, "updatedConfidence": 35.0, "teamId": 99999}, {"id": 78330167, "state": 2, "submissionId": 23692494, "reward": 200009, "index": 1, "initialScore": 1949.8817974860456, "initialConfidence": 35.0, "updatedScore": 1952.8833931003687, "updatedConfidence": 35.0, "teamId": 99999}]}