{"id": 31289927, "competitionId": 30067, "createTime": {"seconds": 1637329836}, "endTime": {"seconds": 1637329836}, "agents": [{"id": 77674452, "state": 2, "submissionId": 23825329, "reward": 620062, "index": 0, "initialScore": 1798.4912678339872, "initialConfidence": 35.0, "updatedScore": 1793.101626595028, "updatedConfidence": 35.0, "teamId": 99999}, {"id": 77674453, "state": 2, "submissionId": 23642575, "reward": 730033, "index": 1, "initialScore": 1745.9552403864282, "initialConfidence": 35.0, "updatedScore": 1751.3448816253874, "updatedConfidence": 35.0, "teamId": 99999}]}