{"id": 31414716, "competitionId": 30067, "createTime": {"seconds": 1637425777}, "endTime": {"seconds": 1637425777}, "agents": [{"id": 77924030, "state": 2, "submissionId": 23032370, "reward": 160017, "index": 0, "initialScore": 1838.8214188649752, "initialConfidence": 35.0, "updatedScore": 1833.9314213745968, "updatedConfidence": 35.0, "teamId": 99999}, {"id": 77924031, "state": 2, "submissionId": 23825329, "reward": 1080107, "index": 1, "initialScore": 1815.0267462199256, "initialConfidence": 35.0, "updatedScore": 1819.916743710304, "updatedConfidence": 35.0, "teamId": 99999}]}