{"id": 30578042, "competitionId": 30067, "createTime": {"seconds": 1636749033}, "endTime": {"seconds": 1636749033}, "agents": [{"id": 76250682, "state": 2, "submissionId": 22917589, "reward": 470043, "index": 0, "initialScore": 1548.1656538913862, "initialConfidence": 35.0, "updatedScore": 1544.31923689053, "updatedConfidence": 35.0, "teamId": 99999}, {"id": 76250683, "state": 2, "submissionId": 23692494, "reward": 2240054, "index": 1, "initialScore": 1588.7208276483768, "initialConfidence": 35.0, "updatedScore": 1592.567244649233, "updatedConfidence": 35.0, "teamId": 99999}]}