{"id": 28601920, "competitionId": 30067, "createTime": {"seconds": 1634723260}, "endTime": {"seconds": 1634723260}, "agents": [{"id": 72300440, "state": 2, "submissionId": 23109751, "reward": 0, "index": 0, "initialScore": 1566.3795518828786, "initialConfidence": 35.0, "updatedScore": 1562.2422531965146, "updatedConfidence": 35.0, "teamId": 99999}, {"id": 72300441, "state": 2, "submissionId": 23297953, "reward": 290001, "index": 1, "initialScore": 1588.3003235784436, "initialConfidence": 35.0, "updatedScore": 1592.4376222648075, "updatedConfidence": 35.0, "teamId": 99999}]}