{"id": 29694208, "competitionId": 30067, "createTime": {"seconds": 1635941758}, "endTime": {"seconds": 1635941758}, "agents": [{"id": 74483014, "state": 2, "submissionId": 23297953, "reward": 900030, "index": 0, "initialScore": 1935.45328160304, "initialConfidence": 35.0, "updatedScore": 1936.9850250271893, "updatedConfidence": 35.0, "teamId": 99999}, {"id": 74483015, "state": 2, "submissionId": 23308353, "reward": 170018, "index": 1, "initialScore": 1708.3616776974793, "initialConfidence": 35.0, "updatedScore": 1706.8299342733296, "updatedConfidence": 35.0, "teamId": 99999}]}