{"id": 30841375, "competitionId": 30067, "createTime": {"seconds": 1636970198}, "endTime": {"seconds": 1636970198}, "agents": [{"id": 76777348, "state": 2, "submissionId": 23692494, "reward": 390014, "index": 0, "initialScore": 1720.0980693491897, "initialConfidence": 35.0, "updatedScore": 1724.786269379924, "updatedConfidence": 35.0, "teamId": 99999}, {"id": 76777349, "state": 2, "submissionId": 23543954, "reward": 80008, "index": 1, "initialScore": 1731.9488971769651, "initialConfidence": 35.0, "updatedScore": 1727.2606971462303, "updatedConfidence": 35.0, "teamId": 99999}]}