{"id": 28769538, "competitionId": 30067, "createTime": {"seconds": 1634921991}, "endTime": {"seconds": 1634921991}, "agents": [{"id": 72635676, "state": 2, "submissionId": 23281649, "reward": 140010, "index": 0, "initialScore": 1749.6231840601324, "initialConfidence": 35.0, "updatedScore": 1752.8069913143613, "updatedConfidence": 35.0, "teamId": 99999}, {"id": 72635677, "state": 2, "submissionId": 23323058, "reward": 10001, "index": 1, "initialScore": 1663.968888106548, "initialConfidence": 35.0, "updatedScore": 1660.785080852319, "updatedConfidence": 35.0, "teamId": 99999}]}