{"id": 31490107, "competitionId": 30067, "createTime": {"seconds": 1637482654}, "endTime": {"seconds": 1637482654}, "agents": [{"id": 78074812, "state": 2, "submissionId": 23825370, "reward": 680062, "index": 0, "initialScore": 1776.6565489894742, "initialConfidence": 35.0, "updatedScore": 1779.8047493569882, "updatedConfidence": 35.0, "teamId": 99999}, {"id": 78074813, "state": 2, "submissionId": 23857696, "reward": 230013, "index": 1, "initialScore": 1688.4543816825358, "initialConfidence": 35.0, "updatedScore": 1685.3061813150218, "updatedConfidence": 35.0, "teamId": 99999}]}