{"id": 31278633, "competitionId": 30067, "createTime": {"seconds": 1637320963}, "endTime": {"seconds": 1637320963}, "agents": [{"id": 77651864, "state": 2, "submissionId": 23281649, "reward": 1, "index": 0, "initialScore": 1947.113116507909, "initialConfidence": 35.0, "updatedScore": 1940.0331837542165, "updatedConfidence": 35.0, "teamId": 99999}, {"id": 77651865, "state": 2, "submissionId": 23825224, "reward": 30003, "index": 1, "initialScore": 1804.0466234754224, "initialConfidence": 35.0, "updatedScore": 1811.1265562291148, "updatedConfidence": 35.0, "teamId": 99999}]}