{"id": 29028785, "competitionId": 30067, "createTime": {"seconds": 1635215235}, "endTime": {"seconds": 1635215235}, "agents": [{"id": 73154170, "state": 2, "submissionId": 23323058, "reward": 420042, "index": 0, "initialScore": 1724.0656299879122, "initialConfidence": 35.0, "updatedScore": 1720.923403375289, "updatedConfidence": 35.0, "teamId": 99999}, {"id": 73154171, "state": 2, "submissionId": 23281649, "reward": 940043, "index": 1, "initialScore": 1812.6966693406855, "initialConfidence": 35.0, "updatedScore": 1815.838895953309, "updatedConfidence": 35.0, "teamId": 99999}]}