{"id": 31021235, "competitionId": 30067, "createTime": {"seconds": 1637117603}, "endTime": {"seconds": 1637117603}, "agents": [{"id": 77137068, "state": 2, "submissionId": 23552923, "reward": 360038, "index": 0, "initialScore": 1491.9921766748114, "initialConfidence": 35.0, "updatedScore": 1489.176239292058, "updatedConfidence": 35.0, "teamId": 99999}, {"id": 77137069, "state": 2, "submissionId": 23825266, "reward": 1110103, "index": 1, "initialScore": 1604.3373605786032, "initialConfidence": 39.73302849395717, "updatedScore": 1607.9663879348495, "updatedConfidence": 39.39660504516173, "teamId": 99999}]}