{"id": 30289263, "competitionId": 30067, "createTime": {"seconds": 1636496578}, "endTime": {"seconds": 1636496578}, "agents": [{"id": 75673124, "state": 2, "submissionId": 23281649, "reward": 420023, "index": 0, "initialScore": 1962.448567727459, "initialConfidence": 35.0, "updatedScore": 1964.3416403891983, "updatedConfidence": 35.0, "teamId": 99999}, {"id": 75673125, "state": 2, "submissionId": 23554491, "reward": 120003, "index": 1, "initialScore": 1771.9060430615807, "initialConfidence": 35.0, "updatedScore": 1770.0129703998412, "updatedConfidence": 35.0, "teamId": 99999}]}