{"id": 29861254, "competitionId": 30067, "createTime": {"seconds": 1636102903}, "endTime": {"seconds": 1636102903}, "agents": [{"id": 74817106, "state": 2, "submissionId": 23297953, "reward": 420007, "index": 0, "initialScore": 1953.7278380634, "initialConfidence": 35.0, "updatedScore": 1955.3635693133035, "updatedConfidence": 35.0, "teamId": 99999}, {"id": 74817107, "state": 2, "submissionId": 23323058, "reward": 10001, "index": 1, "initialScore": 1737.6539100949235, "initialConfidence": 35.0, "updatedScore": 1736.0181788450209, "updatedConfidence": 35.0, "teamId": 99999}]}