{"id": 30975484, "competitionId": 30067, "createTime": {"seconds": 1637080257}, "endTime": {"seconds": 1637080257}, "agents": [{"id": 77045566, "state": 2, "submissionId": 23329729, "reward": 0, "index": 0, "initialScore": 1420.896681441824, "initialConfidence": 35.0, "updatedScore": 1416.234154177369, "updatedConfidence": 35.0, "teamId": 99999}, {"id": 77045567, "state": 2, "submissionId": 23825143, "reward": 820030, "index": 1, "initialScore": 1399.4271081372, "initialConfidence": 69.63019620110042, "updatedScore": 1417.8806839557826, "updatedConfidence": 67.42240040766855, "teamId": 99999}]}