{"id": 32021292, "competitionId": 30067, "createTime": {"seconds": 1637867574}, "endTime": {"seconds": 1637867574}, "agents": [{"id": 79137182, "state": 2, "submissionId": 23825143, "reward": 400037, "index": 0, "initialScore": 1862.9454084161532, "initialConfidence": 35.0, "updatedScore": 1860.5297787928605, "updatedConfidence": 35.0, "teamId": 99999}, {"id": 79137183, "state": 2, "submissionId": 23692494, "reward": 1080036, "index": 1, "initialScore": 2007.3421078544852, "initialConfidence": 35.0, "updatedScore": 2009.7577374777784, "updatedConfidence": 35.0, "teamId": 99999}]}