{"id": 30977862, "competitionId": 30067, "createTime": {"seconds": 1637082174}, "endTime": {"seconds": 1637082174}, "agents": [{"id": 77050322, "state": 2, "submissionId": 23500307, "reward": 170020, "index": 0, "initialScore": 1419.2979102199522, "initialConfidence": 35.0, "updatedScore": 1414.5317237250774, "updatedConfidence": 35.0, "teamId": 99999}, {"id": 77050323, "state": 2, "submissionId": 23825370, "reward": 2520242, "index": 1, "initialScore": 1393.3602193432434, "initialConfidence": 64.80374083634278, "updatedScore": 1409.6995813941835, "updatedConfidence": 62.99295771410884, "teamId": 99999}]}