{"id": 30980245, "competitionId": 30067, "createTime": {"seconds": 1637084348}, "endTime": {"seconds": 1637084348}, "agents": [{"id": 77055088, "state": 2, "submissionId": 23562955, "reward": 0, "index": 0, "initialScore": 1441.513923395658, "initialConfidence": 35.0, "updatedScore": 1437.3288086444804, "updatedConfidence": 35.0, "teamId": 99999}, {"id": 77055089, "state": 2, "submissionId": 23825370, "reward": 490057, "index": 1, "initialScore": 1456.0423454891547, "initialConfidence": 54.07686805682456, "updatedScore": 1466.0330092605614, "updatedConfidence": 53.06559991409981, "teamId": 99999}]}