{"id": 30979951, "competitionId": 30067, "createTime": {"seconds": 1637084108}, "endTime": {"seconds": 1637084108}, "agents": [{"id": 77054500, "state": 2, "submissionId": 23825329, "reward": 1050087, "index": 0, "initialScore": 1582.0622014318535, "initialConfidence": 53.1607715805333, "updatedScore": 1587.8363986256843, "updatedConfidence": 52.41634399841293, "teamId": 99999}, {"id": 77054501, "state": 2, "submissionId": 23416149, "reward": 90009, "index": 1, "initialScore": 1445.935667203111, "initialConfidence": 35.0, "updatedScore": 1443.432757692119, "updatedConfidence": 35.0, "teamId": 99999}]}