{"id": 31656442, "competitionId": 30067, "createTime": {"seconds": 1637605625}, "endTime": {"seconds": 1637605625}, "agents": [{"id": 78407482, "state": 2, "submissionId": 23297953, "reward": 590030, "index": 0, "initialScore": 2000.6901270906037, "initialConfidence": 35.0, "updatedScore": 2002.991490159185, "updatedConfidence": 35.0, "teamId": 99999}, {"id": 78407483, "state": 2, "submissionId": 23825224, "reward": 520050, "index": 1, "initialScore": 1846.732034256932, "initialConfidence": 35.0, "updatedScore": 1844.4306711883496, "updatedConfidence": 35.0, "teamId": 99999}]}