{"id": 30984165, "competitionId": 30067, "createTime": {"seconds": 1637087470}, "endTime": {"seconds": 1637087470}, "agents": [{"id": 77062928, "state": 2, "submissionId": 23825329, "reward": 230013, "index": 0, "initialScore": 1680.1693001062672, "initialConfidence": 43.6062550867998, "updatedScore": 1685.3409509116989, "updatedConfidence": 43.12361517551675, "teamId": 99999}, {"id": 77062929, "state": 2, "submissionId": 23608768, "reward": 10001, "index": 1, "initialScore": 1606.075018285051, "initialConfidence": 35.0, "updatedScore": 1602.743304390819, "updatedConfidence": 35.0, "teamId": 99999}]}