{"id": 30974298, "competitionId": 30067, "createTime": {"seconds": 1637079294}, "endTime": {"seconds": 1637079294}, "agents": [{"id": 77043194, "state": 2, "submissionId": 23522884, "reward": 0, "index": 0, "initialScore": 1324.0413537641168, "initialConfidence": 35.0, "updatedScore": 1319.6688157137498, "updatedConfidence": 35.0, "teamId": 99999}, {"id": 77043195, "state": 2, "submissionId": 23825143, "reward": 1050030, "index": 1, "initialScore": 1316.4552865597666, "initialConfidence": 80.80844335676859, "updatedScore": 1339.7636075580554, "updatedConfidence": 77.51874601919691, "teamId": 99999}]}