{"id": 31440003, "competitionId": 30067, "createTime": {"seconds": 1637444974}, "endTime": {"seconds": 1637444974}, "agents": [{"id": 77974604, "state": 2, "submissionId": 23825266, "reward": 2110206, "index": 0, "initialScore": 1775.3800941901995, "initialConfidence": 35.0, "updatedScore": 1779.4763656134553, "updatedConfidence": 35.0, "teamId": 99999}, {"id": 77974605, "state": 2, "submissionId": 23674333, "reward": 30007, "index": 1, "initialScore": 1750.8677446125312, "initialConfidence": 35.0, "updatedScore": 1746.7714731892754, "updatedConfidence": 35.0, "teamId": 99999}]}