{"id": 28480078, "competitionId": 30067, "createTime": {"seconds": 1634573310}, "endTime": {"seconds": 1634573310}, "agents": [{"id": 72056756, "state": 2, "submissionId": 23219209, "reward": 0, "index": 0, "initialScore": 799.1539853712308, "initialConfidence": 35.0, "updatedScore": 795.9279314220829, "updatedConfidence": 35.0, "teamId": 99999}, {"id": 72056757, "state": 2, "submissionId": 23297953, "reward": 210020, "index": 1, "initialScore": 850.5154752404748, "initialConfidence": 140.0, "updatedScore": 902.1323384268404, "updatedConfidence": 127.07858189286426, "teamId": 99999}]}