{"id": 31452123, "competitionId": 30067, "createTime": {"seconds": 1637454095}, "endTime": {"seconds": 1637454095}, "agents": [{"id": 77998844, "state": 2, "submissionId": 23825329, "reward": 170002, "index": 0, "initialScore": 1825.7040278712395, "initialConfidence": 35.0, "updatedScore": 1823.083802277938, "updatedConfidence": 35.0, "teamId": 99999}, {"id": 77998845, "state": 2, "submissionId": 23281649, "reward": 520030, "index": 1, "initialScore": 1953.585967597892, "initialConfidence": 35.0, "updatedScore": 1956.2061931911933, "updatedConfidence": 35.0, "teamId": 99999}]}