{"id": 28752945, "competitionId": 30067, "createTime": {"seconds": 1634902793}, "endTime": {"seconds": 1634902793}, "agents": [{"id": 72602490, "state": 2, "submissionId": 23297953, "reward": 260018, "index": 0, "initialScore": 1687.323061401523, "initialConfidence": 35.0, "updatedScore": 1690.838256672383, "updatedConfidence": 35.0, "teamId": 99999}, {"id": 72602491, "state": 2, "submissionId": 23113401, "reward": 10004, "index": 1, "initialScore": 1624.7360622697884, "initialConfidence": 35.0, "updatedScore": 1621.2208669989286, "updatedConfidence": 35.0, "teamId": 99999}]}