{"id": 28485903, "competitionId": 30067, "createTime": {"seconds": 1634580510}, "endTime": {"seconds": 1634580510}, "agents": [{"id": 72068406, "state": 2, "submissionId": 23297953, "reward": 280006, "index": 0, "initialScore": 1428.3570785991774, "initialConfidence": 46.12465449924503, "updatedScore": 1436.578149656753, "updatedConfidence": 45.4560562768372, "teamId": 99999}, {"id": 72068407, "state": 2, "submissionId": 22636823, "reward": 2, "index": 1, "initialScore": 1445.7399769531887, "initialConfidence": 35.0, "updatedScore": 1441.0063041188514, "updatedConfidence": 35.0, "teamId": 99999}]}