{"id": 31027803, "competitionId": 30067, "createTime": {"seconds": 1637122884}, "endTime": {"seconds": 1637122884}, "agents": [{"id": 77150204, "state": 2, "submissionId": 23674317, "reward": 120012, "index": 0, "initialScore": 1753.6137454474683, "initialConfidence": 35.0, "updatedScore": 1750.2417280864297, "updatedConfidence": 35.0, "teamId": 99999}, {"id": 77150205, "state": 2, "submissionId": 23692494, "reward": 460007, "index": 1, "initialScore": 1826.03018825477, "initialConfidence": 35.0, "updatedScore": 1829.402205615809, "updatedConfidence": 35.0, "teamId": 99999}]}