{"id": 31736966, "competitionId": 30067, "createTime": {"seconds": 1637666423}, "endTime": {"seconds": 1637666423}, "agents": [{"id": 78568530, "state": 2, "submissionId": 23297953, "reward": 160016, "index": 0, "initialScore": 1995.2422692245284, "initialConfidence": 35.0, "updatedScore": 1987.6146716508265, "updatedConfidence": 35.0, "teamId": 99999}, {"id": 78568531, "state": 2, "submissionId": 23825143, "reward": 1060087, "index": 1, "initialScore": 1824.5087002104988, "initialConfidence": 35.0, "updatedScore": 1832.136297784201, "updatedConfidence": 35.0, "teamId": 99999}]}