{"id": 31488821, "competitionId": 30067, "createTime": {"seconds": 1637481694}, "endTime": {"seconds": 1637481694}, "agents": [{"id": 78072240, "state": 2, "submissionId": 23825224, "reward": 1780171, "index": 0, "initialScore": 1835.6426970063087, "initialConfidence": 35.0, "updatedScore": 1832.5781693115969, "updatedConfidence": 35.0, "teamId": 99999}, {"id": 78072241, "state": 2, "submissionId": 23692494, "reward": 3030088, "index": 1, "initialScore": 1929.8899380712417, "initialConfidence": 35.0, "updatedScore": 1932.954465765954, "updatedConfidence": 35.0, "teamId": 99999}]}