{"id": 30921163, "competitionId": 30067, "createTime": {"seconds": 1637036066}, "endTime": {"seconds": 1637036066}, "agents": [{"id": 76936924, "state": 2, "submissionId": 23554491, "reward": 0, "index": 0, "initialScore": 1800.6513960870411, "initialConfidence": 35.0, "updatedScore": 1799.300569391487, "updatedConfidence": 35.0, "teamId": 99999}, {"id": 76936925, "state": 2, "submissionId": 23297953, "reward": 640016, "index": 1, "initialScore": 2048.0972239143134, "initialConfidence": 35.0, "updatedScore": 2049.448050609868, "updatedConfidence": 35.0, "teamId": 99999}]}