{"id": 30919495, "competitionId": 30067, "createTime": {"seconds": 1637034629}, "endTime": {"seconds": 1637034629}, "agents": [{"id": 76933588, "state": 2, "submissionId": 23486319, "reward": 180014, "index": 0, "initialScore": 1693.591752189168, "initialConfidence": 35.0, "updatedScore": 1690.3115375041468, "updatedConfidence": 35.0, "teamId": 99999}, {"id": 76933589, "state": 2, "submissionId": 23692494, "reward": 2090048, "index": 1, "initialScore": 1772.4181782811297, "initialConfidence": 35.0, "updatedScore": 1775.698392966151, "updatedConfidence": 35.0, "teamId": 99999}]}