{"id": 28842347, "competitionId": 30067, "createTime": {"seconds": 1635005783}, "endTime": {"seconds": 1635005783}, "agents": [{"id": 72781294, "state": 2, "submissionId": 23281649, "reward": 230014, "index": 0, "initialScore": 1759.739609537365, "initialConfidence": 35.0, "updatedScore": 1762.356452419776, "updatedConfidence": 35.0, "teamId": 99999}, {"id": 72781295, "state": 2, "submissionId": 23243815, "reward": 2, "index": 1, "initialScore": 1631.5904465628985, "initialConfidence": 35.0, "updatedScore": 1628.9736036804877, "updatedConfidence": 35.0, "teamId": 99999}]}