{"id": 30976673, "competitionId": 30067, "createTime": {"seconds": 1637081214}, "endTime": {"seconds": 1637081214}, "agents": [{"id": 77047944, "state": 2, "submissionId": 23825266, "reward": 1330130, "index": 0, "initialScore": 1329.1072447400848, "initialConfidence": 68.58032105652704, "updatedScore": 1350.8836498432906, "updatedConfidence": 66.29649245542896, "teamId": 99999}, {"id": 77047945, "state": 2, "submissionId": 23499080, "reward": 2, "index": 1, "initialScore": 1411.50262018155, "initialConfidence": 35.0, "updatedScore": 1405.8307896263004, "updatedConfidence": 35.0, "teamId": 99999}]}