{"id": 32063908, "competitionId": 30067, "createTime": {"seconds": 1637897381}, "endTime": {"seconds": 1637897381}, "agents": [{"id": 79222414, "state": 2, "submissionId": 23825266, "reward": 100010, "index": 0, "initialScore": 1868.83551124347, "initialConfidence": 35.0, "updatedScore": 1866.179081947196, "updatedConfidence": 35.0, "teamId": 99999}, {"id": 79222415, "state": 2, "submissionId": 23281649, "reward": 180015, "index": 1, "initialScore": 1993.8690335913589, "initialConfidence": 35.0, "updatedScore": 1996.5254628876328, "updatedConfidence": 35.0, "teamId": 99999}]}