{"id": 31019145, "competitionId": 30067, "createTime": {"seconds": 1637115923}, "endTime": {"seconds": 1637115923}, "agents": [{"id": 77132888, "state": 2, "submissionId": 23674338, "reward": 870043, "index": 0, "initialScore": 1686.6839855406, "initialConfidence": 35.0, "updatedScore": 1682.8694143333362, "updatedConfidence": 35.0, "teamId": 99999}, {"id": 77132889, "state": 2, "submissionId": 23825329, "reward": 1120112, "index": 1, "initialScore": 1728.5353195065393, "initialConfidence": 39.79250491982346, "updatedScore": 1733.4660605549363, "updatedConfidence": 39.39950289632933, "teamId": 99999}]}