{"id": 28986467, "competitionId": 30067, "createTime": {"seconds": 1635167847}, "endTime": {"seconds": 1635167847}, "agents": [{"id": 73069534, "state": 2, "submissionId": 23281649, "reward": 550033, "index": 0, "initialScore": 1796.0300316961627, "initialConfidence": 35.0, "updatedScore": 1798.5350874872636, "updatedConfidence": 35.0, "teamId": 99999}, {"id": 73069535, "state": 2, "submissionId": 23128925, "reward": 150015, "index": 1, "initialScore": 1658.942322286103, "initialConfidence": 35.0, "updatedScore": 1656.4372664950022, "updatedConfidence": 35.0, "teamId": 99999}]}