{"id": 32021450, "competitionId": 30067, "createTime": {"seconds": 1637867578}, "endTime": {"seconds": 1637867578}, "agents": [{"id": 79137498, "state": 2, "submissionId": 23297953, "reward": 390015, "index": 0, "initialScore": 1971.8137244207765, "initialConfidence": 35.0, "updatedScore": 1974.3714844423723, "updatedConfidence": 35.0, "teamId": 99999}, {"id": 79137499, "state": 2, "submissionId": 23770016, "reward": 90012, "index": 1, "initialScore": 1838.9667241624145, "initialConfidence": 35.0, "updatedScore": 1836.4089641408184, "updatedConfidence": 35.0, "teamId": 99999}]}