{"id": 30531909, "competitionId": 30067, "createTime": {"seconds": 1636709185}, "endTime": {"seconds": 1636709185}, "agents": [{"id": 76158416, "state": 2, "submissionId": 23554433, "reward": 120002, "index": 0, "initialScore": 1763.7955310679924, "initialConfidence": 35.0, "updatedScore": 1762.466384796997, "updatedConfidence": 35.0, "teamId": 99999}, {"id": 76158417, "state": 2, "submissionId": 23297953, "reward": 320020, "index": 1, "initialScore": 2022.514345491504, "initialConfidence": 35.0, "updatedScore": 2023.843491762499, "updatedConfidence": 35.0, "teamId": 99999}]}