{"id": 28649151, "competitionId": 30067, "createTime": {"seconds": 1634780184}, "endTime": {"seconds": 1634780184}, "agents": [{"id": 72394902, "state": 2, "submissionId": 23055500, "reward": 0, "index": 0, "initialScore": 1617.0844465063965, "initialConfidence": 35.0, "updatedScore": 1612.7380466922389, "updatedConfidence": 35.0, "teamId": 99999}, {"id": 72394903, "state": 2, "submissionId": 23297953, "reward": 240002, "index": 1, "initialScore": 1625.97001276, "initialConfidence": 35.0, "updatedScore": 1630.3164125741573, "updatedConfidence": 35.0, "teamId": 99999}]}