{"id": 30977568, "competitionId": 30067, "createTime": {"seconds": 1637081934}, "endTime": {"seconds": 1637081934}, "agents": [{"id": 77049734, "state": 2, "submissionId": 23395400, "reward": 0, "index": 0, "initialScore": 1466.570299636422, "initialConfidence": 35.0, "updatedScore": 1462.288141205386, "updatedConfidence": 35.0, "teamId": 99999}, {"id": 77049735, "state": 2, "submissionId": 23825329, "reward": 260019, "index": 1, "initialScore": 1471.2854505229056, "initialConfidence": 65.20013279081992, "updatedScore": 1486.1456145443526, "updatedConfidence": 63.43935982899563, "teamId": 99999}]}