{"id": 28479498, "competitionId": 30067, "createTime": {"seconds": 1634572590}, "endTime": {"seconds": 1634572590}, "agents": [{"id": 72055596, "state": 2, "submissionId": 23297953, "reward": 310021, "index": 0, "initialScore": 729.0676657714913, "initialConfidence": 170.0, "updatedScore": 799.9452722545864, "updatedConfidence": 155.0, "teamId": 99999}, {"id": 72055597, "state": 2, "submissionId": 22475351, "reward": 10001, "index": 1, "initialScore": 672.5933407653997, "initialConfidence": 35.0, "updatedScore": 669.5890131549571, "updatedConfidence": 35.0, "teamId": 99999}]}