{"id": 31623509, "competitionId": 30067, "createTime": {"seconds": 1637581590}, "endTime": {"seconds": 1637581590}, "agents": [{"id": 78341616, "state": 2, "submissionId": 23674326, "reward": 20003, "index": 0, "initialScore": 1773.9841748287274, "initialConfidence": 35.0, "updatedScore": 1769.515753722856, "updatedConfidence": 35.0, "teamId": 99999}, {"id": 78341617, "state": 2, "submissionId": 23825370, "reward": 500048, "index": 1, "initialScore": 1775.3894839109785, "initialConfidence": 35.0, "updatedScore": 1779.8579050168498, "updatedConfidence": 35.0, "teamId": 99999}]}