{"id": 28549623, "competitionId": 30067, "createTime": {"seconds": 1634659645}, "endTime": {"seconds": 1634659645}, "agents": [{"id": 72195846, "state": 2, "submissionId": 23281649, "reward": 890051, "index": 0, "initialScore": 1646.787502430812, "initialConfidence": 35.0, "updatedScore": 1650.832825619905, "updatedConfidence": 35.0, "teamId": 99999}, {"id": 72195847, "state": 2, "submissionId": 23139746, "reward": 200020, "index": 1, "initialScore": 1619.0406480419776, "initialConfidence": 35.0, "updatedScore": 1614.9953248528846, "updatedConfidence": 35.0, "teamId": 99999}]}