{"id": 28752939, "competitionId": 30067, "createTime": {"seconds": 1634902792}, "endTime": {"seconds": 1634902792}, "agents": [{"id": 72602478, "state": 2, "submissionId": 23159502, "reward": 0, "index": 0, "initialScore": 1634.1620608566907, "initialConfidence": 35.0, "updatedScore": 1630.4510547554637, "updatedConfidence": 35.0, "teamId": 99999}, {"id": 72602479, "state": 2, "submissionId": 23297953, "reward": 490022, "index": 1, "initialScore": 1683.612055300296, "initialConfidence": 35.0, "updatedScore": 1687.323061401523, "updatedConfidence": 35.0, "teamId": 99999}]}