{"id": 28703606, "competitionId": 30067, "createTime": {"seconds": 1634844265}, "endTime": {"seconds": 1634844265}, "agents": [{"id": 72503812, "state": 2, "submissionId": 23010508, "reward": 0, "index": 0, "initialScore": 1642.8986838557769, "initialConfidence": 35.0, "updatedScore": 1638.7294583728242, "updatedConfidence": 35.0, "teamId": 99999}, {"id": 72503813, "state": 2, "submissionId": 23297953, "reward": 110009, "index": 1, "initialScore": 1662.8106492678182, "initialConfidence": 35.0, "updatedScore": 1666.979874750771, "updatedConfidence": 35.0, "teamId": 99999}]}