{"id": 29096611, "competitionId": 30067, "createTime": {"seconds": 1635289795}, "endTime": {"seconds": 1635289795}, "agents": [{"id": 73289822, "state": 2, "submissionId": 23297953, "reward": 0, "index": 0, "initialScore": 1824.2972858323, "initialConfidence": 35.0, "updatedScore": 1817.8527815854452, "updatedConfidence": 35.0, "teamId": 99999}, {"id": 73289823, "state": 2, "submissionId": 23323058, "reward": 370037, "index": 1, "initialScore": 1714.2445434916654, "initialConfidence": 35.0, "updatedScore": 1720.6890477385198, "updatedConfidence": 35.0, "teamId": 99999}]}