{"id": 28825750, "competitionId": 30067, "createTime": {"seconds": 1634986821}, "endTime": {"seconds": 1634986821}, "agents": [{"id": 72748100, "state": 2, "submissionId": 23159502, "reward": 610054, "index": 0, "initialScore": 1627.0871947942503, "initialConfidence": 35.0, "updatedScore": 1633.9693450455093, "updatedConfidence": 35.0, "teamId": 99999}, {"id": 72748101, "state": 2, "submissionId": 23281649, "reward": 250018, "index": 1, "initialScore": 1759.9905325133705, "initialConfidence": 35.0, "updatedScore": 1753.1083822621115, "updatedConfidence": 35.0, "teamId": 99999}]}