{"id": 29910994, "competitionId": 30067, "createTime": {"seconds": 1636150388}, "endTime": {"seconds": 1636150388}, "agents": [{"id": 74916586, "state": 2, "submissionId": 23281649, "reward": 370028, "index": 0, "initialScore": 1929.203697739768, "initialConfidence": 35.0, "updatedScore": 1931.43605407087, "updatedConfidence": 35.0, "teamId": 99999}, {"id": 74916587, "state": 2, "submissionId": 23554491, "reward": 270027, "index": 1, "initialScore": 1769.3416249246573, "initialConfidence": 35.0, "updatedScore": 1767.109268593555, "updatedConfidence": 35.0, "teamId": 99999}]}