{"id": 29484770, "competitionId": 30067, "createTime": {"seconds": 1635699834}, "endTime": {"seconds": 1635699834}, "agents": [{"id": 74064140, "state": 2, "submissionId": 23281649, "reward": 240016, "index": 0, "initialScore": 1890.3201421810209, "initialConfidence": 35.0, "updatedScore": 1892.137040832917, "updatedConfidence": 35.0, "teamId": 99999}, {"id": 74064141, "state": 2, "submissionId": 23430612, "reward": 0, "index": 1, "initialScore": 1692.4519727274712, "initialConfidence": 35.0, "updatedScore": 1690.6350740755752, "updatedConfidence": 35.0, "teamId": 99999}]}