{"id": 30420500, "competitionId": 30067, "createTime": {"seconds": 1636612645}, "endTime": {"seconds": 1636612645}, "agents": [{"id": 75935598, "state": 2, "submissionId": 22796179, "reward": 0, "index": 0, "initialScore": 1072.642696387053, "initialConfidence": 35.0, "updatedScore": 1069.2907975040102, "updatedConfidence": 35.0, "teamId": 99999}, {"id": 75935599, "state": 2, "submissionId": 23692494, "reward": 990047, "index": 1, "initialScore": 1137.5340094742603, "initialConfidence": 79.87723318479867, "updatedScore": 1154.9922650319245, "updatedConfidence": 77.06153987159688, "teamId": 99999}]}