{"id": 30978167, "competitionId": 30067, "createTime": {"seconds": 1637082414}, "endTime": {"seconds": 1637082414}, "agents": [{"id": 77050932, "state": 2, "submissionId": 23017764, "reward": 0, "index": 0, "initialScore": 1312.923368769745, "initialConfidence": 35.0, "updatedScore": 1309.8122929757037, "updatedConfidence": 35.0, "teamId": 99999}, {"id": 77050933, "state": 2, "submissionId": 23825266, "reward": 360012, "index": 1, "initialScore": 1400.3729287879717, "initialConfidence": 60.09626583291713, "updatedScore": 1409.5450435027, "updatedConfidence": 58.9015368536285, "teamId": 99999}]}