{"id": 30991064, "competitionId": 30067, "createTime": {"seconds": 1637093235}, "endTime": {"seconds": 1637093235}, "agents": [{"id": 77076726, "state": 2, "submissionId": 23674317, "reward": 110010, "index": 0, "initialScore": 1753.5761279994022, "initialConfidence": 35.0, "updatedScore": 1748.18011972443, "updatedConfidence": 35.0, "teamId": 99999}, {"id": 77076727, "state": 2, "submissionId": 23825329, "reward": 1210114, "index": 1, "initialScore": 1698.624072587234, "initialConfidence": 42.07960555324161, "updatedScore": 1706.423807426917, "updatedConfidence": 41.541915836280914, "teamId": 99999}]}