{"id": 29275148, "competitionId": 30067, "createTime": {"seconds": 1635482175}, "endTime": {"seconds": 1635482175}, "agents": [{"id": 73644896, "state": 2, "submissionId": 23297953, "reward": 1050032, "index": 0, "initialScore": 1861.6032740984588, "initialConfidence": 35.0, "updatedScore": 1863.8267764240225, "updatedConfidence": 35.0, "teamId": 99999}, {"id": 73644897, "state": 2, "submissionId": 23323058, "reward": 440044, "index": 1, "initialScore": 1700.976231649354, "initialConfidence": 35.0, "updatedScore": 1698.7527293237906, "updatedConfidence": 35.0, "teamId": 99999}]}