{"id": 30999048, "competitionId": 30067, "createTime": {"seconds": 1637099773}, "endTime": {"seconds": 1637099773}, "agents": [{"id": 77092694, "state": 2, "submissionId": 23825370, "reward": 270018, "index": 0, "initialScore": 1576.9055003096864, "initialConfidence": 41.43837073837638, "updatedScore": 1582.2942601027216, "updatedConfidence": 40.99372440907083, "teamId": 99999}, {"id": 77092695, "state": 2, "submissionId": 23422489, "reward": 0, "index": 1, "initialScore": 1537.3041338794942, "initialConfidence": 35.0, "updatedScore": 1533.4598135294027, "updatedConfidence": 35.0, "teamId": 99999}]}