{"id": 29465910, "competitionId": 30067, "createTime": {"seconds": 1635680636}, "endTime": {"seconds": 1635680636}, "agents": [{"id": 74026420, "state": 2, "submissionId": 23281649, "reward": 330029, "index": 0, "initialScore": 1886.1557253833157, "initialConfidence": 35.0, "updatedScore": 1888.1417212781837, "updatedConfidence": 35.0, "teamId": 99999}, {"id": 74026421, "state": 2, "submissionId": 23430612, "reward": 200020, "index": 1, "initialScore": 1704.315595099315, "initialConfidence": 35.0, "updatedScore": 1702.3295992044468, "updatedConfidence": 35.0, "teamId": 99999}]}