{"id": 31303170, "competitionId": 30067, "createTime": {"seconds": 1637339954}, "endTime": {"seconds": 1637339954}, "agents": [{"id": 77700938, "state": 2, "submissionId": 23692494, "reward": 270012, "index": 0, "initialScore": 1901.70294833112, "initialConfidence": 35.0, "updatedScore": 1904.5563797777609, "updatedConfidence": 35.0, "teamId": 99999}, {"id": 77700939, "state": 2, "submissionId": 23825329, "reward": 130013, "index": 1, "initialScore": 1791.8183514911386, "initialConfidence": 35.0, "updatedScore": 1788.964920044498, "updatedConfidence": 35.0, "teamId": 99999}]}