{"id": 32119205, "competitionId": 30067, "createTime": {"seconds": 1637936053}, "endTime": {"seconds": 1637936053}, "agents": [{"id": 79333008, "state": 2, "submissionId": 23642602, "reward": 0, "index": 0, "initialScore": 1747.46199999263, "initialConfidence": 35.0, "updatedScore": 1744.6023473311086, "updatedConfidence": 35.0, "teamId": 99999}, {"id": 79333009, "state": 2, "submissionId": 23825266, "reward": 190020, "index": 1, "initialScore": 1856.8773361644005, "initialConfidence": 35.0, "updatedScore": 1859.7369888259216, "updatedConfidence": 35.0, "teamId": 99999}]}