{"id": 30976080, "competitionId": 30067, "createTime": {"seconds": 1637080734}, "endTime": {"seconds": 1637080734}, "agents": [{"id": 77046758, "state": 2, "submissionId": 23759995, "reward": 0, "index": 0, "initialScore": 1447.5731103048845, "initialConfidence": 35.0, "updatedScore": 1442.498300753066, "updatedConfidence": 35.0, "teamId": 99999}, {"id": 77046759, "state": 2, "submissionId": 23825329, "reward": 320032, "index": 1, "initialScore": 1398.1059708473997, "initialConfidence": 74.17136373719329, "updatedScore": 1420.8965933805623, "updatedConfidence": 71.4310963342525, "teamId": 99999}]}