{"id": 29383718, "competitionId": 30067, "createTime": {"seconds": 1635596333}, "endTime": {"seconds": 1635596333}, "agents": [{"id": 73862036, "state": 2, "submissionId": 23297953, "reward": 660031, "index": 0, "initialScore": 1886.8814901045664, "initialConfidence": 35.0, "updatedScore": 1888.8585248457368, "updatedConfidence": 35.0, "teamId": 99999}, {"id": 73862037, "state": 2, "submissionId": 23323058, "reward": 210021, "index": 1, "initialScore": 1704.2127689177407, "initialConfidence": 35.0, "updatedScore": 1702.2357341765703, "updatedConfidence": 35.0, "teamId": 99999}]}