{"id": 31180609, "competitionId": 30067, "createTime": {"seconds": 1637244382}, "endTime": {"seconds": 1637244382}, "agents": [{"id": 77455816, "state": 2, "submissionId": 23692494, "reward": 150006, "index": 0, "initialScore": 1868.04072425321, "initialConfidence": 35.0, "updatedScore": 1871.3969521136853, "updatedConfidence": 35.0, "teamId": 99999}, {"id": 77455817, "state": 2, "submissionId": 23770016, "reward": 10002, "index": 1, "initialScore": 1794.5279676358584, "initialConfidence": 35.0, "updatedScore": 1791.1717397753832, "updatedConfidence": 35.0, "teamId": 99999}]}