{"id": 29096691, "competitionId": 30067, "createTime": {"seconds": 1635289797}, "endTime": {"seconds": 1635289797}, "agents": [{"id": 73289982, "state": 2, "submissionId": 23323058, "reward": 770077, "index": 0, "initialScore": 1728.120099098317, "initialConfidence": 35.0, "updatedScore": 1725.1032192732246, "updatedConfidence": 35.0, "teamId": 99999}, {"id": 73289983, "state": 2, "submissionId": 23281649, "reward": 1270067, "index": 1, "initialScore": 1825.847256603524, "initialConfidence": 35.0, "updatedScore": 1828.8641364286168, "updatedConfidence": 35.0, "teamId": 99999}]}