{"id": 32007241, "competitionId": 30067, "createTime": {"seconds": 1637857481}, "endTime": {"seconds": 1637857481}, "agents": [{"id": 79109080, "state": 2, "submissionId": 23825329, "reward": 650065, "index": 0, "initialScore": 1842.174510561068, "initialConfidence": 35.0, "updatedScore": 1844.500600750564, "updatedConfidence": 35.0, "teamId": 99999}, {"id": 79109081, "state": 2, "submissionId": 23930509, "reward": 60006, "index": 1, "initialScore": 1690.3076313517984, "initialConfidence": 35.0, "updatedScore": 1687.9815411623022, "updatedConfidence": 35.0, "teamId": 99999}]}