{"id": 32021467, "competitionId": 30067, "createTime": {"seconds": 1637867578}, "endTime": {"seconds": 1637867578}, "agents": [{"id": 79137532, "state": 2, "submissionId": 23825370, "reward": 1830062, "index": 0, "initialScore": 1824.7725445117092, "initialConfidence": 35.0, "updatedScore": 1828.055175559877, "updatedConfidence": 35.0, "teamId": 99999}, {"id": 79137533, "state": 2, "submissionId": 23674317, "reward": 830054, "index": 1, "initialScore": 1746.1159624311174, "initialConfidence": 35.0, "updatedScore": 1742.8333313829498, "updatedConfidence": 35.0, "teamId": 99999}]}