{"id": 28908907, "competitionId": 30067, "createTime": {"seconds": 1635081382}, "endTime": {"seconds": 1635081382}, "agents": [{"id": 72914414, "state": 2, "submissionId": 22902113, "reward": 30004, "index": 0, "initialScore": 1636.2233165956309, "initialConfidence": 35.0, "updatedScore": 1633.5221196645398, "updatedConfidence": 35.0, "teamId": 99999}, {"id": 72914415, "state": 2, "submissionId": 23297953, "reward": 500009, "index": 1, "initialScore": 1757.7632875651475, "initialConfidence": 35.0, "updatedScore": 1760.4644844962386, "updatedConfidence": 35.0, "teamId": 99999}]}