{"id": 30974288, "competitionId": 30067, "createTime": {"seconds": 1637079294}, "endTime": {"seconds": 1637079294}, "agents": [{"id": 77043174, "state": 2, "submissionId": 23283675, "reward": 60013, "index": 0, "initialScore": 1280.1921236132753, "initialConfidence": 35.0, "updatedScore": 1275.288578034796, "updatedConfidence": 35.0, "teamId": 99999}, {"id": 77043175, "state": 2, "submissionId": 23825329, "reward": 1410138, "index": 1, "initialScore": 1226.5177223485773, "initialConfidence": 99.53171839964962, "updatedScore": 1266.1726472772618, "updatedConfidence": 93.33417426158074, "teamId": 99999}]}