{"id": 32147600, "competitionId": 30067, "createTime": {"seconds": 1637955971}, "endTime": {"seconds": 1637955971}, "agents": [{"id": 79389798, "state": 2, "submissionId": 23889524, "reward": 1060106, "index": 0, "initialScore": 1811.1705897890813, "initialConfidence": 35.0, "updatedScore": 1807.156357920938, "updatedConfidence": 35.0, "teamId": 99999}, {"id": 79389799, "state": 2, "submissionId": 23825370, "reward": 1170040, "index": 1, "initialScore": 1840.9003279553613, "initialConfidence": 35.0, "updatedScore": 1844.914559823505, "updatedConfidence": 35.0, "teamId": 99999}]}