{"id": 32091340, "competitionId": 30067, "createTime": {"seconds": 1637916580}, "endTime": {"seconds": 1637916580}, "agents": [{"id": 79277278, "state": 2, "submissionId": 23770016, "reward": 1430130, "index": 0, "initialScore": 1841.0892817024917, "initialConfidence": 35.0, "updatedScore": 1838.8477336030537, "updatedConfidence": 35.0, "teamId": 99999}, {"id": 79277279, "state": 2, "submissionId": 23692494, "reward": 2980128, "index": 1, "initialScore": 2000.1590255606689, "initialConfidence": 35.0, "updatedScore": 2002.4005736601064, "updatedConfidence": 35.0, "teamId": 99999}]}