{"id": 30436159, "competitionId": 30067, "createTime": {"seconds": 1636626093}, "endTime": {"seconds": 1636626093}, "agents": [{"id": 75966916, "state": 2, "submissionId": 23445956, "reward": 0, "index": 0, "initialScore": 1415.1697097845856, "initialConfidence": 35.0, "updatedScore": 1411.8702687463488, "updatedConfidence": 35.0, "teamId": 99999}, {"id": 75966917, "state": 2, "submissionId": 23692494, "reward": 750012, "index": 1, "initialScore": 1492.0319157717113, "initialConfidence": 40.040064993339655, "updatedScore": 1496.3500270567004, "updatedConfidence": 39.66678758070788, "teamId": 99999}]}