{"id": 28484740, "competitionId": 30067, "createTime": {"seconds": 1634579070}, "endTime": {"seconds": 1634579070}, "agents": [{"id": 72066080, "state": 2, "submissionId": 23297953, "reward": 370002, "index": 0, "initialScore": 1379.5106339126914, "initialConfidence": 50.54633429201631, "updatedScore": 1387.7369861105587, "updatedConfidence": 49.73848760965677, "teamId": 99999}, {"id": 72066081, "state": 2, "submissionId": 23060725, "reward": 10001, "index": 1, "initialScore": 1348.3886698306146, "initialConfidence": 35.0, "updatedScore": 1344.4444232534263, "updatedConfidence": 35.0, "teamId": 99999}]}