{"id": 29465633, "competitionId": 30067, "createTime": {"seconds": 1635680395}, "endTime": {"seconds": 1635680395}, "agents": [{"id": 74025866, "state": 2, "submissionId": 23297953, "reward": 1120033, "index": 0, "initialScore": 1894.334690464044, "initialConfidence": 35.0, "updatedScore": 1896.2751359994177, "updatedConfidence": 35.0, "teamId": 99999}, {"id": 74025867, "state": 2, "submissionId": 23430612, "reward": 240040, "index": 1, "initialScore": 1708.2595592280843, "initialConfidence": 35.0, "updatedScore": 1706.3191136927103, "updatedConfidence": 35.0, "teamId": 99999}]}