{"id": 31750136, "competitionId": 30067, "createTime": {"seconds": 1637675787}, "endTime": {"seconds": 1637675787}, "agents": [{"id": 78594870, "state": 2, "submissionId": 23696297, "reward": 190014, "index": 0, "initialScore": 1693.6021084599777, "initialConfidence": 35.0, "updatedScore": 1691.1148925581765, "updatedConfidence": 35.0, "teamId": 99999}, {"id": 78594871, "state": 2, "submissionId": 23825143, "reward": 350031, "index": 1, "initialScore": 1832.136297784201, "initialConfidence": 35.0, "updatedScore": 1834.6235136860023, "updatedConfidence": 35.0, "teamId": 99999}]}