{"id": 31265553, "competitionId": 30067, "createTime": {"seconds": 1637310881}, "endTime": {"seconds": 1637310881}, "agents": [{"id": 77625704, "state": 2, "submissionId": 23770016, "reward": 80008, "index": 0, "initialScore": 1814.9620260313409, "initialConfidence": 35.0, "updatedScore": 1813.4574747460167, "updatedConfidence": 35.0, "teamId": 99999}, {"id": 77625705, "state": 2, "submissionId": 23297953, "reward": 520022, "index": 1, "initialScore": 2045.0115409321063, "initialConfidence": 35.0, "updatedScore": 2046.5160922174305, "updatedConfidence": 35.0, "teamId": 99999}]}