{"id": 29530899, "competitionId": 30067, "createTime": {"seconds": 1635746630}, "endTime": {"seconds": 1635746630}, "agents": [{"id": 74156398, "state": 2, "submissionId": 23435377, "reward": 0, "index": 0, "initialScore": 1691.108477672503, "initialConfidence": 35.0, "updatedScore": 1689.4051046026768, "updatedConfidence": 35.0, "teamId": 99999}, {"id": 74156399, "state": 2, "submissionId": 23281649, "reward": 10, "index": 1, "initialScore": 1900.2472176067715, "initialConfidence": 35.0, "updatedScore": 1901.9505906765976, "updatedConfidence": 35.0, "teamId": 99999}]}