{"id": 28793688, "competitionId": 30067, "createTime": {"seconds": 1634949833}, "endTime": {"seconds": 1634949833}, "agents": [{"id": 72683976, "state": 2, "submissionId": 23286680, "reward": 0, "index": 0, "initialScore": 1627.463977084829, "initialConfidence": 35.0, "updatedScore": 1624.8860067116982, "updatedConfidence": 35.0, "teamId": 99999}, {"id": 72683977, "state": 2, "submissionId": 23281649, "reward": 220012, "index": 1, "initialScore": 1758.6974424214038, "initialConfidence": 35.0, "updatedScore": 1761.2754127945343, "updatedConfidence": 35.0, "teamId": 99999}]}