{"id": 30978764, "competitionId": 30067, "createTime": {"seconds": 1637082894}, "endTime": {"seconds": 1637082894}, "agents": [{"id": 77052126, "state": 2, "submissionId": 23304956, "reward": 170017, "index": 0, "initialScore": 1430.6094359458286, "initialConfidence": 35.0, "updatedScore": 1426.060090916613, "updatedConfidence": 35.0, "teamId": 99999}, {"id": 77052127, "state": 2, "submissionId": 23825266, "reward": 1670143, "index": 1, "initialScore": 1420.9118410600236, "initialConfidence": 57.62790840526129, "updatedScore": 1433.2451185061125, "updatedConfidence": 56.36519165723869, "teamId": 99999}]}