{"id": 31181448, "competitionId": 30067, "createTime": {"seconds": 1637245102}, "endTime": {"seconds": 1637245102}, "agents": [{"id": 77457494, "state": 2, "submissionId": 23825370, "reward": 660063, "index": 0, "initialScore": 1679.5113004308723, "initialConfidence": 35.0, "updatedScore": 1684.6786444464376, "updatedConfidence": 35.0, "teamId": 99999}, {"id": 77457495, "state": 2, "submissionId": 23674349, "reward": 80008, "index": 1, "initialScore": 1719.39739605792, "initialConfidence": 35.0, "updatedScore": 1714.2300520423548, "updatedConfidence": 35.0, "teamId": 99999}]}