{"id": 31657667, "competitionId": 30067, "createTime": {"seconds": 1637606839}, "endTime": {"seconds": 1637606839}, "agents": [{"id": 78409932, "state": 2, "submissionId": 23674333, "reward": 10004, "index": 0, "initialScore": 1751.953804854323, "initialConfidence": 35.0, "updatedScore": 1748.4457835540486, "updatedConfidence": 35.0, "teamId": 99999}, {"id": 78409933, "state": 2, "submissionId": 23825143, "reward": 250013, "index": 1, "initialScore": 1815.0286502345612, "initialConfidence": 35.0, "updatedScore": 1818.536671534836, "updatedConfidence": 35.0, "teamId": 99999}]}