{"id": 31710140, "competitionId": 30067, "createTime": {"seconds": 1637646957}, "endTime": {"seconds": 1637646957}, "agents": [{"id": 78514878, "state": 2, "submissionId": 23692494, "reward": 550010, "index": 0, "initialScore": 1969.3409420385176, "initialConfidence": 35.0, "updatedScore": 1971.9809957379248, "updatedConfidence": 35.0, "teamId": 99999}, {"id": 78514879, "state": 2, "submissionId": 23825329, "reward": 70000, "index": 1, "initialScore": 1843.02163254746, "initialConfidence": 35.0, "updatedScore": 1840.3815788480529, "updatedConfidence": 35.0, "teamId": 99999}]}