{"id": 29045430, "competitionId": 30067, "createTime": {"seconds": 1635233476}, "endTime": {"seconds": 1635233476}, "agents": [{"id": 73187460, "state": 2, "submissionId": 23034455, "reward": 0, "index": 0, "initialScore": 1665.7874227036268, "initialConfidence": 35.0, "updatedScore": 1663.4976630538154, "updatedConfidence": 35.0, "teamId": 99999}, {"id": 73187461, "state": 2, "submissionId": 23281649, "reward": 130014, "index": 1, "initialScore": 1820.73119590079, "initialConfidence": 35.0, "updatedScore": 1823.0209555506012, "updatedConfidence": 35.0, "teamId": 99999}]}