{"id": 31097542, "competitionId": 30067, "createTime": {"seconds": 1637178626}, "endTime": {"seconds": 1637178626}, "agents": [{"id": 77289682, "state": 2, "submissionId": 23542431, "reward": 220022, "index": 0, "initialScore": 1736.3193306089108, "initialConfidence": 35.0, "updatedScore": 1732.4516244490694, "updatedConfidence": 35.0, "teamId": 99999}, {"id": 77289683, "state": 2, "submissionId": 23825329, "reward": 680042, "index": 1, "initialScore": 1775.325423287352, "initialConfidence": 36.03204442331724, "updatedScore": 1779.4245863244605, "updatedConfidence": 35.737287412428415, "teamId": 99999}]}