{"id": 31883102, "competitionId": 30067, "createTime": {"seconds": 1637770541}, "endTime": {"seconds": 1637770541}, "agents": [{"id": 78860802, "state": 2, "submissionId": 23281649, "reward": 480015, "index": 0, "initialScore": 2000.214565937076, "initialConfidence": 35.0, "updatedScore": 2002.688356527681, "updatedConfidence": 35.0, "teamId": 99999}, {"id": 78860803, "state": 2, "submissionId": 23825224, "reward": 40004, "index": 1, "initialScore": 1860.5880758971375, "initialConfidence": 35.0, "updatedScore": 1858.1142853065328, "updatedConfidence": 35.0, "teamId": 99999}]}