{"id": 32064005, "competitionId": 30067, "createTime": {"seconds": 1637897384}, "endTime": {"seconds": 1637897384}, "agents": [{"id": 79222608, "state": 2, "submissionId": 23825370, "reward": 870084, "index": 0, "initialScore": 1830.1884330331677, "initialConfidence": 35.0, "updatedScore": 1833.05023728509, "updatedConfidence": 35.0, "teamId": 99999}, {"id": 79222609, "state": 2, "submissionId": 23642597, "reward": 140014, "index": 1, "initialScore": 1720.9352651978493, "initialConfidence": 35.0, "updatedScore": 1718.0734609459266, "updatedConfidence": 35.0, "teamId": 99999}]}