{"id": 31168448, "competitionId": 30067, "createTime": {"seconds": 1637235015}, "endTime": {"seconds": 1637235015}, "agents": [{"id": 77431494, "state": 2, "submissionId": 23650204, "reward": 0, "index": 0, "initialScore": 1601.048590321935, "initialConfidence": 35.0, "updatedScore": 1599.2076863710954, "updatedConfidence": 35.0, "teamId": 99999}, {"id": 77431495, "state": 2, "submissionId": 23825329, "reward": 390038, "index": 1, "initialScore": 1796.5886147359852, "initialConfidence": 35.0, "updatedScore": 1798.4295186868248, "updatedConfidence": 35.0, "teamId": 99999}]}