{"id": 28977773, "competitionId": 30067, "createTime": {"seconds": 1635158243}, "endTime": {"seconds": 1635158243}, "agents": [{"id": 73052146, "state": 2, "submissionId": 23034455, "reward": 1, "index": 0, "initialScore": 1674.7475585828447, "initialConfidence": 35.0, "updatedScore": 1671.8782735330458, "updatedConfidence": 35.0, "teamId": 99999}, {"id": 73052147, "state": 2, "submissionId": 23297953, "reward": 500015, "index": 1, "initialScore": 1783.4373834194112, "initialConfidence": 35.0, "updatedScore": 1786.30666846921, "updatedConfidence": 35.0, "teamId": 99999}]}