{"id": 30981730, "competitionId": 30067, "createTime": {"seconds": 1637085550}, "endTime": {"seconds": 1637085550}, "agents": [{"id": 77058058, "state": 2, "submissionId": 23589630, "reward": 620064, "index": 0, "initialScore": 1600.1899860374967, "initialConfidence": 35.0, "updatedScore": 1596.1710018096062, "updatedConfidence": 35.0, "teamId": 99999}, {"id": 77058059, "state": 2, "submissionId": 23825329, "reward": 1470139, "index": 1, "initialScore": 1626.9143785875506, "initialConfidence": 48.46263181380919, "updatedScore": 1634.6197611128164, "updatedConfidence": 47.74260543936511, "teamId": 99999}]}