{"id": 31349327, "competitionId": 30067, "createTime": {"seconds": 1637375930}, "endTime": {"seconds": 1637375930}, "agents": [{"id": 77793252, "state": 2, "submissionId": 23825370, "reward": 2320049, "index": 0, "initialScore": 1736.841999774272, "initialConfidence": 35.0, "updatedScore": 1741.761245188481, "updatedConfidence": 35.0, "teamId": 99999}, {"id": 77793253, "state": 2, "submissionId": 23674317, "reward": 1590067, "index": 1, "initialScore": 1762.3507693292784, "initialConfidence": 35.0, "updatedScore": 1757.4315239150692, "updatedConfidence": 35.0, "teamId": 99999}]}