{"id": 29493943, "competitionId": 30067, "createTime": {"seconds": 1635709193}, "endTime": {"seconds": 1635709193}, "agents": [{"id": 74082486, "state": 2, "submissionId": 23323058, "reward": 0, "index": 0, "initialScore": 1725.9023990630342, "initialConfidence": 35.0, "updatedScore": 1723.743188642516, "updatedConfidence": 35.0, "teamId": 99999}, {"id": 74082487, "state": 2, "submissionId": 23281649, "reward": 50005, "index": 1, "initialScore": 1892.137040832917, "initialConfidence": 35.0, "updatedScore": 1894.2962512534348, "updatedConfidence": 35.0, "teamId": 99999}]}