{"id": 31736965, "competitionId": 30067, "createTime": {"seconds": 1637666423}, "endTime": {"seconds": 1637666423}, "agents": [{"id": 78568528, "state": 2, "submissionId": 23825143, "reward": 2530254, "index": 0, "initialScore": 1821.221598499691, "initialConfidence": 35.0, "updatedScore": 1824.5087002104988, "updatedConfidence": 35.0, "teamId": 99999}, {"id": 78568529, "state": 2, "submissionId": 23790156, "reward": 130022, "index": 1, "initialScore": 1742.8790922905955, "initialConfidence": 35.0, "updatedScore": 1739.591990579788, "updatedConfidence": 35.0, "teamId": 99999}]}