{"id": 31388562, "competitionId": 30067, "createTime": {"seconds": 1637405926}, "endTime": {"seconds": 1637405926}, "agents": [{"id": 77871722, "state": 2, "submissionId": 23825143, "reward": 1340085, "index": 0, "initialScore": 1781.7814015275897, "initialConfidence": 35.0, "updatedScore": 1776.2633620471163, "updatedConfidence": 35.0, "teamId": 99999}, {"id": 77871723, "state": 2, "submissionId": 23642597, "reward": 1350042, "index": 1, "initialScore": 1722.0317106882787, "initialConfidence": 35.0, "updatedScore": 1727.549750168752, "updatedConfidence": 35.0, "teamId": 99999}]}