{"id": 30785450, "competitionId": 30067, "createTime": {"seconds": 1636923845}, "endTime": {"seconds": 1636923845}, "agents": [{"id": 76665498, "state": 2, "submissionId": 23642602, "reward": 60006, "index": 0, "initialScore": 1766.697809479939, "initialConfidence": 35.0, "updatedScore": 1765.368663208944, "updatedConfidence": 35.0, "teamId": 99999}, {"id": 76665499, "state": 2, "submissionId": 23297953, "reward": 190004, "index": 1, "initialScore": 2042.4924745376647, "initialConfidence": 35.0, "updatedScore": 2043.8216208086603, "updatedConfidence": 35.0, "teamId": 99999}]}