{"id": 31229259, "competitionId": 30067, "createTime": {"seconds": 1637282798}, "endTime": {"seconds": 1637282798}, "agents": [{"id": 77553116, "state": 2, "submissionId": 23297953, "reward": 280015, "index": 0, "initialScore": 2040.8359354716904, "initialConfidence": 35.0, "updatedScore": 2042.2718353005969, "updatedConfidence": 35.0, "teamId": 99999}, {"id": 77553117, "state": 2, "submissionId": 23770016, "reward": 1, "index": 1, "initialScore": 1803.164910597651, "initialConfidence": 35.0, "updatedScore": 1801.7290107687445, "updatedConfidence": 35.0, "teamId": 99999}]}