{"id": 30975474, "competitionId": 30067, "createTime": {"seconds": 1637080256}, "endTime": {"seconds": 1637080256}, "agents": [{"id": 77045546, "state": 2, "submissionId": 23825370, "reward": 680065, "index": 0, "initialScore": 1246.4096148623314, "initialConfidence": 85.52420998676173, "updatedScore": 1274.0930036055945, "updatedConfidence": 81.56340790927314, "teamId": 99999}, {"id": 77045547, "state": 2, "submissionId": 23020505, "reward": 1, "index": 1, "initialScore": 1273.8561614225707, "initialConfidence": 35.0, "updatedScore": 1269.219800916666, "updatedConfidence": 35.0, "teamId": 99999}]}