{"id": 29177321, "competitionId": 30067, "createTime": {"seconds": 1635378313}, "endTime": {"seconds": 1635378313}, "agents": [{"id": 73449242, "state": 2, "submissionId": 23323058, "reward": 420042, "index": 0, "initialScore": 1722.5866412213263, "initialConfidence": 35.0, "updatedScore": 1719.9415161348795, "updatedConfidence": 35.0, "teamId": 99999}, {"id": 73449243, "state": 2, "submissionId": 23281649, "reward": 770027, "index": 1, "initialScore": 1848.507296006968, "initialConfidence": 35.0, "updatedScore": 1851.1524210934144, "updatedConfidence": 35.0, "teamId": 99999}]}