{"id": 30416938, "competitionId": 30067, "createTime": {"seconds": 1636609523}, "endTime": {"seconds": 1636609523}, "agents": [{"id": 75928474, "state": 2, "submissionId": 22571109, "reward": 10001, "index": 0, "initialScore": 653.7354384788079, "initialConfidence": 35.0, "updatedScore": 651.0510213214731, "updatedConfidence": 35.0, "teamId": 99999}, {"id": 75928475, "state": 2, "submissionId": 23692494, "reward": 180009, "index": 1, "initialScore": 744.3571645266782, "initialConfidence": 170.0, "updatedScore": 807.6874958303329, "updatedConfidence": 155.0, "teamId": 99999}]}