{"id": 31352381, "competitionId": 30067, "createTime": {"seconds": 1637378326}, "endTime": {"seconds": 1637378326}, "agents": [{"id": 77799360, "state": 2, "submissionId": 23825266, "reward": 2460236, "index": 0, "initialScore": 1748.689518507133, "initialConfidence": 35.0, "updatedScore": 1751.6431932860164, "updatedConfidence": 35.0, "teamId": 99999}, {"id": 77799361, "state": 2, "submissionId": 23765677, "reward": 290029, "index": 1, "initialScore": 1646.3024968205025, "initialConfidence": 35.0, "updatedScore": 1643.3488220416189, "updatedConfidence": 35.0, "teamId": 99999}]}