{"id": 30981134, "competitionId": 30067, "createTime": {"seconds": 1637085069}, "endTime": {"seconds": 1637085069}, "agents": [{"id": 77056866, "state": 2, "submissionId": 23825370, "reward": 1730169, "index": 0, "initialScore": 1486.702238114946, "initialConfidence": 51.1321991517966, "updatedScore": 1493.974518703934, "updatedConfidence": 50.352531820298914, "teamId": 99999}, {"id": 77056867, "state": 2, "submissionId": 23216756, "reward": 150015, "index": 1, "initialScore": 1419.1685647889678, "initialConfidence": 35.0, "updatedScore": 1415.761206738862, "updatedConfidence": 35.0, "teamId": 99999}]}