{"id": 30630393, "competitionId": 30067, "createTime": {"seconds": 1636793471}, "endTime": {"seconds": 1636793471}, "agents": [{"id": 76355384, "state": 2, "submissionId": 23554433, "reward": 90011, "index": 0, "initialScore": 1766.651000730648, "initialConfidence": 35.0, "updatedScore": 1764.9687195338026, "updatedConfidence": 35.0, "teamId": 99999}, {"id": 76355385, "state": 2, "submissionId": 23281649, "reward": 490022, "index": 1, "initialScore": 1977.933765247808, "initialConfidence": 35.0, "updatedScore": 1979.6160464446527, "updatedConfidence": 35.0, "teamId": 99999}]}