{"id": 30979355, "competitionId": 30067, "createTime": {"seconds": 1637083638}, "endTime": {"seconds": 1637083638}, "agents": [{"id": 77053308, "state": 2, "submissionId": 23707013, "reward": 40004, "index": 0, "initialScore": 1400.8888301917646, "initialConfidence": 35.0, "updatedScore": 1396.9025793803144, "updatedConfidence": 35.0, "teamId": 99999}, {"id": 77053309, "state": 2, "submissionId": 23825370, "reward": 230009, "index": 1, "initialScore": 1427.5191369468932, "initialConfidence": 57.27542340365327, "updatedScore": 1438.194069719937, "updatedConfidence": 56.10522448072488, "teamId": 99999}]}