{"id": 29401814, "competitionId": 30067, "createTime": {"seconds": 1635615052}, "endTime": {"seconds": 1635615052}, "agents": [{"id": 73898228, "state": 2, "submissionId": 23281649, "reward": 300011, "index": 0, "initialScore": 1882.836228846053, "initialConfidence": 35.0, "updatedScore": 1884.624815044716, "updatedConfidence": 35.0, "teamId": 99999}, {"id": 73898229, "state": 2, "submissionId": 23431781, "reward": 1, "index": 1, "initialScore": 1682.1982203274172, "initialConfidence": 35.0, "updatedScore": 1680.409634128754, "updatedConfidence": 35.0, "teamId": 99999}]}