{"id": 28416434, "competitionId": 30067, "createTime": {"seconds": 1634493602}, "endTime": {"seconds": 1634493602}, "agents": [{"id": 71929468, "state": 2, "submissionId": 23129239, "reward": 50005, "index": 0, "initialScore": 1498.9637421832729, "initialConfidence": 35.0, "updatedScore": 1503.1304319354356, "updatedConfidence": 35.0, "teamId": 99999}, {"id": 71929469, "state": 2, "submissionId": 23281649, "reward": 40005, "index": 1, "initialScore": 1480.576935871536, "initialConfidence": 43.41397917225368, "updatedScore": 1474.1661058368663, "updatedConfidence": 42.88470570222567, "teamId": 99999}]}