{"id": 29512440, "competitionId": 30067, "createTime": {"seconds": 1635727913}, "endTime": {"seconds": 1635727913}, "agents": [{"id": 74119480, "state": 2, "submissionId": 23323058, "reward": 0, "index": 0, "initialScore": 1719.6366250106037, "initialConfidence": 35.0, "updatedScore": 1717.5950289799207, "updatedConfidence": 35.0, "teamId": 99999}, {"id": 74119481, "state": 2, "submissionId": 23281649, "reward": 160019, "index": 1, "initialScore": 1896.384107034544, "initialConfidence": 35.0, "updatedScore": 1898.4257030652268, "updatedConfidence": 35.0, "teamId": 99999}]}