{"id": 31965074, "competitionId": 30067, "createTime": {"seconds": 1637827963}, "endTime": {"seconds": 1637827963}, "agents": [{"id": 79024746, "state": 2, "submissionId": 23883228, "reward": 480018, "index": 0, "initialScore": 1756.7411944143896, "initialConfidence": 35.0, "updatedScore": 1753.3053840938192, "updatedConfidence": 35.0, "teamId": 99999}, {"id": 79024747, "state": 2, "submissionId": 23825370, "reward": 480048, "index": 1, "initialScore": 1824.7536099303, "initialConfidence": 35.0, "updatedScore": 1828.1894202508704, "updatedConfidence": 35.0, "teamId": 99999}]}