{"id": 30511123, "competitionId": 30067, "createTime": {"seconds": 1636691158}, "endTime": {"seconds": 1636691158}, "agents": [{"id": 76116844, "state": 2, "submissionId": 23692494, "reward": 1230036, "index": 0, "initialScore": 1549.2563806917117, "initialConfidence": 35.83078638368632, "updatedScore": 1553.1967941395617, "updatedConfidence": 35.544686938474086, "teamId": 99999}, {"id": 76116845, "state": 2, "submissionId": 23433910, "reward": 1, "index": 1, "initialScore": 1503.153813155826, "initialConfidence": 35.0, "updatedScore": 1499.3940091897225, "updatedConfidence": 35.0, "teamId": 99999}]}