{"id": 30875742, "competitionId": 30067, "createTime": {"seconds": 1636998686}, "endTime": {"seconds": 1636998686}, "agents": [{"id": 76846082, "state": 2, "submissionId": 23554433, "reward": 60004, "index": 0, "initialScore": 1801.642849874568, "initialConfidence": 35.0, "updatedScore": 1800.2359738611533, "updatedConfidence": 35.0, "teamId": 99999}, {"id": 76846083, "state": 2, "submissionId": 23297953, "reward": 1030050, "index": 1, "initialScore": 2042.605843738872, "initialConfidence": 35.0, "updatedScore": 2044.012719752286, "updatedConfidence": 35.0, "teamId": 99999}]}