{"id": 31965009, "competitionId": 30067, "createTime": {"seconds": 1637827961}, "endTime": {"seconds": 1637827961}, "agents": [{"id": 79024616, "state": 2, "submissionId": 23281649, "reward": 1, "index": 0, "initialScore": 1995.9162565492916, "initialConfidence": 35.0, "updatedScore": 1988.518013493024, "updatedConfidence": 35.0, "teamId": 99999}, {"id": 79024617, "state": 2, "submissionId": 23825329, "reward": 400029, "index": 1, "initialScore": 1836.6883817936605, "initialConfidence": 35.0, "updatedScore": 1844.0866248499276, "updatedConfidence": 35.0, "teamId": 99999}]}