{"id": 30980543, "competitionId": 30067, "createTime": {"seconds": 1637084590}, "endTime": {"seconds": 1637084590}, "agents": [{"id": 77055684, "state": 2, "submissionId": 23477347, "reward": 60009, "index": 0, "initialScore": 1448.2255135019186, "initialConfidence": 35.0, "updatedScore": 1444.0868801092686, "updatedConfidence": 35.0, "teamId": 99999}, {"id": 77055685, "state": 2, "submissionId": 23825370, "reward": 910086, "index": 1, "initialScore": 1466.0330092605614, "initialConfidence": 53.06559991409981, "updatedScore": 1475.5466560959994, "updatedConfidence": 52.11344339243976, "teamId": 99999}]}