{"id": 30992280, "competitionId": 30067, "createTime": {"seconds": 1637094226}, "endTime": {"seconds": 1637094226}, "agents": [{"id": 77079158, "state": 2, "submissionId": 23692494, "reward": 200003, "index": 0, "initialScore": 1814.9211699156808, "initialConfidence": 35.0, "updatedScore": 1818.6993110231324, "updatedConfidence": 35.0, "teamId": 99999}, {"id": 77079159, "state": 2, "submissionId": 23642602, "reward": 50005, "index": 1, "initialScore": 1769.899654446453, "initialConfidence": 35.0, "updatedScore": 1766.1215133390017, "updatedConfidence": 35.0, "teamId": 99999}]}