{"id": 31883110, "competitionId": 30067, "createTime": {"seconds": 1637770541}, "endTime": {"seconds": 1637770541}, "agents": [{"id": 78860818, "state": 2, "submissionId": 23297953, "reward": 10004, "index": 0, "initialScore": 1975.487369502716, "initialConfidence": 35.0, "updatedScore": 1968.9037483193583, "updatedConfidence": 35.0, "teamId": 99999}, {"id": 78860819, "state": 2, "submissionId": 23825224, "reward": 970095, "index": 1, "initialScore": 1858.1142853065328, "initialConfidence": 35.0, "updatedScore": 1864.6979064898896, "updatedConfidence": 35.0, "teamId": 99999}]}