{"id": 30415692, "competitionId": 30067, "createTime": {"seconds": 1636608327}, "endTime": {"seconds": 1636608327}, "agents": [{"id": 75925982, "state": 2, "submissionId": 23554433, "reward": 190019, "index": 0, "initialScore": 1763.484808962487, "initialConfidence": 35.0, "updatedScore": 1771.9241717239497, "updatedConfidence": 35.0, "teamId": 99999}, {"id": 75925983, "state": 2, "submissionId": 23281649, "reward": 0, "index": 1, "initialScore": 1974.1137331107484, "initialConfidence": 35.0, "updatedScore": 1965.6743703492857, "updatedConfidence": 35.0, "teamId": 99999}]}