{"id": 30114473, "competitionId": 30067, "createTime": {"seconds": 1636338816}, "endTime": {"seconds": 1636338816}, "agents": [{"id": 75323544, "state": 2, "submissionId": 23323058, "reward": 440044, "index": 0, "initialScore": 1755.1129957490405, "initialConfidence": 35.0, "updatedScore": 1753.4551343513722, "updatedConfidence": 35.0, "teamId": 99999}, {"id": 75323545, "state": 2, "submissionId": 23297953, "reward": 1590037, "index": 1, "initialScore": 1968.898825827874, "initialConfidence": 35.0, "updatedScore": 1970.5566872255424, "updatedConfidence": 35.0, "teamId": 99999}]}