{"id": 31182039, "competitionId": 30067, "createTime": {"seconds": 1637245580}, "endTime": {"seconds": 1637245580}, "agents": [{"id": 77458676, "state": 2, "submissionId": 23500158, "reward": 0, "index": 0, "initialScore": 1664.8171955864805, "initialConfidence": 35.0, "updatedScore": 1661.3297159155763, "updatedConfidence": 35.0, "teamId": 99999}, {"id": 77458677, "state": 2, "submissionId": 23825143, "reward": 650052, "index": 1, "initialScore": 1729.29158031954, "initialConfidence": 35.0, "updatedScore": 1732.7790599904442, "updatedConfidence": 35.0, "teamId": 99999}]}