{"id": 31465036, "competitionId": 30067, "createTime": {"seconds": 1637463933}, "endTime": {"seconds": 1637463933}, "agents": [{"id": 78024670, "state": 2, "submissionId": 23608696, "reward": 110011, "index": 0, "initialScore": 1748.144629359008, "initialConfidence": 35.0, "updatedScore": 1744.8088908518175, "updatedConfidence": 35.0, "teamId": 99999}, {"id": 78024671, "state": 2, "submissionId": 23825329, "reward": 340022, "index": 1, "initialScore": 1823.083802277938, "initialConfidence": 35.0, "updatedScore": 1826.419540785129, "updatedConfidence": 35.0, "teamId": 99999}]}