{"id": 29665449, "competitionId": 30067, "createTime": {"seconds": 1635913648}, "endTime": {"seconds": 1635913648}, "agents": [{"id": 74425496, "state": 2, "submissionId": 23323058, "reward": 20008, "index": 0, "initialScore": 1715.825368467302, "initialConfidence": 35.0, "updatedScore": 1714.1780190430463, "updatedConfidence": 35.0, "teamId": 99999}, {"id": 74425497, "state": 2, "submissionId": 23297953, "reward": 320004, "index": 1, "initialScore": 1930.6956916713195, "initialConfidence": 35.0, "updatedScore": 1932.343041095575, "updatedConfidence": 35.0, "teamId": 99999}]}