{"id": 30982025, "competitionId": 30067, "createTime": {"seconds": 1637085789}, "endTime": {"seconds": 1637085789}, "agents": [{"id": 77058648, "state": 2, "submissionId": 23825370, "reward": 700054, "index": 0, "initialScore": 1501.663532277699, "initialConfidence": 49.57565272709324, "updatedScore": 1508.7707771870175, "updatedConfidence": 48.8500709466483, "teamId": 99999}, {"id": 77058649, "state": 2, "submissionId": 23367035, "reward": 0, "index": 1, "initialScore": 1443.2662930769295, "initialConfidence": 35.0, "updatedScore": 1439.7238695147862, "updatedConfidence": 35.0, "teamId": 99999}]}