{"id": 31938322, "competitionId": 30067, "createTime": {"seconds": 1637809251}, "endTime": {"seconds": 1637809251}, "agents": [{"id": 78971242, "state": 2, "submissionId": 23825370, "reward": 320029, "index": 0, "initialScore": 1820.5913699911148, "initialConfidence": 35.0, "updatedScore": 1824.0323318332732, "updatedConfidence": 35.0, "teamId": 99999}, {"id": 78971243, "state": 2, "submissionId": 23790156, "reward": 140007, "index": 1, "initialScore": 1752.9328531918893, "initialConfidence": 35.0, "updatedScore": 1749.4918913497306, "updatedConfidence": 35.0, "teamId": 99999}]}