{"id": 28428262, "competitionId": 30067, "createTime": {"seconds": 1634508482}, "endTime": {"seconds": 1634508482}, "agents": [{"id": 71953124, "state": 2, "submissionId": 22908160, "reward": 330015, "index": 0, "initialScore": 1602.9951217540438, "initialConfidence": 35.0, "updatedScore": 1596.8809813032783, "updatedConfidence": 35.0, "teamId": 99999}, {"id": 71953125, "state": 2, "submissionId": 23281649, "reward": 610032, "index": 1, "initialScore": 1508.8432304930916, "initialConfidence": 40.1262272344412, "updatedScore": 1516.8795274914228, "updatedConfidence": 39.63665679405321, "teamId": 99999}]}