{"id": 30974588, "competitionId": 30067, "createTime": {"seconds": 1637079534}, "endTime": {"seconds": 1637079534}, "agents": [{"id": 77043774, "state": 2, "submissionId": 23825266, "reward": 350014, "index": 0, "initialScore": 1190.5122429331946, "initialConfidence": 89.08432675198199, "updatedScore": 1219.671847026906, "updatedConfidence": 84.69586595574457, "teamId": 99999}, {"id": 77043775, "state": 2, "submissionId": 23215824, "reward": 0, "index": 1, "initialScore": 1210.8287902089996, "initialConfidence": 35.0, "updatedScore": 1206.327727045115, "updatedConfidence": 35.0, "teamId": 99999}]}