{"id": 31463974, "competitionId": 30067, "createTime": {"seconds": 1637462978}, "endTime": {"seconds": 1637462978}, "agents": [{"id": 78022546, "state": 2, "submissionId": 23692494, "reward": 2140047, "index": 0, "initialScore": 1920.3308625746176, "initialConfidence": 35.0, "updatedScore": 1923.4952436118665, "updatedConfidence": 35.0, "teamId": 99999}, {"id": 78022547, "state": 2, "submissionId": 23770016, "reward": 620016, "index": 1, "initialScore": 1833.2882970497876, "initialConfidence": 35.0, "updatedScore": 1830.123916012539, "updatedConfidence": 35.0, "teamId": 99999}]}