{"id": 30424071, "competitionId": 30067, "createTime": {"seconds": 1636615764}, "endTime": {"seconds": 1636615764}, "agents": [{"id": 75942740, "state": 2, "submissionId": 23692494, "reward": 220010, "index": 0, "initialScore": 1323.5804099576908, "initialConfidence": 55.24903780255021, "updatedScore": 1331.9323083312772, "updatedConfidence": 54.2787610855836, "teamId": 99999}, {"id": 75942741, "state": 2, "submissionId": 23000330, "reward": 1, "index": 1, "initialScore": 1252.8592527166495, "initialConfidence": 35.0, "updatedScore": 1249.5075009106708, "updatedConfidence": 35.0, "teamId": 99999}]}