{"id": 31253525, "competitionId": 30067, "createTime": {"seconds": 1637301525}, "endTime": {"seconds": 1637301525}, "agents": [{"id": 77601648, "state": 2, "submissionId": 23642602, "reward": 80008, "index": 0, "initialScore": 1729.0389393108178, "initialConfidence": 35.0, "updatedScore": 1734.7353561424652, "updatedConfidence": 35.0, "teamId": 99999}, {"id": 77601649, "state": 2, "submissionId": 23825329, "reward": 1, "index": 1, "initialScore": 1798.7041521027224, "initialConfidence": 35.0, "updatedScore": 1793.007735271075, "updatedConfidence": 35.0, "teamId": 99999}]}