{"id": 30972204, "competitionId": 30067, "createTime": {"seconds": 1637077613}, "endTime": {"seconds": 1637077613}, "agents": [{"id": 77039006, "state": 2, "submissionId": 23825370, "reward": 380016, "index": 0, "initialScore": 716.1427783964879, "initialConfidence": 185.0, "updatedScore": 814.4290096591105, "updatedConfidence": 170.0, "teamId": 99999}, {"id": 77039007, "state": 2, "submissionId": 23200457, "reward": 0, "index": 1, "initialScore": 723.1735478459944, "initialConfidence": 35.0, "updatedScore": 719.6556330674199, "updatedConfidence": 35.0, "teamId": 99999}]}