{"id": 31554230, "competitionId": 30067, "createTime": {"seconds": 1637530444}, "endTime": {"seconds": 1637530444}, "agents": [{"id": 78203058, "state": 2, "submissionId": 23825143, "reward": 1150060, "index": 0, "initialScore": 1812.810998662586, "initialConfidence": 35.0, "updatedScore": 1810.4924027879265, "updatedConfidence": 35.0, "teamId": 99999}, {"id": 78203059, "state": 2, "submissionId": 23281649, "reward": 1730052, "index": 1, "initialScore": 1965.3103592059451, "initialConfidence": 35.0, "updatedScore": 1967.6289550806048, "updatedConfidence": 35.0, "teamId": 99999}]}