{"id": 31401210, "competitionId": 30067, "createTime": {"seconds": 1637415527}, "endTime": {"seconds": 1637415527}, "agents": [{"id": 77897018, "state": 2, "submissionId": 23674317, "reward": 50011, "index": 0, "initialScore": 1774.7853164836554, "initialConfidence": 35.0, "updatedScore": 1770.2914352675905, "updatedConfidence": 35.0, "teamId": 99999}, {"id": 77897019, "state": 2, "submissionId": 23825143, "reward": 2810270, "index": 1, "initialScore": 1774.6409930089085, "initialConfidence": 35.0, "updatedScore": 1779.1348742249734, "updatedConfidence": 35.0, "teamId": 99999}]}