{"id": 31606258, "competitionId": 30067, "createTime": {"seconds": 1637568842}, "endTime": {"seconds": 1637568842}, "agents": [{"id": 78307114, "state": 2, "submissionId": 23281649, "reward": 680041, "index": 0, "initialScore": 1955.5783320658431, "initialConfidence": 35.0, "updatedScore": 1949.093991827492, "updatedConfidence": 35.0, "teamId": 99999}, {"id": 78307115, "state": 2, "submissionId": 23825329, "reward": 680068, "index": 1, "initialScore": 1843.4238037720345, "initialConfidence": 35.0, "updatedScore": 1849.9081440103853, "updatedConfidence": 35.0, "teamId": 99999}]}