{"id": 28485708, "competitionId": 30067, "createTime": {"seconds": 1634580271}, "endTime": {"seconds": 1634580271}, "agents": [{"id": 72068016, "state": 2, "submissionId": 23103794, "reward": 0, "index": 0, "initialScore": 1455.567406945731, "initialConfidence": 35.0, "updatedScore": 1450.398449893739, "updatedConfidence": 35.0, "teamId": 99999}, {"id": 72068017, "state": 2, "submissionId": 23297953, "reward": 160004, "index": 1, "initialScore": 1411.9172214202583, "initialConfidence": 47.51834434971699, "updatedScore": 1421.444951296008, "updatedConfidence": 46.76189867174256, "teamId": 99999}]}