{"id": 30864799, "competitionId": 30067, "createTime": {"seconds": 1636989564}, "endTime": {"seconds": 1636989564}, "agents": [{"id": 76824196, "state": 2, "submissionId": 23554491, "reward": 340037, "index": 0, "initialScore": 1788.6570670282142, "initialConfidence": 35.0, "updatedScore": 1796.3414743718913, "updatedConfidence": 35.0, "teamId": 99999}, {"id": 76824197, "state": 2, "submissionId": 23281649, "reward": 190023, "index": 1, "initialScore": 1962.2235007441784, "initialConfidence": 35.0, "updatedScore": 1954.539093400501, "updatedConfidence": 35.0, "teamId": 99999}]}