{"id": 29401540, "competitionId": 30067, "createTime": {"seconds": 1635614576}, "endTime": {"seconds": 1635614576}, "agents": [{"id": 73897680, "state": 2, "submissionId": 23297953, "reward": 940033, "index": 0, "initialScore": 1890.7842700335136, "initialConfidence": 35.0, "updatedScore": 1892.5111498736296, "updatedConfidence": 35.0, "teamId": 99999}, {"id": 73897681, "state": 2, "submissionId": 23430612, "reward": 120017, "index": 1, "initialScore": 1684.015947637683, "initialConfidence": 35.0, "updatedScore": 1682.289067797567, "updatedConfidence": 35.0, "teamId": 99999}]}