{"id": 30762978, "competitionId": 30067, "createTime": {"seconds": 1636905129}, "endTime": {"seconds": 1636905129}, "agents": [{"id": 76620554, "state": 2, "submissionId": 23554433, "reward": 430005, "index": 0, "initialScore": 1762.9375574472572, "initialConfidence": 35.0, "updatedScore": 1761.608411176262, "updatedConfidence": 35.0, "teamId": 99999}, {"id": 76620555, "state": 2, "submissionId": 23297953, "reward": 1140047, "index": 1, "initialScore": 2039.834181995675, "initialConfidence": 35.0, "updatedScore": 2041.16332826667, "updatedConfidence": 35.0, "teamId": 99999}]}