{"id": 32035298, "competitionId": 30067, "createTime": {"seconds": 1637877414}, "endTime": {"seconds": 1637877414}, "agents": [{"id": 79165194, "state": 2, "submissionId": 23642575, "reward": 40007, "index": 0, "initialScore": 1786.6309303926628, "initialConfidence": 35.0, "updatedScore": 1782.797843034558, "updatedConfidence": 35.0, "teamId": 99999}, {"id": 79165195, "state": 2, "submissionId": 23825370, "reward": 750058, "index": 1, "initialScore": 1828.055175559877, "initialConfidence": 35.0, "updatedScore": 1831.8882629179816, "updatedConfidence": 35.0, "teamId": 99999}]}