{"id": 31910368, "competitionId": 30067, "createTime": {"seconds": 1637789801}, "endTime": {"seconds": 1637789801}, "agents": [{"id": 78915334, "state": 2, "submissionId": 23642611, "reward": 80010, "index": 0, "initialScore": 1743.998953936451, "initialConfidence": 35.0, "updatedScore": 1741.2065064332678, "updatedConfidence": 35.0, "teamId": 99999}, {"id": 78915335, "state": 2, "submissionId": 23825143, "reward": 470033, "index": 1, "initialScore": 1858.5122120676624, "initialConfidence": 35.0, "updatedScore": 1861.3046595708452, "updatedConfidence": 35.0, "teamId": 99999}]}