{"id": 31030486, "competitionId": 30067, "createTime": {"seconds": 1637125044}, "endTime": {"seconds": 1637125044}, "agents": [{"id": 77155570, "state": 2, "submissionId": 23302588, "reward": 0, "index": 0, "initialScore": 1620.267656766213, "initialConfidence": 35.0, "updatedScore": 1615.6573368052666, "updatedConfidence": 35.0, "teamId": 99999}, {"id": 77155571, "state": 2, "submissionId": 23825266, "reward": 300011, "index": 1, "initialScore": 1612.1864625826158, "initialConfidence": 39.03913412525813, "updatedScore": 1617.9222801717094, "updatedConfidence": 38.6350453289099, "teamId": 99999}]}