{"id": 30547569, "competitionId": 30067, "createTime": {"seconds": 1636722626}, "endTime": {"seconds": 1636722626}, "agents": [{"id": 76189736, "state": 2, "submissionId": 23272766, "reward": 20003, "index": 0, "initialScore": 1422.7153535507462, "initialConfidence": 35.0, "updatedScore": 1420.2923333241706, "updatedConfidence": 35.0, "teamId": 99999}, {"id": 76189737, "state": 2, "submissionId": 23692494, "reward": 1350029, "index": 1, "initialScore": 1566.5023993628251, "initialConfidence": 35.0, "updatedScore": 1568.9254195894007, "updatedConfidence": 35.0, "teamId": 99999}]}