{"id": 31571872, "competitionId": 30067, "createTime": {"seconds": 1637543408}, "endTime": {"seconds": 1637543408}, "agents": [{"id": 78238342, "state": 2, "submissionId": 23825370, "reward": 2580249, "index": 0, "initialScore": 1770.0344685167458, "initialConfidence": 35.0, "updatedScore": 1774.33845814501, "updatedConfidence": 35.0, "teamId": 99999}, {"id": 78238343, "state": 2, "submissionId": 23674317, "reward": 1200089, "index": 1, "initialScore": 1758.5277529710152, "initialConfidence": 35.0, "updatedScore": 1754.223763342751, "updatedConfidence": 35.0, "teamId": 99999}]}