{"id": 28491410, "competitionId": 30067, "createTime": {"seconds": 1634587569}, "endTime": {"seconds": 1634587569}, "agents": [{"id": 72079420, "state": 2, "submissionId": 23297953, "reward": 180009, "index": 0, "initialScore": 1480.7154981268836, "initialConfidence": 41.75663046575902, "updatedScore": 1485.7539151730734, "updatedConfidence": 41.31923225003765, "teamId": 99999}, {"id": 72079421, "state": 2, "submissionId": 23167924, "reward": 0, "index": 1, "initialScore": 1420.7786646673349, "initialConfidence": 35.0, "updatedScore": 1417.2388599072178, "updatedConfidence": 35.0, "teamId": 99999}]}