{"id": 32007170, "competitionId": 30067, "createTime": {"seconds": 1637857479}, "endTime": {"seconds": 1637857479}, "agents": [{"id": 79108938, "state": 2, "submissionId": 23825224, "reward": 10001, "index": 0, "initialScore": 1854.2586458744563, "initialConfidence": 35.0, "updatedScore": 1851.6588736952613, "updatedConfidence": 35.0, "teamId": 99999}, {"id": 79108939, "state": 2, "submissionId": 23281649, "reward": 380009, "index": 1, "initialScore": 1983.7591937358516, "initialConfidence": 35.0, "updatedScore": 1986.3589659150464, "updatedConfidence": 35.0, "teamId": 99999}]}