{"id": 31426534, "competitionId": 30067, "createTime": {"seconds": 1637434890}, "endTime": {"seconds": 1637434890}, "agents": [{"id": 77947666, "state": 2, "submissionId": 23825370, "reward": 230023, "index": 0, "initialScore": 1756.4886497562272, "initialConfidence": 35.0, "updatedScore": 1751.6277954316113, "updatedConfidence": 35.0, "teamId": 99999}, {"id": 77947667, "state": 2, "submissionId": 23642575, "reward": 240024, "index": 1, "initialScore": 1734.4061196946316, "initialConfidence": 35.0, "updatedScore": 1739.2669740192475, "updatedConfidence": 35.0, "teamId": 99999}]}