{"id": 28495111, "competitionId": 30067, "createTime": {"seconds": 1634592129}, "endTime": {"seconds": 1634592129}, "agents": [{"id": 72086822, "state": 2, "submissionId": 23115777, "reward": 10001, "index": 0, "initialScore": 1411.530792348372, "initialConfidence": 35.0, "updatedScore": 1408.196299614462, "updatedConfidence": 35.0, "teamId": 99999}, {"id": 72086823, "state": 2, "submissionId": 23297953, "reward": 630030, "index": 1, "initialScore": 1485.7539151730734, "initialConfidence": 41.31923225003765, "updatedScore": 1490.40118804326, "updatedConfidence": 40.90742342165562, "teamId": 99999}]}