{"id": 30979363, "competitionId": 30067, "createTime": {"seconds": 1637083639}, "endTime": {"seconds": 1637083639}, "agents": [{"id": 77053324, "state": 2, "submissionId": 23825143, "reward": 1050101, "index": 0, "initialScore": 1564.6665013888323, "initialConfidence": 50.98834910095126, "updatedScore": 1573.5637879971282, "updatedConfidence": 50.13646820581057, "teamId": 99999}, {"id": 77053325, "state": 2, "submissionId": 23422489, "reward": 420044, "index": 1, "initialScore": 1549.7567049593342, "initialConfidence": 35.0, "updatedScore": 1545.564410605658, "updatedConfidence": 35.0, "teamId": 99999}]}