{"id": 28539984, "competitionId": 30067, "createTime": {"seconds": 1634647628}, "endTime": {"seconds": 1634647628}, "agents": [{"id": 72176568, "state": 2, "submissionId": 23297953, "reward": 810022, "index": 0, "initialScore": 1542.5840082030545, "initialConfidence": 37.04447058381813, "updatedScore": 1546.9227876147104, "updatedConfidence": 36.72426626808164, "teamId": 99999}, {"id": 72176569, "state": 2, "submissionId": 23249060, "reward": 80009, "index": 1, "initialScore": 1504.0936262530056, "initialConfidence": 35.0, "updatedScore": 1500.22054262534, "updatedConfidence": 35.0, "teamId": 99999}]}