{"id": 30718607, "competitionId": 30067, "createTime": {"seconds": 1636867901}, "endTime": {"seconds": 1636867901}, "agents": [{"id": 76531812, "state": 2, "submissionId": 23281649, "reward": 140013, "index": 0, "initialScore": 1979.907336058162, "initialConfidence": 35.0, "updatedScore": 1981.4980653858129, "updatedConfidence": 35.0, "teamId": 99999}, {"id": 76531813, "state": 2, "submissionId": 23554433, "reward": 10002, "index": 1, "initialScore": 1759.120645347319, "initialConfidence": 35.0, "updatedScore": 1757.5299160196682, "updatedConfidence": 35.0, "teamId": 99999}]}