{"id": 28486290, "competitionId": 30067, "createTime": {"seconds": 1634580990}, "endTime": {"seconds": 1634580990}, "agents": [{"id": 72069180, "state": 2, "submissionId": 23297953, "reward": 1020027, "index": 0, "initialScore": 1444.3004711192027, "initialConfidence": 44.82455058321632, "updatedScore": 1450.8788397415597, "updatedConfidence": 44.25620442654181, "teamId": 99999}, {"id": 72069181, "state": 2, "submissionId": 23292156, "reward": 20002, "index": 1, "initialScore": 1417.1021258015733, "initialConfidence": 39.88507176239689, "updatedScore": 1411.8936929033496, "updatedConfidence": 39.48520374976093, "teamId": 99999}]}