{"id": 29940579, "competitionId": 30067, "createTime": {"seconds": 1636178464}, "endTime": {"seconds": 1636178464}, "agents": [{"id": 74975756, "state": 2, "submissionId": 23297953, "reward": 770012, "index": 0, "initialScore": 1948.286207702526, "initialConfidence": 35.0, "updatedScore": 1949.9994614617883, "updatedConfidence": 35.0, "teamId": 99999}, {"id": 74975757, "state": 2, "submissionId": 23323058, "reward": 1, "index": 1, "initialScore": 1740.1462577646755, "initialConfidence": 35.0, "updatedScore": 1738.4330040054135, "updatedConfidence": 35.0, "teamId": 99999}]}