{"id": 30597627, "competitionId": 30067, "createTime": {"seconds": 1636765599}, "endTime": {"seconds": 1636765599}, "agents": [{"id": 76289852, "state": 2, "submissionId": 23635358, "reward": 670041, "index": 0, "initialScore": 1539.5499639477248, "initialConfidence": 35.0, "updatedScore": 1535.9868715596208, "updatedConfidence": 35.0, "teamId": 99999}, {"id": 76289853, "state": 2, "submissionId": 23692494, "reward": 2460052, "index": 1, "initialScore": 1598.8920160370203, "initialConfidence": 35.0, "updatedScore": 1602.4551084251243, "updatedConfidence": 35.0, "teamId": 99999}]}