{"id": 30320377, "competitionId": 30067, "createTime": {"seconds": 1636524355}, "endTime": {"seconds": 1636524355}, "agents": [{"id": 75735352, "state": 2, "submissionId": 23323058, "reward": 20002, "index": 0, "initialScore": 1754.8718553740684, "initialConfidence": 35.0, "updatedScore": 1753.206544237462, "updatedConfidence": 35.0, "teamId": 99999}, {"id": 75735353, "state": 2, "submissionId": 23281649, "reward": 70006, "index": 1, "initialScore": 1967.8916822287133, "initialConfidence": 35.0, "updatedScore": 1969.55699336532, "updatedConfidence": 35.0, "teamId": 99999}]}