{"id": 31180560, "competitionId": 30067, "createTime": {"seconds": 1637244381}, "endTime": {"seconds": 1637244381}, "agents": [{"id": 77455718, "state": 2, "submissionId": 23825370, "reward": 1740171, "index": 0, "initialScore": 1670.9202721226152, "initialConfidence": 35.0, "updatedScore": 1674.4584620240107, "updatedConfidence": 35.0, "teamId": 99999}, {"id": 77455720, "state": 2, "submissionId": 23159502, "reward": 50010, "index": 1, "initialScore": 1609.8937460878417, "initialConfidence": 35.0, "updatedScore": 1606.3555561864462, "updatedConfidence": 35.0, "teamId": 99999}]}