{"id": 31829844, "competitionId": 30067, "createTime": {"seconds": 1637732862}, "endTime": {"seconds": 1637732862}, "agents": [{"id": 78754286, "state": 2, "submissionId": 23542431, "reward": 80009, "index": 0, "initialScore": 1727.3994712794552, "initialConfidence": 35.0, "updatedScore": 1724.6226025560338, "updatedConfidence": 35.0, "teamId": 99999}, {"id": 78754287, "state": 2, "submissionId": 23825143, "reward": 1250074, "index": 1, "initialScore": 1843.1036617517332, "initialConfidence": 35.0, "updatedScore": 1845.8805304751547, "updatedConfidence": 35.0, "teamId": 99999}]}