{"id": 30706983, "competitionId": 30067, "createTime": {"seconds": 1636858295}, "endTime": {"seconds": 1636858295}, "agents": [{"id": 76508564, "state": 2, "submissionId": 23692494, "reward": 640014, "index": 0, "initialScore": 1635.564470881218, "initialConfidence": 35.0, "updatedScore": 1639.533955685998, "updatedConfidence": 35.0, "teamId": 99999}, {"id": 76508565, "state": 2, "submissionId": 22931784, "reward": 1, "index": 1, "initialScore": 1602.9686973490743, "initialConfidence": 35.0, "updatedScore": 1598.9992125442946, "updatedConfidence": 35.0, "teamId": 99999}]}