{"id": 31074266, "competitionId": 30067, "createTime": {"seconds": 1637160112}, "endTime": {"seconds": 1637160112}, "agents": [{"id": 77243130, "state": 2, "submissionId": 23281649, "reward": 60007, "index": 0, "initialScore": 1971.0827403940627, "initialConfidence": 35.0, "updatedScore": 1962.998863329235, "updatedConfidence": 35.0, "teamId": 99999}, {"id": 77243131, "state": 2, "submissionId": 23642575, "reward": 220008, "index": 1, "initialScore": 1777.7757217499154, "initialConfidence": 35.0, "updatedScore": 1785.859598814743, "updatedConfidence": 35.0, "teamId": 99999}]}