{"id": 30463920, "competitionId": 30067, "createTime": {"seconds": 1636650355}, "endTime": {"seconds": 1636650355}, "agents": [{"id": 76022438, "state": 2, "submissionId": 23692494, "reward": 220005, "index": 0, "initialScore": 1513.164309929617, "initialConfidence": 38.46186125293937, "updatedScore": 1516.8508375176234, "updatedConfidence": 38.14321352916838, "teamId": 99999}, {"id": 76022439, "state": 2, "submissionId": 23325041, "reward": 0, "index": 1, "initialScore": 1418.4025118701022, "initialConfidence": 35.0, "updatedScore": 1415.3497496157702, "updatedConfidence": 35.0, "teamId": 99999}]}