{"id": 31008920, "competitionId": 30067, "createTime": {"seconds": 1637107694}, "endTime": {"seconds": 1637107694}, "agents": [{"id": 77112438, "state": 2, "submissionId": 23825143, "reward": 560056, "index": 0, "initialScore": 1643.8705408217968, "initialConfidence": 40.77100739940434, "updatedScore": 1649.405100383669, "updatedConfidence": 40.335557261073454, "teamId": 99999}, {"id": 77112439, "state": 2, "submissionId": 23176680, "reward": 180018, "index": 1, "initialScore": 1619.317192148073, "initialConfidence": 35.0, "updatedScore": 1615.238543740105, "updatedConfidence": 35.0, "teamId": 99999}]}