{"id": 28540129, "competitionId": 30067, "createTime": {"seconds": 1634647867}, "endTime": {"seconds": 1634647867}, "agents": [{"id": 72176858, "state": 2, "submissionId": 22930827, "reward": 60007, "index": 0, "initialScore": 1594.1572381979588, "initialConfidence": 35.0, "updatedScore": 1588.8691778510608, "updatedConfidence": 35.0, "teamId": 99999}, {"id": 72176859, "state": 2, "submissionId": 23297953, "reward": 680017, "index": 1, "initialScore": 1546.9227876147104, "initialConfidence": 36.72426626808164, "updatedScore": 1552.7447121142072, "updatedConfidence": 36.36765962715686, "teamId": 99999}]}