{"id": 31205423, "competitionId": 30067, "createTime": {"seconds": 1637264082}, "endTime": {"seconds": 1637264082}, "agents": [{"id": 77505444, "state": 2, "submissionId": 23297953, "reward": 80011, "index": 0, "initialScore": 2038.0033719944367, "initialConfidence": 35.0, "updatedScore": 2039.377174424662, "updatedConfidence": 35.0, "teamId": 99999}, {"id": 77505445, "state": 2, "submissionId": 23770016, "reward": 20003, "index": 1, "initialScore": 1793.2355530427014, "initialConfidence": 35.0, "updatedScore": 1791.8617506124765, "updatedConfidence": 35.0, "teamId": 99999}]}