{"id": 30479204, "competitionId": 30067, "createTime": {"seconds": 1636663558}, "endTime": {"seconds": 1636663558}, "agents": [{"id": 76053006, "state": 2, "submissionId": 23297953, "reward": 1200030, "index": 0, "initialScore": 2015.8474710924063, "initialConfidence": 35.0, "updatedScore": 2017.1778698841176, "updatedConfidence": 35.0, "teamId": 99999}, {"id": 76053007, "state": 2, "submissionId": 23554433, "reward": 470018, "index": 1, "initialScore": 1765.995762375295, "initialConfidence": 35.0, "updatedScore": 1764.6653635835837, "updatedConfidence": 35.0, "teamId": 99999}]}