{"id": 31230683, "competitionId": 30067, "createTime": {"seconds": 1637283765}, "endTime": {"seconds": 1637283765}, "agents": [{"id": 77555964, "state": 2, "submissionId": 23674338, "reward": 440042, "index": 0, "initialScore": 1715.3139132936406, "initialConfidence": 35.0, "updatedScore": 1711.146159575364, "updatedConfidence": 35.0, "teamId": 99999}, {"id": 77555965, "state": 2, "submissionId": 23825143, "reward": 1250124, "index": 1, "initialScore": 1735.318330123289, "initialConfidence": 35.0, "updatedScore": 1739.4860838415657, "updatedConfidence": 35.0, "teamId": 99999}]}