{"id": 30980459, "competitionId": 30067, "createTime": {"seconds": 1637084354}, "endTime": {"seconds": 1637084354}, "agents": [{"id": 77055516, "state": 2, "submissionId": 23692494, "reward": 220002, "index": 0, "initialScore": 1809.0954073214568, "initialConfidence": 35.0, "updatedScore": 1812.0384777735185, "updatedConfidence": 35.0, "teamId": 99999}, {"id": 77055517, "state": 2, "submissionId": 23323058, "reward": 20002, "index": 1, "initialScore": 1705.9215557599284, "initialConfidence": 35.0, "updatedScore": 1702.9784853078663, "updatedConfidence": 35.0, "teamId": 99999}]}