{"id": 29841739, "competitionId": 30067, "createTime": {"seconds": 1636084181}, "endTime": {"seconds": 1636084181}, "agents": [{"id": 74778076, "state": 2, "submissionId": 23281649, "reward": 270023, "index": 0, "initialScore": 1925.4090535163975, "initialConfidence": 35.0, "updatedScore": 1917.536758365803, "updatedConfidence": 35.0, "teamId": 99999}, {"id": 74778077, "state": 2, "submissionId": 23554491, "reward": 340024, "index": 1, "initialScore": 1742.5195431684483, "initialConfidence": 35.0, "updatedScore": 1750.3918383190432, "updatedConfidence": 35.0, "teamId": 99999}]}