{"id": 30586825, "competitionId": 30067, "createTime": {"seconds": 1636756477}, "endTime": {"seconds": 1636756477}, "agents": [{"id": 76268248, "state": 2, "submissionId": 23554433, "reward": 110007, "index": 0, "initialScore": 1767.2439491027935, "initialConfidence": 35.0, "updatedScore": 1765.4900321764928, "updatedConfidence": 35.0, "teamId": 99999}, {"id": 76268249, "state": 2, "submissionId": 23281649, "reward": 410027, "index": 1, "initialScore": 1971.3100993515127, "initialConfidence": 35.0, "updatedScore": 1973.0640162778136, "updatedConfidence": 35.0, "teamId": 99999}]}