{"id": 31565932, "competitionId": 30067, "createTime": {"seconds": 1637539085}, "endTime": {"seconds": 1637539085}, "agents": [{"id": 78226462, "state": 2, "submissionId": 23825224, "reward": 1390129, "index": 0, "initialScore": 1849.2129439463008, "initialConfidence": 35.0, "updatedScore": 1846.0767199050656, "updatedConfidence": 35.0, "teamId": 99999}, {"id": 78226463, "state": 2, "submissionId": 23692494, "reward": 2420043, "index": 1, "initialScore": 1938.275338082297, "initialConfidence": 35.0, "updatedScore": 1941.411562123532, "updatedConfidence": 35.0, "teamId": 99999}]}