{"id": 30981431, "competitionId": 30067, "createTime": {"seconds": 1637085309}, "endTime": {"seconds": 1637085309}, "agents": [{"id": 77057460, "state": 2, "submissionId": 23335751, "reward": 0, "index": 0, "initialScore": 1447.526034534961, "initialConfidence": 35.0, "updatedScore": 1443.8109894287347, "updatedConfidence": 35.0, "teamId": 99999}, {"id": 77057461, "state": 2, "submissionId": 23825370, "reward": 890049, "index": 1, "initialScore": 1493.974518703934, "initialConfidence": 50.352531820298914, "updatedScore": 1501.663532277699, "updatedConfidence": 49.57565272709324, "teamId": 99999}]}