{"id": 31289931, "competitionId": 30067, "createTime": {"seconds": 1637329836}, "endTime": {"seconds": 1637329836}, "agents": [{"id": 77674460, "state": 2, "submissionId": 23297953, "reward": 10001, "index": 0, "initialScore": 2048.0298054298337, "initialConfidence": 35.0, "updatedScore": 2039.0430193909776, "updatedConfidence": 35.0, "teamId": 99999}, {"id": 77674461, "state": 2, "submissionId": 23825224, "reward": 470040, "index": 1, "initialScore": 1811.1265562291148, "initialConfidence": 35.0, "updatedScore": 1820.113342267971, "updatedConfidence": 35.0, "teamId": 99999}]}