{"id": 31217089, "competitionId": 30067, "createTime": {"seconds": 1637273202}, "endTime": {"seconds": 1637273202}, "agents": [{"id": 77528776, "state": 2, "submissionId": 23551906, "reward": 140014, "index": 0, "initialScore": 1685.4727205846918, "initialConfidence": 35.0, "updatedScore": 1681.1289791838242, "updatedConfidence": 35.0, "teamId": 99999}, {"id": 77528777, "state": 2, "submissionId": 23825266, "reward": 440037, "index": 1, "initialScore": 1694.5222608444285, "initialConfidence": 35.0, "updatedScore": 1698.8660022452962, "updatedConfidence": 35.0, "teamId": 99999}]}