{"id": 31540600, "competitionId": 30067, "createTime": {"seconds": 1637520364}, "endTime": {"seconds": 1637520364}, "agents": [{"id": 78175798, "state": 2, "submissionId": 23297953, "reward": 280012, "index": 0, "initialScore": 1989.930343377558, "initialConfidence": 35.0, "updatedScore": 1992.458231679472, "updatedConfidence": 35.0, "teamId": 99999}, {"id": 78175799, "state": 2, "submissionId": 23825224, "reward": 120012, "index": 1, "initialScore": 1854.685715002876, "initialConfidence": 35.0, "updatedScore": 1852.1578267009625, "updatedConfidence": 35.0, "teamId": 99999}]}