{"id": 31142634, "competitionId": 30067, "createTime": {"seconds": 1637214588}, "endTime": {"seconds": 1637214588}, "agents": [{"id": 77379866, "state": 2, "submissionId": 23825266, "reward": 2380230, "index": 0, "initialScore": 1669.489139230817, "initialConfidence": 35.21818718772258, "updatedScore": 1673.060086695898, "updatedConfidence": 35.0, "teamId": 99999}, {"id": 77379867, "state": 2, "submissionId": 23795900, "reward": 260027, "index": 1, "initialScore": 1607.7215432786463, "initialConfidence": 35.0, "updatedScore": 1604.1947049264968, "updatedConfidence": 35.0, "teamId": 99999}]}