{"id": 30426146, "competitionId": 30067, "createTime": {"seconds": 1636617451}, "endTime": {"seconds": 1636617451}, "agents": [{"id": 75946890, "state": 2, "submissionId": 23554491, "reward": 140014, "index": 0, "initialScore": 1776.2191001981837, "initialConfidence": 35.0, "updatedScore": 1774.3145622150075, "updatedConfidence": 35.0, "teamId": 99999}, {"id": 75946891, "state": 2, "submissionId": 23281649, "reward": 320009, "index": 1, "initialScore": 1965.6743703492857, "initialConfidence": 35.0, "updatedScore": 1967.5789083324617, "updatedConfidence": 35.0, "teamId": 99999}]}