{"id": 29356097, "competitionId": 30067, "createTime": {"seconds": 1635567745}, "endTime": {"seconds": 1635567745}, "agents": [{"id": 73806794, "state": 2, "submissionId": 23308353, "reward": 130015, "index": 0, "initialScore": 1673.3524976445042, "initialConfidence": 35.0, "updatedScore": 1671.6555420509926, "updatedConfidence": 35.0, "teamId": 99999}, {"id": 73806795, "state": 2, "submissionId": 23281649, "reward": 900048, "index": 1, "initialScore": 1883.1418517518428, "initialConfidence": 35.0, "updatedScore": 1884.8388073453543, "updatedConfidence": 35.0, "teamId": 99999}]}