{"id": 30404653, "competitionId": 30067, "createTime": {"seconds": 1636598726}, "endTime": {"seconds": 1636598726}, "agents": [{"id": 75903904, "state": 2, "submissionId": 23554491, "reward": 150005, "index": 0, "initialScore": 1785.7751215076703, "initialConfidence": 35.0, "updatedScore": 1784.173990621721, "updatedConfidence": 35.0, "teamId": 99999}, {"id": 75903905, "state": 2, "submissionId": 23297953, "reward": 460007, "index": 1, "initialScore": 2005.465233158209, "initialConfidence": 35.0, "updatedScore": 2007.0663640441585, "updatedConfidence": 35.0, "teamId": 99999}]}