{"id": 31802516, "competitionId": 30067, "createTime": {"seconds": 1637713423}, "endTime": {"seconds": 1637713423}, "agents": [{"id": 78699630, "state": 2, "submissionId": 23770123, "reward": 10000, "index": 0, "initialScore": 1838.7900166413972, "initialConfidence": 35.0, "updatedScore": 1836.304114895137, "updatedConfidence": 35.0, "teamId": 99999}, {"id": 78699631, "state": 2, "submissionId": 23692494, "reward": 410011, "index": 1, "initialScore": 1977.430984095108, "initialConfidence": 35.0, "updatedScore": 1979.9168858413689, "updatedConfidence": 35.0, "teamId": 99999}]}