{"id": 30975176, "competitionId": 30067, "createTime": {"seconds": 1637080014}, "endTime": {"seconds": 1637080014}, "agents": [{"id": 77044950, "state": 2, "submissionId": 23825370, "reward": 570035, "index": 0, "initialScore": 1222.2695163450037, "initialConfidence": 89.60294078092042, "updatedScore": 1246.4096148623314, "updatedConfidence": 85.52420998676173, "teamId": 99999}, {"id": 77044951, "state": 2, "submissionId": 23041725, "reward": 0, "index": 1, "initialScore": 1185.281478901975, "initialConfidence": 35.0, "updatedScore": 1181.5982339708562, "updatedConfidence": 35.0, "teamId": 99999}]}