{"id": 28482021, "competitionId": 30067, "createTime": {"seconds": 1634575710}, "endTime": {"seconds": 1634575710}, "agents": [{"id": 72060642, "state": 2, "submissionId": 23253022, "reward": 10003, "index": 0, "initialScore": 1208.1565468918795, "initialConfidence": 35.0, "updatedScore": 1203.7345069033518, "updatedConfidence": 35.0, "teamId": 99999}, {"id": 72060643, "state": 2, "submissionId": 23297953, "reward": 730022, "index": 1, "initialScore": 1201.6153441658803, "initialConfidence": 70.8609694482506, "updatedScore": 1219.741293266551, "updatedConfidence": 68.59061609612304, "teamId": 99999}]}