{"id": 30718965, "competitionId": 30067, "createTime": {"seconds": 1636868375}, "endTime": {"seconds": 1636868375}, "agents": [{"id": 76532528, "state": 2, "submissionId": 23692494, "reward": 310014, "index": 0, "initialScore": 1649.9829385793205, "initialConfidence": 35.0, "updatedScore": 1652.7582807377091, "updatedConfidence": 35.0, "teamId": 99999}, {"id": 76532529, "state": 2, "submissionId": 23599898, "reward": 0, "index": 1, "initialScore": 1534.1618590519297, "initialConfidence": 35.0, "updatedScore": 1531.386516893541, "updatedConfidence": 35.0, "teamId": 99999}]}