{"id": 30981735, "competitionId": 30067, "createTime": {"seconds": 1637085551}, "endTime": {"seconds": 1637085551}, "agents": [{"id": 77058068, "state": 2, "submissionId": 23825143, "reward": 20001, "index": 0, "initialScore": 1610.675479562988, "initialConfidence": 46.59124708782517, "updatedScore": 1604.5248987123848, "updatedConfidence": 45.99269402427346, "teamId": 99999}, {"id": 77058069, "state": 2, "submissionId": 23486319, "reward": 60008, "index": 1, "initialScore": 1674.5606966746543, "initialConfidence": 35.0, "updatedScore": 1678.031608252745, "updatedConfidence": 35.0, "teamId": 99999}]}