{"id": 30818828, "competitionId": 30067, "createTime": {"seconds": 1636951451}, "endTime": {"seconds": 1636951451}, "agents": [{"id": 76732254, "state": 2, "submissionId": 23550274, "reward": 90009, "index": 0, "initialScore": 1688.5344818689634, "initialConfidence": 35.0, "updatedScore": 1684.33114195764, "updatedConfidence": 35.0, "teamId": 99999}, {"id": 76732255, "state": 2, "submissionId": 23692494, "reward": 610018, "index": 1, "initialScore": 1706.3075323198425, "initialConfidence": 35.0, "updatedScore": 1710.510872231166, "updatedConfidence": 35.0, "teamId": 99999}]}