{"id": 31924186, "competitionId": 30067, "createTime": {"seconds": 1637799402}, "endTime": {"seconds": 1637799402}, "agents": [{"id": 78942970, "state": 2, "submissionId": 23825143, "reward": 360029, "index": 0, "initialScore": 1853.0133073680452, "initialConfidence": 35.0, "updatedScore": 1850.5045962549889, "updatedConfidence": 35.0, "teamId": 99999}, {"id": 78942971, "state": 2, "submissionId": 23692494, "reward": 620019, "index": 1, "initialScore": 1989.8053365229507, "initialConfidence": 35.0, "updatedScore": 1992.3140476360077, "updatedConfidence": 35.0, "teamId": 99999}]}