{"id": 32105349, "competitionId": 30067, "createTime": {"seconds": 1637926449}, "endTime": {"seconds": 1637926449}, "agents": [{"id": 79305296, "state": 2, "submissionId": 23825143, "reward": 270011, "index": 0, "initialScore": 1860.7477264779009, "initialConfidence": 35.0, "updatedScore": 1867.780522205532, "updatedConfidence": 35.0, "teamId": 99999}, {"id": 79305297, "state": 2, "submissionId": 23281649, "reward": 0, "index": 1, "initialScore": 2001.4007872755, "initialConfidence": 35.0, "updatedScore": 1994.3679915478683, "updatedConfidence": 35.0, "teamId": 99999}]}