{"id": 31154478, "competitionId": 30067, "createTime": {"seconds": 1637223947}, "endTime": {"seconds": 1637223947}, "agents": [{"id": 77403554, "state": 2, "submissionId": 23543954, "reward": 770053, "index": 0, "initialScore": 1701.802943665488, "initialConfidence": 35.0, "updatedScore": 1696.828320717618, "updatedConfidence": 35.0, "teamId": 99999}, {"id": 77403555, "state": 2, "submissionId": 23825266, "reward": 2160210, "index": 1, "initialScore": 1673.060086695898, "initialConfidence": 35.0, "updatedScore": 1678.034709643768, "updatedConfidence": 35.0, "teamId": 99999}]}