{"id": 31856318, "competitionId": 30067, "createTime": {"seconds": 1637751584}, "endTime": {"seconds": 1637751584}, "agents": [{"id": 78807234, "state": 2, "submissionId": 23825143, "reward": 1200087, "index": 0, "initialScore": 1846.553333283724, "initialConfidence": 35.0, "updatedScore": 1844.1960167317984, "updatedConfidence": 35.0, "teamId": 99999}, {"id": 78807235, "state": 2, "submissionId": 23281649, "reward": 1980065, "index": 1, "initialScore": 1995.7970915714152, "initialConfidence": 35.0, "updatedScore": 1998.1544081233403, "updatedConfidence": 35.0, "teamId": 99999}]}