{"id": 28417013, "competitionId": 30067, "createTime": {"seconds": 1634494322}, "endTime": {"seconds": 1634494322}, "agents": [{"id": 71930626, "state": 2, "submissionId": 23281649, "reward": 550050, "index": 0, "initialScore": 1479.7676384566826, "initialConfidence": 42.39946235781383, "updatedScore": 1484.6097866951518, "updatedConfidence": 41.95733360075642, "teamId": 99999}, {"id": 71930627, "state": 2, "submissionId": 23138848, "reward": 90010, "index": 1, "initialScore": 1403.229703383261, "initialConfidence": 35.0, "updatedScore": 1399.930162830566, "updatedConfidence": 35.0, "teamId": 99999}]}