{"id": 30486288, "competitionId": 30067, "createTime": {"seconds": 1636669794}, "endTime": {"seconds": 1636669794}, "agents": [{"id": 76067174, "state": 2, "submissionId": 23692494, "reward": 800042, "index": 0, "initialScore": 1532.296105987943, "initialConfidence": 37.06305705283719, "updatedScore": 1537.3435599834, "updatedConfidence": 36.72011731767133, "teamId": 99999}, {"id": 76067175, "state": 2, "submissionId": 23537834, "reward": 40005, "index": 1, "initialScore": 1533.3132108215923, "initialConfidence": 35.0, "updatedScore": 1528.8120349549408, "updatedConfidence": 35.0, "teamId": 99999}]}