{"id": 30740547, "competitionId": 30067, "createTime": {"seconds": 1636886408}, "endTime": {"seconds": 1636886408}, "agents": [{"id": 76575692, "state": 2, "submissionId": 23552447, "reward": 230023, "index": 0, "initialScore": 1755.3356541741011, "initialConfidence": 35.0, "updatedScore": 1754.006507903106, "updatedConfidence": 35.0, "teamId": 99999}, {"id": 76575693, "state": 2, "submissionId": 23297953, "reward": 1280042, "index": 1, "initialScore": 2037.1758894536847, "initialConfidence": 35.0, "updatedScore": 2038.50503572468, "updatedConfidence": 35.0, "teamId": 99999}]}