{"id": 30971911, "competitionId": 30067, "createTime": {"seconds": 1637077375}, "endTime": {"seconds": 1637077375}, "agents": [{"id": 77038420, "state": 2, "submissionId": 22754277, "reward": 0, "index": 0, "initialScore": 889.0422147419677, "initialConfidence": 35.0, "updatedScore": 885.7786111266187, "updatedConfidence": 35.0, "teamId": 99999}, {"id": 77038421, "state": 2, "submissionId": 23825143, "reward": 730039, "index": 1, "initialScore": 928.5832464753514, "initialConfidence": 155.0, "updatedScore": 992.5898398294402, "updatedConfidence": 140.0, "teamId": 99999}]}