{"id": 29587904, "competitionId": 30067, "createTime": {"seconds": 1635803616}, "endTime": {"seconds": 1635803616}, "agents": [{"id": 74270408, "state": 2, "submissionId": 23431781, "reward": 10006, "index": 0, "initialScore": 1696.2206694679717, "initialConfidence": 35.0, "updatedScore": 1694.6369940344366, "updatedConfidence": 35.0, "teamId": 99999}, {"id": 74270409, "state": 2, "submissionId": 23297953, "reward": 1190023, "index": 1, "initialScore": 1917.7535583278664, "initialConfidence": 35.0, "updatedScore": 1919.3372337614016, "updatedConfidence": 35.0, "teamId": 99999}]}