{"id": 28703600, "competitionId": 30067, "createTime": {"seconds": 1634844265}, "endTime": {"seconds": 1634844265}, "agents": [{"id": 72503800, "state": 2, "submissionId": 23128925, "reward": 210022, "index": 0, "initialScore": 1664.8039825086933, "initialConfidence": 35.0, "updatedScore": 1661.164548940014, "updatedConfidence": 35.0, "teamId": 99999}, {"id": 72503801, "state": 2, "submissionId": 23281649, "reward": 330011, "index": 1, "initialScore": 1719.016775575754, "initialConfidence": 35.0, "updatedScore": 1722.656209144433, "updatedConfidence": 35.0, "teamId": 99999}]}