{"id": 28479221, "competitionId": 30067, "createTime": {"seconds": 1634572114}, "endTime": {"seconds": 1634572114}, "agents": [{"id": 72055042, "state": 2, "submissionId": 23172883, "reward": 20004, "index": 0, "initialScore": 1483.9434678108162, "initialConfidence": 35.0, "updatedScore": 1480.9074298880964, "updatedConfidence": 35.0, "teamId": 99999}, {"id": 72055043, "state": 2, "submissionId": 23281649, "reward": 480032, "index": 1, "initialScore": 1580.2657770473495, "initialConfidence": 35.024885699459865, "updatedScore": 1583.3061338722107, "updatedConfidence": 35.0, "teamId": 99999}]}