{"id": 31389702, "competitionId": 30067, "createTime": {"seconds": 1637406651}, "endTime": {"seconds": 1637406651}, "agents": [{"id": 77874002, "state": 2, "submissionId": 23790137, "reward": 240010, "index": 0, "initialScore": 1676.6069078932003, "initialConfidence": 35.0, "updatedScore": 1673.3123665280857, "updatedConfidence": 35.0, "teamId": 99999}, {"id": 77874003, "state": 2, "submissionId": 23825266, "reward": 260026, "index": 1, "initialScore": 1754.4272265660995, "initialConfidence": 35.0, "updatedScore": 1757.7217679312146, "updatedConfidence": 35.0, "teamId": 99999}]}