{"id": 29684782, "competitionId": 30067, "createTime": {"seconds": 1635932635}, "endTime": {"seconds": 1635932635}, "agents": [{"id": 74464162, "state": 2, "submissionId": 23281649, "reward": 320010, "index": 0, "initialScore": 1916.284576216733, "initialConfidence": 35.0, "updatedScore": 1918.072872050712, "updatedConfidence": 35.0, "teamId": 99999}, {"id": 74464163, "state": 2, "submissionId": 23308353, "reward": 10001, "index": 1, "initialScore": 1715.618024170128, "initialConfidence": 35.0, "updatedScore": 1713.8297283361492, "updatedConfidence": 35.0, "teamId": 99999}]}