{"id": 31242371, "competitionId": 30067, "createTime": {"seconds": 1637292882}, "endTime": {"seconds": 1637292882}, "agents": [{"id": 77579340, "state": 2, "submissionId": 23825329, "reward": 1180115, "index": 0, "initialScore": 1796.003159574001, "initialConfidence": 35.0, "updatedScore": 1798.7041521027224, "updatedConfidence": 35.0, "teamId": 99999}, {"id": 77579341, "state": 2, "submissionId": 23790177, "reward": 10002, "index": 1, "initialScore": 1674.4473082103184, "initialConfidence": 35.0, "updatedScore": 1671.746315681597, "updatedConfidence": 35.0, "teamId": 99999}]}