{"id": 30727652, "competitionId": 30067, "createTime": {"seconds": 1636875607}, "endTime": {"seconds": 1636875607}, "agents": [{"id": 76549902, "state": 2, "submissionId": 23674326, "reward": 960065, "index": 0, "initialScore": 1692.0520750236988, "initialConfidence": 35.0, "updatedScore": 1686.8950486352903, "updatedConfidence": 35.0, "teamId": 99999}, {"id": 76549903, "state": 2, "submissionId": 23692494, "reward": 1440042, "index": 1, "initialScore": 1652.7582807377091, "initialConfidence": 35.0, "updatedScore": 1657.9153071261176, "updatedConfidence": 35.0, "teamId": 99999}]}