{"id": 31119506, "competitionId": 30067, "createTime": {"seconds": 1637196346}, "endTime": {"seconds": 1637196346}, "agents": [{"id": 77333610, "state": 2, "submissionId": 23825370, "reward": 1990183, "index": 0, "initialScore": 1644.094155053369, "initialConfidence": 35.72938410828581, "updatedScore": 1648.643821654083, "updatedConfidence": 35.42579878475183, "teamId": 99999}, {"id": 77333611, "state": 2, "submissionId": 23472924, "reward": 680040, "index": 1, "initialScore": 1636.546299172923, "initialConfidence": 35.0, "updatedScore": 1632.1804914842005, "updatedConfidence": 35.0, "teamId": 99999}]}