{"id": 31750153, "competitionId": 30067, "createTime": {"seconds": 1637675788}, "endTime": {"seconds": 1637675788}, "agents": [{"id": 78594904, "state": 2, "submissionId": 23825143, "reward": 350033, "index": 0, "initialScore": 1837.769876477276, "initialConfidence": 35.0, "updatedScore": 1831.3938714848591, "updatedConfidence": 35.0, "teamId": 99999}, {"id": 78594905, "state": 2, "submissionId": 23674333, "reward": 1310044, "index": 1, "initialScore": 1731.3419760458137, "initialConfidence": 35.0, "updatedScore": 1737.7179810382306, "updatedConfidence": 35.0, "teamId": 99999}]}