{"id": 31884544, "competitionId": 30067, "createTime": {"seconds": 1637771503}, "endTime": {"seconds": 1637771503}, "agents": [{"id": 78863686, "state": 2, "submissionId": 23825329, "reward": 90013, "index": 0, "initialScore": 1824.638458710964, "initialConfidence": 35.0, "updatedScore": 1818.7935068057768, "updatedConfidence": 35.0, "teamId": 99999}, {"id": 78863687, "state": 2, "submissionId": 23674317, "reward": 100011, "index": 1, "initialScore": 1746.80592642792, "initialConfidence": 35.0, "updatedScore": 1752.650878333107, "updatedConfidence": 35.0, "teamId": 99999}]}