{"id": 30974000, "competitionId": 30067, "createTime": {"seconds": 1637079055}, "endTime": {"seconds": 1637079055}, "agents": [{"id": 77042598, "state": 2, "submissionId": 23825143, "reward": 530049, "index": 0, "initialScore": 1261.451531109914, "initialConfidence": 88.91409055073616, "updatedScore": 1293.1679285829923, "updatedConfidence": 84.38754310690327, "teamId": 99999}, {"id": 77042599, "state": 2, "submissionId": 23494021, "reward": 0, "index": 1, "initialScore": 1309.0466136517427, "initialConfidence": 35.0, "updatedScore": 1304.1321202182178, "updatedConfidence": 35.0, "teamId": 99999}]}