{"id": 29003372, "competitionId": 30067, "createTime": {"seconds": 1635186664}, "endTime": {"seconds": 1635186664}, "agents": [{"id": 73103344, "state": 2, "submissionId": 23323058, "reward": 220023, "index": 0, "initialScore": 1718.7881288556432, "initialConfidence": 35.0, "updatedScore": 1715.4248183525958, "updatedConfidence": 35.0, "teamId": 99999}, {"id": 73103345, "state": 2, "submissionId": 23297953, "reward": 510021, "index": 1, "initialScore": 1791.808803994573, "initialConfidence": 35.0, "updatedScore": 1795.1721144976204, "updatedConfidence": 35.0, "teamId": 99999}]}