{"id": 30971907, "competitionId": 30067, "createTime": {"seconds": 1637077375}, "endTime": {"seconds": 1637077375}, "agents": [{"id": 77038412, "state": 2, "submissionId": 23615888, "reward": 0, "index": 0, "initialScore": 718.8922367020456, "initialConfidence": 35.0, "updatedScore": 715.3900046102242, "updatedConfidence": 35.0, "teamId": 99999}, {"id": 77038413, "state": 2, "submissionId": 23825266, "reward": 490044, "index": 1, "initialScore": 713.466275070554, "initialConfidence": 185.0, "updatedScore": 811.3143512685851, "updatedConfidence": 170.0, "teamId": 99999}]}