{"id": 30971903, "competitionId": 30067, "createTime": {"seconds": 1637077375}, "endTime": {"seconds": 1637077375}, "agents": [{"id": 77038404, "state": 2, "submissionId": 23825329, "reward": 410042, "index": 0, "initialScore": 600.0, "initialConfidence": 200.0, "updatedScore": 783.6340652071572, "updatedConfidence": 185.0, "teamId": 99999}, {"id": 77038405, "state": 2, "submissionId": 23019800, "reward": 0, "index": 1, "initialScore": 827.0159908695512, "initialConfidence": 35.0, "updatedScore": 821.392197622582, "updatedConfidence": 35.0, "teamId": 99999}]}