{"id": 29392655, "competitionId": 30067, "createTime": {"seconds": 1635605459}, "endTime": {"seconds": 1635605459}, "agents": [{"id": 73879910, "state": 2, "submissionId": 23297953, "reward": 1410052, "index": 0, "initialScore": 1888.8585248457368, "initialConfidence": 35.0, "updatedScore": 1890.7842700335136, "updatedConfidence": 35.0, "teamId": 99999}, {"id": 73879911, "state": 2, "submissionId": 23256560, "reward": 80008, "index": 1, "initialScore": 1701.4041115078346, "initialConfidence": 35.0, "updatedScore": 1699.4783663200574, "updatedConfidence": 35.0, "teamId": 99999}]}