{"id": 31157258, "competitionId": 30067, "createTime": {"seconds": 1637226108}, "endTime": {"seconds": 1637226108}, "agents": [{"id": 77409114, "state": 2, "submissionId": 23281649, "reward": 10000, "index": 0, "initialScore": 1964.8228637755292, "initialConfidence": 35.0, "updatedScore": 1957.1154041090128, "updatedConfidence": 35.0, "teamId": 99999}, {"id": 77409115, "state": 2, "submissionId": 23608696, "reward": 10003, "index": 1, "initialScore": 1790.1087814781229, "initialConfidence": 35.0, "updatedScore": 1797.8162411446397, "updatedConfidence": 35.0, "teamId": 99999}]}