{"id": 31477347, "competitionId": 30067, "createTime": {"seconds": 1637473055}, "endTime": {"seconds": 1637473055}, "agents": [{"id": 78049292, "state": 2, "submissionId": 23790168, "reward": 330018, "index": 0, "initialScore": 1727.6715256592554, "initialConfidence": 35.0, "updatedScore": 1733.9032649614835, "updatedConfidence": 35.0, "teamId": 99999}, {"id": 78049293, "state": 2, "submissionId": 23825329, "reward": 170014, "index": 1, "initialScore": 1826.419540785129, "initialConfidence": 35.0, "updatedScore": 1820.1878014829003, "updatedConfidence": 35.0, "teamId": 99999}]}