{"id": 30973397, "competitionId": 30067, "createTime": {"seconds": 1637078574}, "endTime": {"seconds": 1637078574}, "agents": [{"id": 77041392, "state": 2, "submissionId": 23825266, "reward": 150023, "index": 0, "initialScore": 1022.959875270896, "initialConfidence": 117.37305622026136, "updatedScore": 1083.862769981752, "updatedConfidence": 107.25623482679252, "teamId": 99999}, {"id": 77041393, "state": 2, "submissionId": 22965904, "reward": 0, "index": 1, "initialScore": 1125.43291910989, "initialConfidence": 35.0, "updatedScore": 1120.017436100809, "updatedConfidence": 35.0, "teamId": 99999}]}