{"id": 30554312, "competitionId": 30067, "createTime": {"seconds": 1636728417}, "endTime": {"seconds": 1636728417}, "agents": [{"id": 76203222, "state": 2, "submissionId": 23323058, "reward": 90009, "index": 0, "initialScore": 1769.5825937832385, "initialConfidence": 35.0, "updatedScore": 1767.752095436309, "updatedConfidence": 35.0, "teamId": 99999}, {"id": 76203223, "state": 2, "submissionId": 23281649, "reward": 420022, "index": 1, "initialScore": 1966.129544868989, "initialConfidence": 35.0, "updatedScore": 1967.960043215918, "updatedConfidence": 35.0, "teamId": 99999}]}