{"id": 30980841, "competitionId": 30067, "createTime": {"seconds": 1637084830}, "endTime": {"seconds": 1637084830}, "agents": [{"id": 77056280, "state": 2, "submissionId": 23461114, "reward": 0, "index": 0, "initialScore": 1537.117188715406, "initialConfidence": 35.0, "updatedScore": 1531.8369224102016, "updatedConfidence": 35.0, "teamId": 99999}, {"id": 77056281, "state": 2, "submissionId": 23825266, "reward": 140019, "index": 1, "initialScore": 1485.8363067208463, "initialConfidence": 50.7347521045081, "updatedScore": 1496.9313965568042, "updatedConfidence": 49.81012383437108, "teamId": 99999}]}