{"id": 29054124, "competitionId": 30067, "createTime": {"seconds": 1635243075}, "endTime": {"seconds": 1635243075}, "agents": [{"id": 73204848, "state": 2, "submissionId": 23323058, "reward": 260026, "index": 0, "initialScore": 1710.1620366150278, "initialConfidence": 35.0, "updatedScore": 1707.3478721887934, "updatedConfidence": 35.0, "teamId": 99999}, {"id": 73204849, "state": 2, "submissionId": 23281649, "reward": 370025, "index": 1, "initialScore": 1823.0209555506012, "initialConfidence": 35.0, "updatedScore": 1825.835119976836, "updatedConfidence": 35.0, "teamId": 99999}]}