{"id": 29960946, "competitionId": 30067, "createTime": {"seconds": 1636197429}, "endTime": {"seconds": 1636197429}, "agents": [{"id": 75016490, "state": 2, "submissionId": 23554491, "reward": 0, "index": 0, "initialScore": 1765.055944319639, "initialConfidence": 35.0, "updatedScore": 1762.993756469441, "updatedConfidence": 35.0, "teamId": 99999}, {"id": 75016491, "state": 2, "submissionId": 23281649, "reward": 210022, "index": 1, "initialScore": 1939.937942962255, "initialConfidence": 35.0, "updatedScore": 1942.0001308124529, "updatedConfidence": 35.0, "teamId": 99999}]}