{"id": 32147524, "competitionId": 30067, "createTime": {"seconds": 1637955969}, "endTime": {"seconds": 1637955969}, "agents": [{"id": 79389646, "state": 2, "submissionId": 23825143, "reward": 20002, "index": 0, "initialScore": 1865.311422014776, "initialConfidence": 35.0, "updatedScore": 1862.5915300166305, "updatedConfidence": 35.0, "teamId": 99999}, {"id": 79389647, "state": 2, "submissionId": 23297953, "reward": 50005, "index": 1, "initialScore": 1985.4016387364725, "initialConfidence": 35.0, "updatedScore": 1988.1215307346183, "updatedConfidence": 35.0, "teamId": 99999}]}