{"id": 28468853, "competitionId": 30067, "createTime": {"seconds": 1634559126}, "endTime": {"seconds": 1634559126}, "agents": [{"id": 72034306, "state": 2, "submissionId": 23129375, "reward": 40006, "index": 0, "initialScore": 1666.3194463284435, "initialConfidence": 35.0, "updatedScore": 1669.46137621386, "updatedConfidence": 35.0, "teamId": 99999}, {"id": 72034307, "state": 2, "submissionId": 23281649, "reward": 0, "index": 1, "initialScore": 1577.7292574259384, "initialConfidence": 35.609494400766465, "updatedScore": 1574.4769468205488, "updatedConfidence": 35.35217708723744, "teamId": 99999}]}