{"id": 32133407, "competitionId": 30067, "createTime": {"seconds": 1637946127}, "endTime": {"seconds": 1637946127}, "agents": [{"id": 79361412, "state": 2, "submissionId": 23825224, "reward": 0, "index": 0, "initialScore": 1852.655175625944, "initialConfidence": 35.0, "updatedScore": 1850.35946258326, "updatedConfidence": 35.0, "teamId": 99999}, {"id": 79361413, "state": 2, "submissionId": 23692494, "reward": 330012, "index": 1, "initialScore": 2007.0928727516523, "initialConfidence": 35.0, "updatedScore": 2009.388585794337, "updatedConfidence": 35.0, "teamId": 99999}]}