{"id": 30888196, "competitionId": 30067, "createTime": {"seconds": 1637008951}, "endTime": {"seconds": 1637008951}, "agents": [{"id": 76870990, "state": 2, "submissionId": 23692494, "reward": 1570035, "index": 0, "initialScore": 1751.5344519763426, "initialConfidence": 35.0, "updatedScore": 1755.6585164604835, "updatedConfidence": 35.0, "teamId": 99999}, {"id": 76870991, "state": 2, "submissionId": 23565821, "reward": 80008, "index": 1, "initialScore": 1728.7789721878485, "initialConfidence": 35.0, "updatedScore": 1724.6549077037073, "updatedConfidence": 35.0, "teamId": 99999}]}