{"id": 30429037, "competitionId": 30067, "createTime": {"seconds": 1636620084}, "endTime": {"seconds": 1636620084}, "agents": [{"id": 75952672, "state": 2, "submissionId": 23427560, "reward": 0, "index": 0, "initialScore": 1486.4105956340031, "initialConfidence": 35.0, "updatedScore": 1481.561676445401, "updatedConfidence": 35.0, "teamId": 99999}, {"id": 75952673, "state": 2, "submissionId": 23692494, "reward": 530007, "index": 1, "initialScore": 1463.198598034939, "initialConfidence": 42.31632544000876, "updatedScore": 1470.2866151009428, "updatedConfidence": 41.792551824753545, "teamId": 99999}]}