{"id": 30554587, "competitionId": 30067, "createTime": {"seconds": 1636728656}, "endTime": {"seconds": 1636728656}, "agents": [{"id": 76203772, "state": 2, "submissionId": 23692494, "reward": 640015, "index": 0, "initialScore": 1568.9254195894007, "initialConfidence": 35.0, "updatedScore": 1575.267392011194, "updatedConfidence": 35.0, "teamId": 99999}, {"id": 76203773, "state": 2, "submissionId": 23486372, "reward": 200011, "index": 1, "initialScore": 1673.547255376975, "initialConfidence": 35.0, "updatedScore": 1667.2052829551817, "updatedConfidence": 35.0, "teamId": 99999}]}