{"id": 30983518, "competitionId": 30067, "createTime": {"seconds": 1637086989}, "endTime": {"seconds": 1637086989}, "agents": [{"id": 77061634, "state": 2, "submissionId": 23350342, "reward": 5, "index": 0, "initialScore": 1389.5886866983756, "initialConfidence": 35.0, "updatedScore": 1387.0941553042005, "updatedConfidence": 35.0, "teamId": 99999}, {"id": 77061635, "state": 2, "submissionId": 23825370, "reward": 540046, "index": 1, "initialScore": 1526.9383083741675, "initialConfidence": 45.62898105641845, "updatedScore": 1531.1780015348988, "updatedConfidence": 45.15472517186835, "teamId": 99999}]}