{"id": 28483764, "competitionId": 30067, "createTime": {"seconds": 1634577872}, "endTime": {"seconds": 1634577872}, "agents": [{"id": 72064128, "state": 2, "submissionId": 23297953, "reward": 730016, "index": 0, "initialScore": 1298.9969394154032, "initialConfidence": 58.89943577941489, "updatedScore": 1311.5238058537182, "updatedConfidence": 57.56991319316379, "teamId": 99999}, {"id": 72064129, "state": 2, "submissionId": 23145470, "reward": 2, "index": 1, "initialScore": 1301.1890359733688, "initialConfidence": 35.0, "updatedScore": 1296.7656354332855, "updatedConfidence": 35.0, "teamId": 99999}]}