{"id": 28850734, "competitionId": 30067, "createTime": {"seconds": 1635015381}, "endTime": {"seconds": 1635015381}, "agents": [{"id": 72798068, "state": 2, "submissionId": 23297953, "reward": 680031, "index": 0, "initialScore": 1742.5845170113398, "initialConfidence": 35.0, "updatedScore": 1746.0439752170475, "updatedConfidence": 35.0, "teamId": 99999}, {"id": 72798069, "state": 2, "submissionId": 23034455, "reward": 160016, "index": 1, "initialScore": 1676.1945496877413, "initialConfidence": 35.0, "updatedScore": 1672.7350914820336, "updatedConfidence": 35.0, "teamId": 99999}]}