{"id": 30428486, "competitionId": 30067, "createTime": {"seconds": 1636619604}, "endTime": {"seconds": 1636619604}, "agents": [{"id": 75951570, "state": 2, "submissionId": 23505021, "reward": 40004, "index": 0, "initialScore": 1409.0609310813988, "initialConfidence": 35.0, "updatedScore": 1405.2726508669614, "updatedConfidence": 35.0, "teamId": 99999}, {"id": 75951571, "state": 2, "submissionId": 23692494, "reward": 2450049, "index": 1, "initialScore": 1452.0157173604891, "initialConfidence": 43.29314072152673, "updatedScore": 1457.8119284460688, "updatedConfidence": 42.79055582965165, "teamId": 99999}]}