{"id": 31896972, "competitionId": 30067, "createTime": {"seconds": 1637780377}, "endTime": {"seconds": 1637780377}, "agents": [{"id": 78888542, "state": 2, "submissionId": 23642611, "reward": 220024, "index": 0, "initialScore": 1747.8492941821014, "initialConfidence": 35.0, "updatedScore": 1744.3822642630505, "updatedConfidence": 35.0, "teamId": 99999}, {"id": 78888543, "state": 2, "submissionId": 23825370, "reward": 670023, "index": 1, "initialScore": 1813.720912718556, "initialConfidence": 35.0, "updatedScore": 1817.187942637607, "updatedConfidence": 35.0, "teamId": 99999}]}