{"id": 30216213, "competitionId": 30067, "createTime": {"seconds": 1636431089}, "endTime": {"seconds": 1636431089}, "agents": [{"id": 75527024, "state": 2, "submissionId": 23554491, "reward": 500012, "index": 0, "initialScore": 1788.07190588749, "initialConfidence": 35.0, "updatedScore": 1786.1581844749446, "updatedConfidence": 35.0, "teamId": 99999}, {"id": 75527025, "state": 2, "submissionId": 23297953, "reward": 1400051, "index": 1, "initialScore": 1976.659120544426, "initialConfidence": 35.0, "updatedScore": 1978.5728419569716, "updatedConfidence": 35.0, "teamId": 99999}]}