{"id": 28558267, "competitionId": 30067, "createTime": {"seconds": 1634670206}, "endTime": {"seconds": 1634670206}, "agents": [{"id": 72213134, "state": 2, "submissionId": 22917589, "reward": 430032, "index": 0, "initialScore": 1582.195175123578, "initialConfidence": 35.0, "updatedScore": 1578.835640046142, "updatedConfidence": 35.0, "teamId": 99999}, {"id": 72213135, "state": 2, "submissionId": 23281649, "reward": 970052, "index": 1, "initialScore": 1655.478092626431, "initialConfidence": 35.0, "updatedScore": 1658.837627703867, "updatedConfidence": 35.0, "teamId": 99999}]}