{"id": 29337633, "competitionId": 30067, "createTime": {"seconds": 1635548041}, "endTime": {"seconds": 1635548041}, "agents": [{"id": 73769866, "state": 2, "submissionId": 23323058, "reward": 200020, "index": 0, "initialScore": 1704.6931089178463, "initialConfidence": 35.0, "updatedScore": 1702.6015488525102, "updatedConfidence": 35.0, "teamId": 99999}, {"id": 73769867, "state": 2, "submissionId": 23297953, "reward": 1730043, "index": 1, "initialScore": 1876.9328418086168, "initialConfidence": 35.0, "updatedScore": 1879.024401873953, "updatedConfidence": 35.0, "teamId": 99999}]}