{"id": 29392879, "competitionId": 30067, "createTime": {"seconds": 1635605696}, "endTime": {"seconds": 1635605696}, "agents": [{"id": 73880358, "state": 2, "submissionId": 23281649, "reward": 20011, "index": 0, "initialScore": 1890.8001955606355, "initialConfidence": 35.0, "updatedScore": 1882.836228846053, "updatedConfidence": 35.0, "teamId": 99999}, {"id": 73880359, "state": 2, "submissionId": 23323058, "reward": 60006, "index": 1, "initialScore": 1703.386816575953, "initialConfidence": 35.0, "updatedScore": 1711.3507832905352, "updatedConfidence": 35.0, "teamId": 99999}]}