{"id": 28410114, "competitionId": 30067, "createTime": {"seconds": 1634485651}, "endTime": {"seconds": 1634485651}, "agents": [{"id": 71916828, "state": 2, "submissionId": 22638443, "reward": 0, "index": 0, "initialScore": 1036.6445756172675, "initialConfidence": 35.0, "updatedScore": 1032.7509977712375, "updatedConfidence": 35.0, "teamId": 99999}, {"id": 71916829, "state": 2, "submissionId": 23281649, "reward": 9, "index": 1, "initialScore": 1051.8532459609298, "initialConfidence": 103.57979561508554, "updatedScore": 1085.9539128946149, "updatedConfidence": 97.3107556209633, "teamId": 99999}]}