{"id": 31375894, "competitionId": 30067, "createTime": {"seconds": 1637396326}, "endTime": {"seconds": 1637396326}, "agents": [{"id": 77846386, "state": 2, "submissionId": 23825143, "reward": 330013, "index": 0, "initialScore": 1777.2550036906766, "initialConfidence": 35.0, "updatedScore": 1781.7814015275897, "updatedConfidence": 35.0, "teamId": 99999}, {"id": 77846387, "state": 2, "submissionId": 23608696, "reward": 0, "index": 1, "initialScore": 1779.3730031729233, "initialConfidence": 35.0, "updatedScore": 1774.8466053360105, "updatedConfidence": 35.0, "teamId": 99999}]}