{"id": 31670906, "competitionId": 30067, "createTime": {"seconds": 1637616441}, "endTime": {"seconds": 1637616441}, "agents": [{"id": 78436410, "state": 2, "submissionId": 23825143, "reward": 2170200, "index": 0, "initialScore": 1818.536671534836, "initialConfidence": 35.0, "updatedScore": 1821.9145876279497, "updatedConfidence": 35.0, "teamId": 99999}, {"id": 78436411, "state": 2, "submissionId": 23760238, "reward": 470047, "index": 1, "initialScore": 1746.52915102335, "initialConfidence": 35.0, "updatedScore": 1743.151234930236, "updatedConfidence": 35.0, "teamId": 99999}]}