{"id": 31169702, "competitionId": 30067, "createTime": {"seconds": 1637235977}, "endTime": {"seconds": 1637235977}, "agents": [{"id": 77434002, "state": 2, "submissionId": 23825143, "reward": 630063, "index": 0, "initialScore": 1726.3789421497456, "initialConfidence": 35.0, "updatedScore": 1729.29158031954, "updatedConfidence": 35.0, "teamId": 99999}, {"id": 77434003, "state": 2, "submissionId": 23303548, "reward": 160016, "index": 1, "initialScore": 1620.9388671517345, "initialConfidence": 35.0, "updatedScore": 1618.02622898194, "updatedConfidence": 35.0, "teamId": 99999}]}