{"id": 31789311, "competitionId": 30067, "createTime": {"seconds": 1637704061}, "endTime": {"seconds": 1637704061}, "agents": [{"id": 78673220, "state": 2, "submissionId": 23825370, "reward": 70011, "index": 0, "initialScore": 1811.6398332357885, "initialConfidence": 35.0, "updatedScore": 1805.8314547810228, "updatedConfidence": 35.0, "teamId": 99999}, {"id": 78673221, "state": 2, "submissionId": 23642618, "reward": 160015, "index": 1, "initialScore": 1735.811029366021, "initialConfidence": 35.0, "updatedScore": 1741.619407820787, "updatedConfidence": 35.0, "teamId": 99999}]}