{"id": 32147352, "competitionId": 30067, "createTime": {"seconds": 1637955733}, "endTime": {"seconds": 1637955733}, "agents": [{"id": 79389302, "state": 2, "submissionId": 23825224, "reward": 280027, "index": 0, "initialScore": 1850.35946258326, "initialConfidence": 35.0, "updatedScore": 1848.1174426675036, "updatedConfidence": 35.0, "teamId": 99999}, {"id": 79389303, "state": 2, "submissionId": 23692494, "reward": 620025, "index": 1, "initialScore": 2009.388585794337, "initialConfidence": 35.0, "updatedScore": 2011.6306057100933, "updatedConfidence": 35.0, "teamId": 99999}]}