{"id": 29292954, "competitionId": 30067, "createTime": {"seconds": 1635500660}, "endTime": {"seconds": 1635500660}, "agents": [{"id": 73680508, "state": 2, "submissionId": 23297953, "reward": 520011, "index": 0, "initialScore": 1866.0308895513804, "initialConfidence": 35.0, "updatedScore": 1868.2767003797612, "updatedConfidence": 35.0, "teamId": 99999}, {"id": 73680509, "state": 2, "submissionId": 23243815, "reward": 1, "index": 1, "initialScore": 1707.3279659233883, "initialConfidence": 35.0, "updatedScore": 1705.0821550950077, "updatedConfidence": 35.0, "teamId": 99999}]}