{"id": 31427640, "competitionId": 30067, "createTime": {"seconds": 1637435614}, "endTime": {"seconds": 1637435614}, "agents": [{"id": 77949878, "state": 2, "submissionId": 23825224, "reward": 300028, "index": 0, "initialScore": 1854.1287187150083, "initialConfidence": 35.0, "updatedScore": 1859.9161427592487, "updatedConfidence": 35.0, "teamId": 99999}, {"id": 77949879, "state": 2, "submissionId": 23692494, "reward": 60006, "index": 1, "initialScore": 1928.8073804447388, "initialConfidence": 35.0, "updatedScore": 1923.019956400498, "updatedConfidence": 35.0, "teamId": 99999}]}