{"id": 31067624, "competitionId": 30067, "createTime": {"seconds": 1637154832}, "endTime": {"seconds": 1637154832}, "agents": [{"id": 77229846, "state": 2, "submissionId": 23825266, "reward": 360024, "index": 0, "initialScore": 1637.1611399702545, "initialConfidence": 37.42482480306389, "updatedScore": 1642.5373860422835, "updatedConfidence": 37.065259073423135, "teamId": 99999}, {"id": 77229847, "state": 2, "submissionId": 23586821, "reward": 30006, "index": 1, "initialScore": 1650.386561681592, "initialConfidence": 35.0, "updatedScore": 1645.6844203875037, "updatedConfidence": 35.0, "teamId": 99999}]}