{"id": 28696489, "competitionId": 30067, "createTime": {"seconds": 1634835866}, "endTime": {"seconds": 1634835866}, "agents": [{"id": 72489578, "state": 2, "submissionId": 23049510, "reward": 1, "index": 0, "initialScore": 1623.4393458586364, "initialConfidence": 35.0, "updatedScore": 1619.5141364398155, "updatedConfidence": 35.0, "teamId": 99999}, {"id": 72489579, "state": 2, "submissionId": 23297953, "reward": 210011, "index": 1, "initialScore": 1658.8854398489973, "initialConfidence": 35.0, "updatedScore": 1662.8106492678182, "updatedConfidence": 35.0, "teamId": 99999}]}