{"id": 28961023, "competitionId": 30067, "createTime": {"seconds": 1635139728}, "endTime": {"seconds": 1635139728}, "agents": [{"id": 73018646, "state": 2, "submissionId": 23323058, "reward": 210021, "index": 0, "initialScore": 1720.475454340446, "initialConfidence": 35.0, "updatedScore": 1716.8585016575064, "updatedConfidence": 35.0, "teamId": 99999}, {"id": 73018647, "state": 2, "submissionId": 23297953, "reward": 440009, "index": 1, "initialScore": 1776.1933514121938, "initialConfidence": 35.0, "updatedScore": 1779.8103040951337, "updatedConfidence": 35.0, "teamId": 99999}]}