{"id": 30418034, "competitionId": 30067, "createTime": {"seconds": 1636610485}, "endTime": {"seconds": 1636610485}, "agents": [{"id": 75930666, "state": 2, "submissionId": 23692494, "reward": 90007, "index": 0, "initialScore": 938.4773274193142, "initialConfidence": 119.77990601832953, "updatedScore": 954.9195788648632, "updatedConfidence": 114.47058315616894, "teamId": 99999}, {"id": 75930667, "state": 2, "submissionId": 22526665, "reward": 0, "index": 1, "initialScore": 682.1150511144896, "initialConfidence": 35.0, "updatedScore": 680.7111728887492, "updatedConfidence": 35.0, "teamId": 99999}]}