{"id": 30971906, "competitionId": 30067, "createTime": {"seconds": 1637077375}, "endTime": {"seconds": 1637077375}, "agents": [{"id": 77038410, "state": 2, "submissionId": 22570175, "reward": 1, "index": 0, "initialScore": 624.5121741877956, "initialConfidence": 35.0, "updatedScore": 620.9553015994031, "updatedConfidence": 35.0, "teamId": 99999}, {"id": 77038411, "state": 2, "submissionId": 23825370, "reward": 1500137, "index": 1, "initialScore": 600.0, "initialConfidence": 200.0, "updatedScore": 716.1427783964879, "updatedConfidence": 185.0, "teamId": 99999}]}