{"id": 31750122, "competitionId": 30067, "createTime": {"seconds": 1637675787}, "endTime": {"seconds": 1637675787}, "agents": [{"id": 78594842, "state": 2, "submissionId": 23825143, "reward": 1160037, "index": 0, "initialScore": 1831.3938714848591, "initialConfidence": 35.0, "updatedScore": 1838.5132964532293, "updatedConfidence": 35.0, "teamId": 99999}, {"id": 78594843, "state": 2, "submissionId": 23692494, "reward": 30018, "index": 1, "initialScore": 1976.4782683271933, "initialConfidence": 35.0, "updatedScore": 1969.3588433588236, "updatedConfidence": 35.0, "teamId": 99999}]}