{"id": 30841913, "competitionId": 30067, "createTime": {"seconds": 1636970676}, "endTime": {"seconds": 1636970676}, "agents": [{"id": 76778424, "state": 2, "submissionId": 23642602, "reward": 0, "index": 0, "initialScore": 1758.568070597536, "initialConfidence": 35.0, "updatedScore": 1756.8706555255162, "updatedConfidence": 35.0, "teamId": 99999}, {"id": 76778425, "state": 2, "submissionId": 23281649, "reward": 60010, "index": 1, "initialScore": 1968.3107919241525, "initialConfidence": 35.0, "updatedScore": 1970.008206996172, "updatedConfidence": 35.0, "teamId": 99999}]}