{"id": 31098712, "competitionId": 30067, "createTime": {"seconds": 1637179584}, "endTime": {"seconds": 1637179584}, "agents": [{"id": 77292022, "state": 2, "submissionId": 23825143, "reward": 1200117, "index": 0, "initialScore": 1704.099342134302, "initialConfidence": 35.0, "updatedScore": 1708.472508156672, "updatedConfidence": 35.0, "teamId": 99999}, {"id": 77292023, "state": 2, "submissionId": 23600395, "reward": 230022, "index": 1, "initialScore": 1696.8623235984246, "initialConfidence": 35.0, "updatedScore": 1692.4891575760544, "updatedConfidence": 35.0, "teamId": 99999}]}