{"id": 30978163, "competitionId": 30067, "createTime": {"seconds": 1637082414}, "endTime": {"seconds": 1637082414}, "agents": [{"id": 77050924, "state": 2, "submissionId": 23825370, "reward": 580056, "index": 0, "initialScore": 1409.6995813941835, "initialConfidence": 62.99295771410884, "updatedScore": 1421.9822626462455, "updatedConfidence": 61.48465428286084, "teamId": 99999}, {"id": 77050925, "state": 2, "submissionId": 23421891, "reward": 1, "index": 1, "initialScore": 1371.558195927112, "initialConfidence": 35.0, "updatedScore": 1367.7663972586968, "updatedConfidence": 35.0, "teamId": 99999}]}