{"id": 30982027, "competitionId": 30067, "createTime": {"seconds": 1637085789}, "endTime": {"seconds": 1637085789}, "agents": [{"id": 77058652, "state": 2, "submissionId": 23825329, "reward": 320027, "index": 0, "initialScore": 1634.6197611128164, "initialConfidence": 47.74260543936511, "updatedScore": 1641.8686627619254, "updatedConfidence": 47.063330210178805, "teamId": 99999}, {"id": 77058653, "state": 2, "submissionId": 23600585, "reward": 0, "index": 1, "initialScore": 1599.6707768931085, "initialConfidence": 35.0, "updatedScore": 1595.7749821762716, "updatedConfidence": 35.0, "teamId": 99999}]}